employee_id,age,department,work_mode,tenure_months,monthly_salary,months_since_last_hike,productivity_score,leaves_last_90_days,manager_change_count,performance_rating,Attrition
1,59,HR,Onsite,138,140990,1,9.92,1,0,2,0
2,49,Finance,Hybrid,99,34791,12,4.8,4,0,5,0
3,35,Engineering,Remote,84,161401,29,2.18,3,0,3,1
4,28,Finance,Remote,146,91032,33,9.72,1,0,5,1
5,41,HR,Remote,45,118662,29,9.86,2,0,4,0
6,59,Marketing,Hybrid,108,51300,23,2.68,3,0,2,1
7,39,Support,Remote,62,105700,32,8.78,1,0,3,1
8,43,Support,Hybrid,59,85609,9,4.51,0,0,2,0
9,31,Finance,Remote,177,120045,17,4.43,3,0,4,0
10,31,Sales,Hybrid,160,91901,18,3.36,1,0,3,1
11,44,Support,Remote,138,35703,6,1.4,1,1,3,0
12,56,Marketing,Onsite,11,93115,18,3.41,1,1,2,0
13,44,Finance,Onsite,102,57676,23,1.48,0,0,5,1
14,23,HR,Onsite,70,151332,14,9.32,1,0,5,0
15,42,Marketing,Onsite,123,197995,22,6.96,2,0,1,1
16,22,Finance,Remote,175,59802,3,8.98,4,0,1,0
17,44,Marketing,Onsite,34,120331,3,7.46,1,0,3,1
18,50,Support,Hybrid,101,154786,4,2.18,2,1,2,1
19,58,HR,Onsite,145,95169,22,9.47,2,1,3,0
20,22,Finance,Onsite,104,98147,10,9.1,0,0,2,0
21,41,Engineering,Onsite,40,52075,10,4.13,1,3,4,0
22,53,HR,Remote,19,112015,12,2.0,0,2,1,0
23,32,Engineering,Onsite,67,39304,13,7.34,3,0,3,0
24,42,Marketing,Hybrid,82,159851,7,7.56,5,2,4,1
25,45,Sales,Onsite,64,150729,24,9.07,3,0,5,0
26,47,HR,Onsite,83,89622,17,1.47,0,1,1,0
27,48,Marketing,Onsite,47,84215,17,2.28,0,0,2,0
28,36,Engineering,Hybrid,6,103973,9,6.38,1,3,5,0
29,35,Support,Onsite,16,138654,6,6.57,1,0,5,0
30,23,Support,Hybrid,146,173593,13,1.3,1,1,4,0
31,57,Sales,Hybrid,176,54028,14,4.57,1,1,3,0
32,27,HR,Onsite,171,69328,15,6.26,3,0,3,0
33,41,HR,Hybrid,39,57301,1,7.64,1,0,4,0
34,29,HR,Remote,177,68015,29,3.85,1,0,5,1
35,59,Marketing,Onsite,113,66845,29,5.36,2,0,1,0
36,38,Sales,Onsite,140,116818,17,8.33,2,0,5,0
37,24,HR,Hybrid,138,106394,30,9.59,2,0,4,0
38,45,Marketing,Hybrid,71,73714,12,3.07,3,1,5,1
39,34,Support,Onsite,110,110722,19,3.28,1,0,5,0
40,29,Engineering,Remote,55,55230,34,9.46,0,1,5,1
41,46,Marketing,Hybrid,129,122554,22,4.56,3,0,5,0
42,22,Support,Hybrid,49,79262,32,7.47,4,0,1,0
43,40,Support,Remote,164,71722,34,6.51,4,1,2,1
44,48,Engineering,Remote,21,92796,35,3.57,1,0,2,0
45,27,Support,Onsite,37,117052,19,6.88,5,0,3,1
46,28,Sales,Remote,116,130808,2,6.9,1,2,2,0
47,55,Engineering,Onsite,24,166311,7,6.33,2,0,2,0
48,34,Support,Remote,55,121951,31,1.9,5,1,2,1
49,37,Finance,Hybrid,25,80886,28,9.96,3,0,5,0
50,56,Marketing,Onsite,135,133424,6,4.6,5,0,5,0
51,24,Support,Onsite,127,188267,1,6.74,2,2,1,0
52,22,Sales,Onsite,93,134697,20,8.97,4,0,5,0
53,26,HR,Remote,94,126299,5,4.81,3,1,5,0
54,24,Support,Hybrid,71,195746,27,7.97,3,0,2,0
55,49,HR,Onsite,122,179177,35,9.75,1,0,1,0
56,38,Finance,Onsite,24,190811,31,4.23,1,1,1,0
57,46,Support,Onsite,11,193041,8,4.65,0,1,2,1
58,54,Engineering,Onsite,73,44497,10,9.15,2,0,2,1
59,30,HR,Hybrid,12,162888,22,2.44,1,0,1,1
60,56,Finance,Remote,35,148915,10,1.26,1,1,4,0
61,34,Engineering,Hybrid,141,122019,1,9.18,3,0,2,0
62,51,Engineering,Onsite,23,139017,2,8.39,1,0,2,0
63,35,Engineering,Hybrid,83,99385,10,9.75,3,1,1,0
64,28,Engineering,Onsite,167,135153,34,1.52,2,0,4,1
65,34,Support,Remote,88,63826,14,2.41,3,0,4,0
66,43,Marketing,Remote,80,140034,10,1.95,2,0,3,0
67,41,Support,Remote,97,114242,30,7.15,2,0,4,1
68,36,Support,Onsite,140,153066,27,6.45,3,1,2,1
69,38,Finance,Hybrid,34,80100,27,4.23,2,0,5,0
70,44,Finance,Remote,75,155170,31,1.52,1,0,1,0
71,46,Marketing,Onsite,159,165431,24,6.76,2,0,2,0
72,45,Finance,Onsite,128,126205,19,6.13,2,0,1,0
73,49,Sales,Hybrid,141,42809,27,2.02,0,0,4,0
74,35,Marketing,Remote,31,94450,24,9.18,0,1,1,0
75,21,Finance,Onsite,130,68428,10,2.79,2,0,2,0
76,45,Marketing,Hybrid,103,102790,18,7.69,4,0,5,1
77,27,Support,Remote,15,141126,27,8.97,2,1,2,0
78,29,Support,Hybrid,57,120321,0,6.22,2,0,3,0
79,44,Marketing,Hybrid,75,32093,4,3.22,4,0,1,0
80,21,Sales,Onsite,34,74498,9,3.78,2,0,2,0
81,28,Sales,Onsite,103,146251,33,8.97,3,1,4,0
82,44,Marketing,Onsite,75,70985,35,3.68,2,1,4,0
83,31,Finance,Hybrid,29,62009,1,7.72,2,0,2,1
84,37,HR,Onsite,16,158515,17,9.91,0,0,3,1
85,28,Sales,Hybrid,167,47718,12,10.0,3,0,1,0
86,55,Engineering,Hybrid,77,46705,4,5.8,1,0,3,0
87,55,Support,Onsite,37,117618,19,8.44,1,1,5,1
88,53,Marketing,Remote,81,92598,1,9.91,1,0,2,0
89,25,Engineering,Remote,149,107878,10,4.37,4,0,3,0
90,59,Marketing,Remote,172,42239,29,3.27,1,1,5,0
91,48,Support,Hybrid,124,76622,31,2.03,2,0,3,0
92,27,Support,Hybrid,19,76665,31,2.27,0,2,5,1
93,29,Sales,Hybrid,102,62274,27,8.68,2,0,4,0
94,28,Sales,Onsite,136,172491,9,6.3,0,0,4,0
95,32,Engineering,Hybrid,77,138368,21,8.86,4,2,2,1
96,54,Marketing,Onsite,41,176075,16,8.11,1,1,3,0
97,53,Support,Onsite,61,191938,21,7.06,5,1,4,0
98,43,Engineering,Remote,26,183060,18,6.48,2,0,1,0
99,44,HR,Remote,71,138563,16,1.44,2,1,4,1
100,57,Engineering,Remote,103,166746,23,8.85,4,1,4,0
101,55,Finance,Onsite,70,123103,35,4.76,0,0,3,0
102,42,Engineering,Onsite,107,96446,31,6.04,1,1,5,0
103,47,Finance,Onsite,157,59072,35,1.2,5,0,1,1
104,55,Finance,Hybrid,107,63717,27,9.42,1,0,1,0
105,21,Finance,Onsite,103,187723,13,9.12,1,2,5,0
106,55,HR,Remote,19,147202,35,5.89,1,0,3,0
107,57,Engineering,Remote,68,152389,5,6.2,1,0,4,0
108,34,Engineering,Onsite,70,139525,8,7.35,1,0,5,0
109,23,HR,Onsite,113,34646,20,3.38,1,2,1,1
110,21,Support,Remote,57,69713,11,3.0,3,0,1,0
111,25,Sales,Onsite,165,97936,29,7.07,3,1,4,1
112,46,Engineering,Remote,61,52185,30,1.94,1,1,4,0
113,34,Sales,Hybrid,92,114263,3,5.09,2,1,2,0
114,59,Marketing,Remote,30,82107,30,5.43,3,1,5,1
115,47,Marketing,Hybrid,153,47563,26,4.43,3,0,4,0
116,29,HR,Onsite,127,100729,24,2.67,1,0,2,1
117,35,Marketing,Onsite,115,45701,4,4.2,2,1,3,0
118,35,Marketing,Hybrid,6,158331,5,4.04,3,2,1,0
119,46,Support,Onsite,18,190482,4,5.49,5,2,5,0
120,33,Support,Hybrid,10,129280,26,7.07,2,0,3,0
121,52,Support,Onsite,92,68665,7,9.71,5,2,5,0
122,59,Marketing,Remote,139,45957,8,2.3,2,1,5,0
123,52,HR,Onsite,77,76008,14,8.86,4,1,4,0
124,24,Finance,Remote,101,91920,35,3.56,2,0,2,1
125,50,Finance,Remote,84,193947,6,6.32,2,0,5,1
126,57,Sales,Hybrid,52,143828,31,5.92,1,0,3,0
127,43,Finance,Onsite,31,153852,7,6.01,2,0,5,0
128,59,Finance,Hybrid,145,162698,14,7.51,1,0,2,0
129,35,Support,Onsite,110,120815,18,4.44,1,0,1,0
130,49,Support,Remote,93,194714,5,3.87,0,0,5,0
131,56,Marketing,Remote,164,68311,18,8.68,2,1,3,0
132,33,Sales,Onsite,154,62356,27,2.98,5,0,1,1
133,52,Engineering,Onsite,53,33809,16,2.62,3,1,1,0
134,27,Sales,Hybrid,145,64875,18,1.14,1,0,4,1
135,42,Sales,Onsite,86,39465,30,2.9,2,1,4,1
136,48,HR,Onsite,153,103844,10,5.67,2,0,5,0
137,22,Marketing,Onsite,2,116889,14,5.85,2,1,3,1
138,26,HR,Hybrid,86,45250,9,3.29,3,1,4,0
139,48,Sales,Onsite,133,76023,22,1.65,6,1,2,0
140,48,Sales,Remote,4,131350,2,7.7,3,0,2,0
141,40,Sales,Hybrid,164,46427,2,7.82,3,0,1,0
142,50,Finance,Hybrid,6,194348,17,9.98,3,1,1,1
143,31,HR,Remote,149,101643,24,9.1,1,0,1,0
144,48,Sales,Remote,118,164511,19,9.33,2,0,2,1
145,45,Support,Remote,89,108672,28,8.18,2,0,4,0
146,59,Marketing,Onsite,154,47300,21,6.54,0,0,4,0
147,53,Marketing,Remote,167,90289,14,2.16,2,0,5,0
148,21,Support,Onsite,161,178254,9,6.6,3,0,3,0
149,47,Marketing,Hybrid,14,187981,20,1.5,2,1,2,0
150,33,Finance,Hybrid,56,49659,28,8.97,1,0,1,1
151,23,Finance,Remote,81,192475,31,5.34,2,2,3,1
152,59,Engineering,Onsite,149,194658,9,7.28,1,0,1,0
153,26,Engineering,Remote,46,40360,12,1.47,2,0,3,0
154,28,Engineering,Remote,144,51424,22,5.81,0,1,3,1
155,47,Marketing,Onsite,16,128035,22,3.71,0,0,4,0
156,29,Finance,Remote,120,78791,30,3.56,4,1,5,1
157,57,Finance,Hybrid,84,164137,3,4.51,3,1,5,0
158,53,Finance,Remote,157,42300,2,1.01,0,0,1,0
159,44,Support,Onsite,8,63370,20,5.2,0,0,2,1
160,35,Finance,Onsite,88,57209,1,5.38,3,0,5,0
161,52,Support,Hybrid,131,50927,3,8.77,2,1,2,1
162,52,Engineering,Onsite,19,64579,0,5.04,4,1,1,0
163,44,Engineering,Onsite,97,39032,14,4.27,4,1,2,0
164,32,Marketing,Hybrid,66,123254,32,9.95,1,0,3,0
165,59,Engineering,Remote,79,108413,5,6.14,0,0,3,0
166,22,Marketing,Hybrid,86,143528,6,5.25,3,1,1,0
167,23,Sales,Remote,124,153916,18,5.46,3,0,2,0
168,57,Sales,Hybrid,150,102302,0,8.28,1,1,2,0
169,37,HR,Remote,46,115757,18,4.07,1,0,1,0
170,22,Marketing,Hybrid,113,186174,25,4.5,4,0,5,0
171,22,HR,Remote,91,195505,11,7.8,2,1,4,0
172,48,HR,Hybrid,141,45932,21,1.66,1,0,5,0
173,43,Sales,Remote,33,55714,12,8.79,1,3,4,0
174,57,Marketing,Hybrid,133,87803,27,4.87,1,1,2,0
175,52,Sales,Onsite,77,163624,13,6.23,3,1,4,1
176,53,HR,Remote,155,86627,21,7.82,1,1,4,0
177,21,Marketing,Hybrid,121,109810,29,3.39,2,0,2,1
178,39,HR,Remote,128,75380,19,9.01,2,1,3,0
179,22,Finance,Remote,78,190322,26,9.81,1,0,4,0
180,46,Marketing,Hybrid,152,94686,33,5.45,2,0,1,1
181,52,Marketing,Remote,67,150321,0,9.43,1,1,5,0
182,26,HR,Hybrid,115,75028,14,1.01,0,1,2,0
183,52,Finance,Onsite,63,176367,31,9.05,0,1,2,1
184,24,Support,Remote,113,143141,7,3.8,5,1,4,0
185,31,Sales,Onsite,94,85248,32,3.8,1,0,3,1
186,37,HR,Remote,48,40523,17,3.05,0,2,3,0
187,58,Marketing,Remote,12,75530,28,3.85,5,0,5,0
188,44,Sales,Remote,156,43769,31,2.92,2,2,5,0
189,25,Sales,Hybrid,172,142035,32,9.15,2,0,3,0
190,54,Sales,Onsite,171,186629,4,9.09,3,0,3,0
191,26,Support,Remote,145,109782,17,1.92,2,1,3,0
192,42,Engineering,Hybrid,40,108382,9,2.29,0,4,4,1
193,31,HR,Remote,177,198157,35,8.76,1,0,1,1
194,36,Engineering,Hybrid,85,140939,32,4.59,2,1,5,0
195,53,Engineering,Remote,57,174542,22,2.52,0,0,2,0
196,29,Engineering,Onsite,87,108712,4,5.6,0,0,3,0
197,26,Sales,Onsite,84,148643,33,4.75,0,2,3,0
198,36,Finance,Remote,121,137417,23,2.97,1,0,1,1
199,49,Sales,Hybrid,74,167877,16,7.49,2,0,3,0
200,23,Sales,Remote,107,158256,30,6.68,2,1,5,0
201,40,Marketing,Hybrid,124,131422,6,1.9,1,3,3,0
202,56,Marketing,Remote,100,119300,16,9.33,0,2,1,0
203,39,Engineering,Hybrid,43,36630,27,6.03,3,0,4,0
204,46,Sales,Onsite,119,154474,21,3.25,3,1,5,0
205,23,Engineering,Remote,23,128869,14,2.86,3,0,4,0
206,39,Marketing,Onsite,155,45701,14,2.22,1,2,2,0
207,40,Finance,Onsite,37,175931,24,4.82,2,0,1,0
208,52,HR,Remote,134,182255,20,2.22,1,0,2,1
209,27,Engineering,Remote,65,127285,1,4.74,2,0,2,0
210,53,Finance,Hybrid,134,147556,26,2.34,2,1,2,0
211,59,HR,Hybrid,178,45021,31,6.91,1,1,2,1
212,38,Support,Onsite,22,94361,20,8.07,0,0,1,0
213,21,Engineering,Hybrid,105,162317,3,5.95,0,1,4,0
214,31,Engineering,Hybrid,88,40355,18,7.12,3,0,3,0
215,48,Support,Remote,153,128841,1,9.45,2,2,2,0
216,45,Support,Hybrid,125,190786,25,6.75,0,0,3,0
217,43,Engineering,Onsite,79,47198,33,4.28,1,0,3,1
218,51,Support,Hybrid,90,96951,13,5.05,0,2,2,1
219,50,Sales,Onsite,51,162724,14,8.74,1,0,5,0
220,55,HR,Remote,176,48740,19,2.18,2,1,3,0
221,27,HR,Onsite,102,33810,33,3.93,1,4,5,1
222,36,HR,Hybrid,106,153743,35,6.2,3,0,4,0
223,46,Sales,Remote,60,177641,18,7.09,3,1,3,0
224,22,Support,Hybrid,46,129855,8,7.87,3,0,1,0
225,21,Finance,Remote,36,56783,6,3.86,1,0,4,0
226,32,Support,Remote,166,151701,29,2.31,2,0,4,0
227,25,Engineering,Hybrid,11,108047,12,9.59,2,0,5,0
228,57,Marketing,Hybrid,12,39471,26,1.69,1,1,2,1
229,52,HR,Remote,170,140771,34,1.86,1,0,1,0
230,29,Support,Remote,39,36163,12,5.45,0,0,1,0
231,55,Finance,Hybrid,139,92071,14,8.37,1,0,5,0
232,39,Engineering,Onsite,36,46065,8,7.97,0,1,5,0
233,36,Sales,Hybrid,52,152323,22,9.44,1,0,4,0
234,23,Sales,Remote,31,147969,35,2.27,0,0,5,0
235,40,Finance,Hybrid,33,113456,2,4.38,3,1,2,0
236,44,Engineering,Onsite,141,49154,33,3.54,3,0,4,1
237,53,HR,Hybrid,146,135703,18,8.75,3,0,4,0
238,44,Support,Remote,169,50229,27,5.4,1,0,4,0
239,31,Engineering,Hybrid,58,82587,22,1.24,0,0,1,1
240,28,Sales,Remote,152,79713,6,7.37,2,1,1,0
241,56,Finance,Remote,128,188069,11,4.5,2,1,4,0
242,58,Finance,Hybrid,31,51101,13,5.78,1,0,2,0
243,40,Support,Remote,55,70391,14,9.04,2,1,3,1
244,55,Finance,Remote,10,102723,2,3.31,1,1,4,1
245,45,Finance,Onsite,130,196020,14,3.16,6,1,5,1
246,55,Engineering,Onsite,15,130264,23,3.37,0,0,3,0
247,45,HR,Onsite,3,67921,7,4.04,0,0,1,0
248,49,Support,Onsite,43,58460,4,1.97,1,0,1,0
249,38,Engineering,Remote,159,182143,3,7.27,3,0,3,0
250,38,HR,Hybrid,67,121725,13,2.87,1,0,5,1
251,22,Engineering,Remote,56,88445,15,9.34,2,0,1,0
252,55,Marketing,Remote,63,112208,19,2.94,3,0,1,0
253,36,Engineering,Remote,15,136283,23,3.3,1,2,4,1
254,56,Finance,Hybrid,109,115779,5,3.67,2,1,2,1
255,53,HR,Onsite,116,33060,30,7.92,1,0,5,0
256,24,Support,Remote,92,155806,5,4.85,2,0,4,0
257,53,Support,Remote,138,43731,34,8.37,5,1,2,1
258,34,HR,Onsite,166,107830,14,8.06,0,0,1,1
259,41,Finance,Remote,47,145871,28,9.37,2,1,2,1
260,40,Sales,Hybrid,57,50719,2,7.81,3,1,1,0
261,28,Engineering,Remote,50,79116,10,1.47,0,1,4,1
262,27,Finance,Remote,71,56325,2,8.54,1,3,1,0
263,23,Marketing,Onsite,143,183669,27,9.44,4,1,2,0
264,37,HR,Remote,146,44551,9,9.94,1,0,4,0
265,53,Engineering,Remote,82,123287,32,2.13,2,1,2,0
266,32,Support,Hybrid,116,54278,15,6.52,3,0,2,0
267,42,Sales,Onsite,105,45141,9,2.8,1,0,3,0
268,42,Marketing,Onsite,88,97913,32,3.36,1,0,1,1
269,50,Support,Hybrid,2,63615,35,7.71,1,0,1,0
270,58,HR,Remote,104,152058,2,9.8,1,0,2,0
271,58,Engineering,Onsite,84,142684,4,6.35,2,0,1,0
272,28,HR,Onsite,43,57452,11,8.66,2,1,5,0
273,47,Engineering,Remote,154,183797,12,1.08,0,0,1,0
274,47,Finance,Remote,71,80391,23,1.33,3,1,4,1
275,54,Sales,Onsite,166,150288,31,6.37,4,0,1,0
276,41,Finance,Remote,94,143535,15,4.5,2,0,5,0
277,50,Finance,Onsite,42,172770,31,9.01,1,0,2,0
278,53,HR,Remote,133,116711,35,3.72,0,1,1,1
279,48,Sales,Remote,139,107850,20,4.89,1,0,4,1
280,53,Engineering,Hybrid,65,139733,11,5.75,5,0,5,1
281,25,Engineering,Remote,34,32365,20,3.46,1,1,3,1
282,39,Marketing,Hybrid,120,127662,20,9.18,2,0,2,0
283,24,Support,Remote,1,73372,5,5.18,2,2,2,1
284,55,Marketing,Onsite,130,74134,8,4.82,1,0,2,0
285,37,Marketing,Onsite,148,67823,0,8.65,3,0,5,0
286,48,Engineering,Remote,61,101158,11,3.81,3,0,1,0
287,50,HR,Remote,149,126076,13,8.36,3,1,1,0
288,49,Finance,Onsite,88,163021,5,2.1,2,1,1,1
289,26,Finance,Remote,68,79396,0,2.65,5,0,1,0
290,55,Finance,Hybrid,127,138336,21,9.56,2,0,2,0
291,57,Sales,Hybrid,140,61912,33,8.58,1,0,3,1
292,44,Engineering,Hybrid,22,86947,10,4.49,0,0,2,1
293,49,HR,Hybrid,148,74387,2,6.75,1,3,3,0
294,51,Sales,Hybrid,82,46508,5,9.49,2,1,3,0
295,55,Support,Remote,129,75592,5,2.91,1,0,1,0
296,53,HR,Remote,30,139249,19,1.53,3,1,4,0
297,41,Marketing,Hybrid,126,31919,20,5.84,0,0,5,0
298,52,HR,Remote,97,72595,1,2.28,1,2,4,0
299,43,HR,Remote,24,170689,25,2.69,1,0,3,0
300,53,Finance,Hybrid,14,63298,30,9.02,1,0,4,0
301,23,HR,Remote,36,168001,25,1.07,2,0,3,1
302,38,Marketing,Remote,24,44456,31,8.35,2,0,2,0
303,45,Marketing,Remote,95,139599,9,5.65,1,1,2,1
304,51,Engineering,Hybrid,55,116676,22,6.03,1,0,1,1
305,23,HR,Remote,24,113721,5,7.05,1,1,5,0
306,44,Finance,Onsite,152,67924,22,4.88,1,1,2,0
307,52,HR,Onsite,26,54240,27,2.04,1,1,5,1
308,42,Support,Hybrid,80,117381,29,1.93,4,0,1,1
309,43,Support,Onsite,166,39228,13,7.79,0,0,5,0
310,22,Finance,Hybrid,65,51686,31,2.99,1,1,2,1
311,47,Engineering,Onsite,75,41920,33,1.25,2,0,2,1
312,22,Engineering,Onsite,179,37432,21,9.82,2,1,4,0
313,46,Marketing,Onsite,163,140507,30,9.82,1,3,4,0
314,37,Marketing,Hybrid,43,160509,6,4.4,3,0,4,0
315,53,Sales,Hybrid,29,101725,20,1.23,1,1,5,0
316,29,Finance,Remote,165,194982,15,7.55,3,0,2,0
317,59,HR,Hybrid,81,151764,19,8.48,1,0,1,0
318,49,Finance,Onsite,54,191298,18,2.13,0,0,3,0
319,46,Sales,Onsite,39,89099,31,2.22,2,0,2,0
320,55,Marketing,Hybrid,42,142557,14,8.4,4,3,4,1
321,45,Finance,Hybrid,156,116760,4,9.3,5,0,4,0
322,44,Finance,Hybrid,29,48013,10,8.12,2,1,5,0
323,33,Marketing,Remote,171,51446,14,2.81,2,2,4,0
324,27,Sales,Onsite,131,135209,28,4.7,0,0,5,0
325,56,Marketing,Remote,138,132261,3,6.41,0,0,1,0
326,40,Engineering,Remote,142,125739,35,2.44,3,0,4,0
327,21,HR,Onsite,175,30557,22,2.9,3,0,5,0
328,28,Marketing,Onsite,42,191738,14,3.55,2,1,4,0
329,36,Sales,Hybrid,94,198461,2,5.59,1,0,5,0
330,34,Support,Hybrid,160,160878,31,5.6,3,1,2,1
331,32,Engineering,Remote,32,129143,9,8.33,2,1,5,0
332,43,Support,Hybrid,170,54578,21,7.78,3,3,3,0
333,35,Marketing,Hybrid,160,104779,13,9.22,1,0,1,0
334,48,Engineering,Onsite,26,170668,16,8.5,3,2,2,0
335,54,HR,Onsite,115,87500,20,3.28,4,0,1,0
336,22,Marketing,Hybrid,129,102534,14,3.98,2,0,2,1
337,52,HR,Onsite,56,40129,14,5.5,1,1,4,0
338,43,Finance,Hybrid,122,41596,0,1.13,1,0,5,0
339,42,Support,Onsite,106,95355,23,9.14,0,0,4,1
340,45,Engineering,Onsite,130,42974,11,1.4,3,1,1,1
341,42,HR,Onsite,81,142004,9,3.9,5,0,1,0
342,42,Sales,Onsite,158,156794,30,6.12,3,0,2,1
343,26,HR,Hybrid,120,100202,10,5.66,0,0,1,1
344,35,Sales,Remote,52,104442,15,6.89,0,1,5,0
345,57,Marketing,Onsite,91,182890,8,5.75,3,0,1,0
346,53,Engineering,Hybrid,137,85598,13,3.06,2,0,4,0
347,28,HR,Hybrid,22,163726,18,2.81,0,0,5,0
348,25,HR,Onsite,34,63758,30,9.17,1,0,1,1
349,59,Engineering,Remote,110,54204,8,3.38,1,2,3,1
350,24,HR,Onsite,49,157309,35,3.53,3,0,3,0
351,26,Sales,Hybrid,129,196000,25,4.72,5,0,4,0
352,52,HR,Remote,73,60552,7,2.25,3,1,2,0
353,50,Support,Hybrid,84,171408,23,5.57,3,0,2,1
354,55,Marketing,Onsite,53,77037,7,6.99,1,1,1,0
355,36,Finance,Remote,100,177278,18,8.07,1,0,5,1
356,33,Sales,Hybrid,124,64831,29,7.4,2,0,2,1
357,50,Support,Hybrid,168,73563,21,2.33,1,0,3,1
358,39,Marketing,Hybrid,45,48361,8,5.1,2,2,2,0
359,37,Engineering,Onsite,137,71335,3,1.35,2,0,3,0
360,39,Sales,Remote,105,104469,7,1.16,1,0,2,0
361,48,Finance,Onsite,150,55816,0,4.96,5,0,4,1
362,46,Marketing,Onsite,146,176691,27,3.28,1,0,5,0
363,57,Finance,Onsite,106,122479,5,7.15,1,1,1,0
364,46,Engineering,Remote,43,56819,35,7.52,4,0,3,1
365,43,Engineering,Onsite,167,172813,10,9.06,1,0,2,0
366,29,Sales,Onsite,134,152330,4,7.85,0,0,1,0
367,32,HR,Onsite,48,38798,23,1.43,1,0,3,1
368,21,Engineering,Onsite,126,186215,17,4.34,3,0,3,0
369,21,Marketing,Hybrid,7,79695,19,3.46,5,1,4,0
370,54,HR,Onsite,16,193819,27,4.48,5,1,2,1
371,52,Support,Hybrid,129,159544,12,2.44,2,0,1,0
372,45,Finance,Onsite,115,182254,4,1.88,4,1,2,0
373,21,HR,Remote,37,39415,29,5.69,1,1,2,0
374,36,Finance,Hybrid,165,172157,0,7.48,3,2,5,0
375,59,HR,Hybrid,125,176080,21,7.32,3,1,3,0
376,25,Support,Hybrid,81,117638,17,5.06,2,0,3,0
377,42,Engineering,Hybrid,62,48452,4,5.7,2,2,5,0
378,49,Support,Remote,72,169192,30,5.65,1,1,5,0
379,23,Engineering,Onsite,125,140205,5,7.22,4,1,2,0
380,32,Engineering,Hybrid,161,48170,26,1.43,3,0,3,0
381,46,Finance,Remote,66,46259,24,7.39,1,0,1,0
382,36,Marketing,Hybrid,30,52099,28,6.24,2,0,4,0
383,57,Support,Onsite,20,170721,27,2.78,1,1,5,1
384,42,HR,Hybrid,82,159394,15,1.44,1,2,1,0
385,49,Support,Remote,107,89258,11,1.98,0,0,1,1
386,34,Finance,Onsite,152,41805,19,5.72,2,0,2,1
387,48,Engineering,Remote,132,73147,17,7.83,1,0,5,0
388,25,Finance,Onsite,37,104280,33,4.01,1,0,1,1
389,50,Sales,Onsite,132,136777,22,4.41,0,0,4,0
390,25,Sales,Onsite,77,127841,26,9.41,1,0,1,0
391,32,HR,Hybrid,89,154726,16,2.92,0,0,4,0
392,36,Finance,Remote,146,158359,20,1.93,3,0,4,0
393,46,HR,Remote,88,106215,30,4.09,2,0,4,0
394,46,HR,Remote,176,142909,2,7.71,0,1,5,0
395,41,Sales,Onsite,33,125365,16,6.63,1,1,4,0
396,59,HR,Hybrid,58,40985,25,4.74,2,2,5,0
397,56,Sales,Onsite,28,42391,22,9.68,2,0,1,1
398,53,Engineering,Remote,35,34861,5,7.61,2,0,4,0
399,50,Finance,Hybrid,125,64364,27,1.56,5,0,3,1
400,57,HR,Hybrid,138,112399,7,7.7,3,0,1,0
401,43,Sales,Hybrid,65,72923,7,1.22,3,0,3,1
402,30,Support,Remote,42,168991,18,6.85,5,0,3,0
403,25,HR,Hybrid,85,115818,28,2.89,1,1,2,0
404,56,Marketing,Hybrid,137,195912,22,7.27,0,0,5,0
405,54,Engineering,Onsite,111,101160,31,3.79,0,0,2,0
406,51,Engineering,Onsite,15,158165,9,8.86,6,2,5,0
407,30,Support,Hybrid,69,169248,26,4.03,1,1,2,1
408,39,Sales,Hybrid,105,63529,0,6.58,1,0,1,1
409,52,HR,Onsite,150,174013,28,3.57,2,0,3,0
410,21,Sales,Onsite,64,31669,2,9.25,2,1,1,1
411,25,Engineering,Onsite,41,147373,30,8.03,2,0,5,0
412,24,Sales,Remote,71,74859,10,3.19,3,1,3,1
413,36,Engineering,Remote,56,85786,21,9.54,3,1,3,0
414,44,Sales,Onsite,151,50323,17,4.21,1,0,5,0
415,36,Support,Hybrid,25,36021,34,6.87,1,1,1,1
416,22,Finance,Onsite,105,69807,5,7.69,3,2,3,1
417,48,Support,Remote,134,158305,2,1.21,1,0,1,0
418,52,Support,Hybrid,119,80355,4,9.63,1,0,1,0
419,47,Finance,Remote,162,143415,8,4.1,2,0,1,0
420,40,Finance,Hybrid,9,38711,27,2.71,4,0,3,0
421,44,HR,Remote,60,37904,18,8.66,2,1,4,0
422,32,HR,Hybrid,125,94033,27,7.33,0,4,2,1
423,55,Support,Hybrid,49,116478,26,1.78,4,2,5,0
424,53,Support,Hybrid,51,150035,12,2.05,4,1,1,0
425,53,Engineering,Hybrid,70,33093,20,7.44,2,0,3,0
426,57,Engineering,Remote,37,54918,26,1.67,1,0,5,0
427,32,HR,Remote,31,170466,5,9.25,6,0,4,0
428,23,Marketing,Hybrid,169,154501,10,7.67,3,0,4,0
429,21,Marketing,Hybrid,62,122510,16,4.02,0,0,3,0
430,53,HR,Remote,93,123708,6,4.27,2,1,1,0
431,30,Engineering,Hybrid,14,127819,29,5.56,2,0,4,0
432,49,Engineering,Hybrid,164,174352,20,4.25,2,3,4,0
433,33,Marketing,Hybrid,164,66303,0,8.05,3,0,4,0
434,32,Sales,Onsite,79,57453,24,9.77,3,0,3,1
435,51,Sales,Hybrid,8,138886,31,6.26,1,0,5,1
436,22,Engineering,Onsite,154,90695,7,5.01,3,0,2,1
437,55,Sales,Hybrid,36,186837,4,3.0,1,0,3,0
438,43,Finance,Remote,48,163412,29,6.88,3,2,1,1
439,37,HR,Onsite,85,68057,7,7.17,1,0,3,0
440,46,HR,Onsite,28,161669,18,7.17,0,0,3,1
441,28,Engineering,Hybrid,51,124655,29,1.24,3,0,2,1
442,49,Support,Hybrid,104,45025,14,9.09,1,1,2,0
443,46,Marketing,Onsite,170,37145,35,4.04,5,2,2,1
444,30,Engineering,Remote,101,131206,26,7.7,0,1,5,0
445,46,Sales,Remote,29,71723,12,7.84,3,0,3,0
446,54,Marketing,Hybrid,127,103230,13,6.85,3,1,1,0
447,27,Support,Remote,82,165902,29,4.55,2,0,2,1
448,24,Sales,Remote,10,185002,12,6.48,2,0,2,0
449,31,Finance,Hybrid,106,184824,15,1.36,2,0,3,1
450,49,Sales,Remote,167,138138,6,7.86,2,0,1,0
451,56,Finance,Hybrid,1,92040,26,1.9,1,1,2,1
452,45,Marketing,Onsite,39,138668,34,4.57,1,1,3,0
453,41,Finance,Hybrid,21,85030,14,1.93,4,1,4,0
454,56,Marketing,Onsite,65,86815,27,8.53,0,0,5,0
455,30,Marketing,Onsite,15,142789,34,5.95,4,1,3,1
456,57,Marketing,Remote,132,196762,6,7.22,3,0,2,0
457,29,Marketing,Remote,61,87923,19,7.14,1,2,1,1
458,44,Marketing,Remote,148,197644,31,8.57,1,0,4,0
459,55,Sales,Hybrid,138,97904,31,2.19,4,0,1,1
460,55,Marketing,Remote,87,190275,25,6.94,4,1,1,0
461,56,Sales,Onsite,105,107088,19,6.18,2,0,1,1
462,38,Marketing,Remote,34,35608,17,1.28,0,0,3,0
463,59,Finance,Remote,124,75667,14,2.81,0,0,3,0
464,52,Marketing,Hybrid,110,85547,21,3.41,0,0,5,0
465,44,Support,Hybrid,176,183557,21,1.65,1,0,4,0
466,43,Marketing,Onsite,33,170934,20,4.19,0,0,1,0
467,52,Marketing,Hybrid,98,158391,1,1.24,1,0,2,0
468,57,Finance,Remote,61,105948,17,5.98,3,2,1,1
469,32,HR,Hybrid,10,101880,22,2.9,1,1,4,0
470,33,Finance,Onsite,84,87560,12,3.58,3,0,1,1
471,43,Support,Remote,65,145063,8,9.19,2,0,3,0
472,45,HR,Onsite,77,124218,6,5.53,4,1,3,0
473,55,Engineering,Hybrid,1,144462,0,3.42,5,0,4,0
474,50,Engineering,Hybrid,133,189487,1,6.39,1,0,5,0
475,37,Support,Onsite,80,180395,3,2.82,2,0,1,0
476,40,Finance,Remote,15,47997,13,1.67,0,1,4,0
477,45,Sales,Hybrid,28,151266,31,1.19,2,2,2,0
478,42,Support,Hybrid,23,33679,35,9.56,0,1,2,1
479,33,HR,Remote,109,70308,1,7.52,2,1,5,0
480,39,HR,Hybrid,107,35695,13,8.2,2,0,3,0
481,56,Marketing,Onsite,145,88499,19,9.83,0,2,4,0
482,32,Engineering,Hybrid,113,53382,24,9.38,3,0,1,1
483,39,HR,Hybrid,98,44235,7,7.63,2,1,4,0
484,32,Support,Remote,141,163438,27,7.25,1,0,5,0
485,29,HR,Onsite,142,188539,20,4.03,3,1,4,0
486,27,Support,Remote,139,142468,22,1.94,0,0,5,1
487,48,Sales,Hybrid,28,36764,31,6.16,4,1,5,0
488,34,Marketing,Hybrid,42,143831,7,6.19,1,0,5,0
489,51,Engineering,Remote,99,91836,30,9.57,0,0,4,1
490,39,HR,Remote,61,61923,15,4.98,5,0,2,1
491,36,Support,Remote,123,125711,26,7.22,5,0,1,1
492,25,Finance,Onsite,64,46292,17,6.17,2,0,5,0
493,55,Engineering,Hybrid,31,154913,34,2.59,1,0,3,1
494,32,Sales,Remote,81,162686,14,6.33,1,0,5,0
495,45,Support,Hybrid,10,50939,26,5.86,0,0,4,1
496,41,Marketing,Onsite,8,48800,16,5.45,2,0,5,0
497,56,Marketing,Onsite,149,86440,1,5.62,2,0,3,0
498,43,Sales,Onsite,59,184318,30,2.48,1,0,2,1
499,36,Sales,Onsite,178,157521,33,5.17,1,1,4,0
500,59,Marketing,Hybrid,30,151327,33,6.45,2,0,4,0
501,59,HR,Onsite,145,79648,2,5.41,2,0,4,0
502,34,HR,Onsite,20,145192,16,5.4,0,1,3,0
503,51,Support,Remote,48,192760,13,1.7,0,2,4,1
504,25,Finance,Onsite,130,123498,13,2.72,1,0,2,1
505,55,Support,Remote,37,59764,34,3.89,1,1,1,1
506,43,Finance,Onsite,129,62470,0,4.77,1,0,1,0
507,49,Sales,Onsite,132,199573,28,6.35,1,0,5,0
508,31,Engineering,Remote,100,87207,3,8.77,2,1,1,0
509,38,Support,Onsite,54,92157,32,2.43,4,0,3,1
510,32,Support,Hybrid,122,164288,16,1.14,1,0,1,0
511,29,Finance,Hybrid,25,183144,27,5.04,2,0,3,1
512,30,Sales,Onsite,131,123778,25,4.89,4,1,3,0
513,37,Sales,Hybrid,9,160016,7,5.97,1,1,5,0
514,58,Finance,Remote,34,154288,33,8.5,3,1,1,0
515,27,Sales,Onsite,43,198204,17,8.22,0,2,5,1
516,33,Marketing,Onsite,74,140573,30,1.9,1,0,4,0
517,29,HR,Remote,94,150730,26,9.41,3,1,2,0
518,47,Marketing,Remote,22,178933,15,1.99,0,1,1,1
519,22,Engineering,Remote,70,94186,9,6.71,1,1,4,0
520,25,Support,Onsite,130,34960,11,7.05,6,0,4,1
521,49,Engineering,Remote,94,48781,21,7.12,2,0,5,1
522,57,Support,Remote,32,61126,15,3.39,1,0,5,0
523,58,HR,Hybrid,106,183650,11,3.97,3,0,2,1
524,39,Sales,Hybrid,144,136034,10,5.94,2,0,2,0
525,28,Marketing,Onsite,1,47883,19,2.8,3,0,2,1
526,21,Finance,Hybrid,72,59782,0,1.18,4,1,2,0
527,42,Marketing,Hybrid,176,86387,26,6.06,1,1,5,0
528,37,HR,Remote,50,178051,2,5.19,2,1,3,0
529,27,Engineering,Remote,141,63746,11,6.91,1,0,5,0
530,45,Finance,Hybrid,15,96266,29,2.32,1,1,3,0
531,24,Sales,Hybrid,53,30056,8,8.57,1,1,5,0
532,56,HR,Hybrid,172,61457,0,2.32,3,1,5,0
533,26,Finance,Onsite,8,163315,3,9.02,5,1,2,1
534,51,HR,Onsite,74,162773,14,5.05,2,0,3,0
535,39,HR,Onsite,46,103839,26,5.95,3,0,4,0
536,59,Sales,Hybrid,69,110636,7,9.07,1,1,4,1
537,47,Support,Hybrid,114,137697,22,3.7,2,1,4,0
538,30,Finance,Onsite,147,96483,14,2.64,2,1,2,0
539,46,Sales,Onsite,166,50505,26,5.01,4,1,4,0
540,39,HR,Hybrid,123,167625,30,3.2,5,0,5,1
541,59,Sales,Remote,139,63525,7,5.75,2,0,2,0
542,23,Support,Onsite,117,126008,29,3.48,4,0,4,1
543,33,Marketing,Hybrid,43,74348,17,8.78,2,1,2,1
544,48,Finance,Hybrid,20,37273,3,6.47,0,1,5,0
545,40,Support,Remote,148,94236,21,1.0,1,0,2,1
546,48,Engineering,Hybrid,21,164607,2,8.25,4,1,4,0
547,28,Finance,Hybrid,82,179749,14,3.97,2,1,2,1
548,59,Support,Onsite,57,137157,34,3.88,2,1,1,1
549,21,HR,Onsite,178,30908,32,4.45,3,0,4,0
550,23,Finance,Remote,74,138352,13,6.67,5,0,5,0
551,33,Finance,Remote,98,125967,0,4.98,1,1,3,0
552,48,Sales,Hybrid,154,118989,25,6.66,0,0,2,0
553,45,HR,Onsite,158,65079,7,2.32,0,1,2,0
554,53,Engineering,Remote,110,141889,15,9.73,2,1,4,0
555,58,Marketing,Remote,115,79323,9,7.57,1,0,4,0
556,26,Support,Remote,159,119909,25,3.25,4,0,1,1
557,52,Sales,Hybrid,42,76105,27,7.52,1,0,5,0
558,41,Support,Onsite,68,191236,11,6.18,0,0,2,0
559,36,Engineering,Remote,70,162957,19,1.98,2,0,2,1
560,41,Engineering,Onsite,78,31049,13,2.6,2,1,3,0
561,31,Finance,Remote,90,83281,34,1.37,0,0,2,1
562,57,Engineering,Remote,111,73271,28,8.28,5,0,2,1
563,56,Support,Onsite,112,96697,11,5.97,5,0,1,1
564,55,HR,Onsite,103,66534,17,3.85,1,0,3,1
565,39,HR,Onsite,145,123034,1,2.14,3,1,2,0
566,40,Finance,Hybrid,19,88097,1,5.36,3,0,2,0
567,38,Marketing,Remote,179,55037,16,5.73,2,0,5,0
568,34,Support,Hybrid,70,197079,9,7.32,3,0,2,0
569,35,Support,Onsite,63,57278,17,9.73,1,0,1,0
570,51,Engineering,Remote,75,169344,21,4.91,1,0,2,0
571,21,Support,Hybrid,158,129173,18,4.65,1,0,2,0
572,23,Sales,Remote,153,68294,0,4.33,4,1,4,0
573,36,Marketing,Hybrid,104,103277,23,8.44,1,1,2,0
574,43,Engineering,Onsite,75,34694,35,2.41,0,1,3,0
575,31,Sales,Hybrid,128,88150,24,4.09,0,2,4,0
576,32,Finance,Remote,154,97470,35,7.52,2,0,3,0
577,30,HR,Remote,56,51556,30,1.14,2,0,3,0
578,52,Finance,Remote,22,79086,30,3.6,1,0,1,1
579,36,HR,Remote,89,179979,1,6.77,1,0,2,0
580,28,Finance,Onsite,19,190230,18,2.67,2,0,3,0
581,58,Support,Hybrid,159,181365,11,3.72,1,0,2,0
582,32,Sales,Onsite,26,129468,9,5.37,1,0,2,0
583,44,HR,Onsite,170,63387,30,4.8,1,0,1,0
584,48,Engineering,Onsite,169,98602,21,1.95,2,0,1,1
585,28,Sales,Remote,23,182328,22,9.44,1,0,3,0
586,48,Engineering,Remote,47,166666,22,1.4,2,0,3,0
587,56,Sales,Remote,13,32460,14,7.75,1,0,4,1
588,46,Sales,Hybrid,66,102356,25,1.64,2,1,2,1
589,28,Finance,Remote,144,84698,2,5.21,2,1,2,0
590,48,HR,Hybrid,73,131746,22,2.58,0,1,1,1
591,48,HR,Remote,156,46191,19,2.27,4,1,1,0
592,57,Sales,Remote,77,114631,7,2.13,5,1,3,0
593,56,Support,Onsite,163,40529,17,5.08,1,1,4,0
594,47,Support,Onsite,169,62175,5,5.64,4,1,4,0
595,37,Engineering,Onsite,31,47675,26,2.2,3,1,1,0
596,29,Engineering,Hybrid,85,76798,35,9.81,3,0,1,1
597,53,Finance,Hybrid,160,100910,14,3.32,1,0,4,0
598,40,Sales,Remote,59,160400,4,5.13,1,1,4,0
599,33,Engineering,Hybrid,41,187048,8,2.95,2,1,3,0
600,48,Engineering,Remote,112,108678,6,5.45,1,0,4,0
601,49,Marketing,Hybrid,96,92821,19,7.8,2,0,2,0
602,33,Sales,Hybrid,168,42204,9,5.69,2,0,4,0
603,55,Finance,Hybrid,122,37394,25,3.57,2,1,5,0
604,26,Engineering,Onsite,156,94814,3,3.24,1,0,4,0
605,38,Finance,Hybrid,165,63593,23,7.83,1,1,1,0
606,25,HR,Onsite,105,145064,13,2.06,3,1,1,0
607,45,Finance,Onsite,74,83365,0,4.33,0,1,5,0
608,22,Support,Hybrid,132,161515,16,2.36,1,0,2,1
609,30,Support,Remote,99,189252,23,3.32,3,0,4,0
610,50,Finance,Remote,126,133700,26,2.37,1,0,4,0
611,25,Support,Remote,138,127077,6,8.98,4,1,5,1
612,53,HR,Hybrid,175,164537,8,7.59,1,1,3,0
613,21,Sales,Remote,75,98247,34,6.05,4,0,3,0
614,38,Support,Onsite,14,186270,11,3.02,2,0,2,0
615,52,Support,Remote,38,84740,20,5.59,2,0,4,0
616,31,Finance,Hybrid,140,183560,2,5.69,3,0,4,0
617,41,HR,Remote,45,199587,14,6.31,1,0,4,0
618,46,Sales,Onsite,145,57898,20,1.54,1,1,1,0
619,45,Finance,Hybrid,163,162991,9,9.76,3,0,3,0
620,42,Finance,Remote,75,92613,32,5.19,2,0,5,1
621,47,Marketing,Hybrid,169,126707,5,9.34,4,1,1,0
622,33,HR,Hybrid,29,141777,1,1.09,2,1,1,1
623,53,Sales,Hybrid,18,77003,28,3.23,5,0,3,1
624,54,HR,Remote,20,78478,32,1.94,0,0,4,0
625,55,Sales,Hybrid,14,175506,3,7.93,3,0,2,0
626,21,HR,Remote,162,197721,3,3.88,1,1,5,0
627,41,Finance,Onsite,177,89030,28,8.56,2,0,3,0
628,26,Finance,Remote,54,163071,19,8.49,2,0,2,0
629,48,Engineering,Onsite,31,175921,22,7.01,2,0,3,0
630,37,Support,Remote,58,82800,17,6.99,3,2,3,1
631,25,Marketing,Hybrid,104,35445,24,7.3,0,0,3,1
632,51,HR,Remote,170,179112,0,7.06,2,1,3,0
633,25,Marketing,Hybrid,128,30246,14,4.48,0,1,4,0
634,58,Engineering,Onsite,158,61153,33,7.15,2,0,1,0
635,23,Support,Remote,25,35212,19,9.08,2,1,3,0
636,43,HR,Hybrid,19,164411,26,3.99,2,1,2,1
637,57,Sales,Onsite,136,86238,21,9.5,0,1,2,0
638,57,Support,Onsite,3,180466,4,1.12,1,0,2,1
639,30,Finance,Remote,86,83871,33,4.14,2,1,1,0
640,30,Engineering,Onsite,145,130672,2,2.19,2,2,1,0
641,39,Support,Hybrid,142,64607,16,2.14,3,1,2,1
642,37,Support,Onsite,9,82055,23,8.34,1,0,4,0
643,41,Finance,Onsite,94,134509,23,9.27,0,1,1,0
644,34,HR,Hybrid,149,165467,2,8.0,1,1,1,0
645,29,Sales,Onsite,165,157378,6,9.79,3,0,4,0
646,21,Finance,Onsite,139,176362,24,2.95,1,0,3,1
647,33,Sales,Onsite,20,117687,2,2.27,3,1,1,0
648,24,HR,Onsite,35,95078,14,5.69,1,0,2,1
649,21,Support,Hybrid,53,164763,28,8.46,2,0,2,0
650,52,Sales,Onsite,175,168542,28,1.36,3,0,4,0
651,54,Engineering,Hybrid,110,164913,9,9.96,0,0,2,1
652,48,Engineering,Onsite,136,132652,31,6.42,1,0,5,0
653,51,Finance,Onsite,4,93197,22,9.81,4,1,2,0
654,28,HR,Onsite,155,85773,8,4.29,3,1,4,0
655,59,Finance,Onsite,172,178848,13,5.12,3,0,4,0
656,46,Finance,Hybrid,168,148943,3,7.77,2,0,4,0
657,54,Marketing,Hybrid,102,57584,19,8.13,1,1,5,0
658,23,Finance,Hybrid,47,165372,27,3.1,2,0,1,1
659,32,Marketing,Remote,94,33338,13,9.37,2,1,3,1
660,21,Engineering,Onsite,172,92601,33,8.81,3,0,2,0
661,25,Engineering,Onsite,48,166559,12,1.16,2,1,1,1
662,50,Finance,Hybrid,91,66282,30,2.16,0,1,4,1
663,50,Engineering,Remote,84,145447,32,5.46,3,0,1,1
664,37,HR,Onsite,68,125798,27,5.15,5,1,1,1
665,43,Marketing,Hybrid,139,160963,24,7.38,2,0,5,0
666,35,Marketing,Onsite,125,138611,31,1.81,3,0,4,0
667,57,Finance,Onsite,73,189876,8,6.8,1,1,4,0
668,41,Engineering,Hybrid,4,170987,27,6.55,4,0,2,1
669,34,Sales,Hybrid,76,41158,30,3.1,3,0,2,1
670,22,Marketing,Onsite,73,40547,16,5.88,5,0,2,0
671,31,Finance,Onsite,77,118713,22,3.0,2,1,2,0
672,59,Finance,Hybrid,48,32459,12,2.32,0,0,1,1
673,58,HR,Onsite,154,189840,9,6.16,3,1,1,0
674,54,Support,Onsite,102,93146,15,9.8,1,2,2,1
675,58,Support,Hybrid,106,133577,5,3.13,0,1,2,0
676,54,Marketing,Onsite,77,137761,10,4.2,3,0,2,0
677,38,HR,Onsite,39,133727,2,3.31,2,1,3,0
678,50,HR,Remote,58,80460,27,3.4,2,1,2,0
679,35,HR,Hybrid,19,112970,14,4.64,2,0,3,1
680,47,Marketing,Remote,88,199319,12,7.32,1,0,2,1
681,54,Support,Remote,113,45419,16,1.35,3,0,4,0
682,58,HR,Remote,77,65577,6,9.61,2,0,5,0
683,53,Engineering,Onsite,77,32921,27,1.42,3,0,1,0
684,44,Finance,Onsite,28,165748,12,8.93,5,2,4,0
685,35,Finance,Remote,66,174535,16,9.05,0,0,5,1
686,50,Sales,Remote,10,186546,14,5.72,0,0,3,0
687,37,Sales,Remote,126,70935,35,2.23,2,0,1,0
688,25,Marketing,Onsite,58,155534,27,6.09,3,0,3,0
689,49,Marketing,Remote,142,102828,14,6.66,2,0,3,0
690,24,Finance,Remote,125,153649,10,8.72,2,0,1,1
691,30,Engineering,Hybrid,112,119062,30,5.96,3,1,5,0
692,37,Support,Hybrid,84,85152,3,4.7,0,0,1,0
693,30,Support,Onsite,143,126491,34,8.54,1,0,2,0
694,37,Marketing,Hybrid,96,116569,33,9.83,2,1,3,0
695,40,Engineering,Hybrid,33,102467,26,6.81,3,1,2,0
696,44,Marketing,Hybrid,145,186844,9,8.87,4,0,1,1
697,25,Support,Onsite,152,177435,29,6.39,4,0,1,0
698,54,Marketing,Hybrid,158,189562,19,7.21,4,1,5,0
699,26,HR,Onsite,141,152537,28,7.19,1,0,3,0
700,22,Marketing,Remote,47,83806,28,7.34,2,0,4,0
701,33,Finance,Hybrid,112,161332,22,3.89,4,1,1,1
702,31,Marketing,Onsite,144,105992,20,6.18,1,0,4,1
703,43,Finance,Hybrid,43,52320,9,6.35,1,0,3,0
704,36,Engineering,Remote,8,108971,11,3.84,1,0,2,0
705,51,Support,Onsite,3,78581,29,4.15,0,0,3,0
706,31,Sales,Onsite,125,123645,32,7.86,3,0,5,1
707,36,Sales,Onsite,12,50754,17,6.24,2,1,4,0
708,28,Support,Remote,84,99837,13,2.34,2,1,4,0
709,24,Sales,Remote,16,168279,21,8.54,1,0,2,0
710,24,Marketing,Remote,78,188992,20,8.95,3,0,2,1
711,45,Engineering,Onsite,59,153746,0,5.2,1,1,1,0
712,23,Engineering,Remote,177,144780,14,2.88,2,0,3,0
713,52,Support,Hybrid,63,117081,35,9.53,3,0,5,0
714,23,Sales,Remote,49,54016,21,8.94,2,0,1,0
715,47,Marketing,Onsite,51,90522,31,3.2,3,1,3,0
716,49,Engineering,Hybrid,33,150896,32,1.86,0,0,2,1
717,52,Engineering,Remote,30,142099,22,4.97,2,1,5,0
718,39,HR,Hybrid,76,181174,1,7.09,2,1,2,0
719,41,HR,Hybrid,15,134429,1,2.58,1,1,2,0
720,25,Engineering,Onsite,82,31924,28,5.62,2,1,4,0
721,38,Support,Hybrid,92,115015,2,4.83,1,0,3,0
722,48,Finance,Hybrid,23,134987,6,9.01,4,0,1,0
723,42,Finance,Onsite,94,84333,35,4.87,0,1,4,1
724,41,Marketing,Onsite,45,156372,28,5.8,0,0,3,0
725,26,Engineering,Onsite,62,161378,35,9.6,3,0,3,1
726,21,Engineering,Hybrid,15,118495,22,3.7,1,0,3,1
727,25,Engineering,Hybrid,46,99767,15,3.6,3,0,5,0
728,32,Support,Hybrid,64,134332,30,8.2,1,1,4,1
729,46,HR,Onsite,174,173279,33,3.5,2,0,1,1
730,54,Engineering,Remote,172,69426,0,8.49,1,1,4,0
731,34,Engineering,Hybrid,75,36336,17,1.86,3,1,2,0
732,46,Sales,Remote,157,142200,14,2.0,0,0,3,0
733,47,Support,Onsite,52,47256,16,9.11,2,1,2,0
734,29,Marketing,Hybrid,88,63719,9,5.87,1,2,4,0
735,46,Engineering,Remote,57,72017,19,7.47,4,1,1,0
736,42,Sales,Hybrid,83,75704,5,3.03,1,0,2,0
737,50,Finance,Hybrid,66,60013,7,2.5,4,1,2,0
738,37,Marketing,Hybrid,150,109991,33,8.51,5,0,5,0
739,46,Engineering,Remote,20,100258,31,4.23,3,1,4,0
740,56,Engineering,Onsite,33,108348,3,5.1,0,2,2,0
741,21,Sales,Hybrid,72,197848,19,1.25,3,0,4,0
742,28,Support,Onsite,25,40060,23,4.47,0,0,1,1
743,55,Engineering,Onsite,46,167727,23,7.93,1,1,2,1
744,35,Finance,Remote,73,79923,25,8.39,4,0,1,0
745,42,Engineering,Remote,98,108563,24,7.29,2,1,2,0
746,34,Finance,Onsite,57,165102,35,7.23,1,0,3,0
747,46,Marketing,Hybrid,87,119779,6,5.56,1,2,5,0
748,48,Marketing,Remote,133,194361,9,5.84,0,0,5,0
749,43,HR,Hybrid,55,180811,11,7.68,3,0,5,0
750,34,HR,Hybrid,61,129704,0,3.23,1,1,1,0
751,44,Finance,Hybrid,89,159157,24,3.08,2,1,4,0
752,22,Support,Onsite,8,140234,15,9.55,4,0,5,0
753,46,Engineering,Hybrid,16,91687,4,1.25,1,0,2,0
754,34,Engineering,Onsite,176,66491,18,2.26,1,1,2,1
755,27,HR,Onsite,116,102115,3,6.13,4,0,3,0
756,23,Finance,Hybrid,61,147935,5,7.64,1,0,1,0
757,43,Engineering,Hybrid,15,113778,25,5.84,5,1,2,0
758,38,Engineering,Hybrid,150,165853,8,4.2,3,1,2,0
759,58,Support,Hybrid,131,50448,13,9.8,2,2,3,1
760,55,Sales,Onsite,102,81550,8,7.33,0,1,3,0
761,35,HR,Hybrid,54,79294,14,8.48,2,1,4,0
762,45,HR,Hybrid,14,51446,19,1.36,3,0,4,0
763,57,Sales,Onsite,36,106579,7,3.12,3,0,4,0
764,48,Engineering,Remote,105,144679,31,4.37,1,0,2,1
765,30,Support,Remote,82,115615,20,2.64,2,0,3,0
766,59,Support,Onsite,67,47101,18,1.66,0,1,1,0
767,37,HR,Remote,10,58016,28,3.03,1,1,4,1
768,59,Support,Onsite,49,180004,30,5.8,4,1,5,0
769,42,Marketing,Hybrid,111,120481,5,7.26,3,0,2,0
770,46,Sales,Hybrid,65,82802,3,7.97,1,0,1,0
771,45,Engineering,Remote,57,37549,28,1.39,1,0,2,1
772,37,Marketing,Hybrid,27,186434,2,4.85,0,1,4,0
773,33,Sales,Remote,113,77842,0,2.1,3,2,2,1
774,40,Finance,Remote,133,76539,14,4.88,1,0,4,1
775,45,HR,Hybrid,71,63717,20,4.91,1,0,2,0
776,24,Support,Hybrid,83,184088,30,5.48,1,2,4,0
777,30,Finance,Remote,57,145042,6,9.04,1,0,3,0
778,23,Support,Hybrid,120,157922,16,8.25,0,1,3,0
779,38,Marketing,Onsite,93,122447,18,6.73,1,1,3,0
780,56,Engineering,Hybrid,15,113402,2,8.97,2,0,3,0
781,42,Engineering,Hybrid,111,72607,29,7.11,0,0,3,0
782,54,Engineering,Onsite,101,188693,34,8.37,2,1,5,0
783,28,Support,Hybrid,119,42823,28,6.07,2,0,2,0
784,39,Finance,Hybrid,76,59986,13,5.73,0,0,3,0
785,57,Engineering,Remote,158,151682,34,7.52,4,1,5,0
786,26,Finance,Hybrid,20,94325,27,1.18,1,0,5,0
787,46,Support,Hybrid,165,157925,29,7.21,2,1,2,1
788,54,Marketing,Onsite,131,87771,25,9.41,3,1,2,0
789,26,Finance,Remote,73,84973,6,7.43,2,0,4,0
790,57,Marketing,Remote,122,175762,30,1.33,1,0,4,1
791,53,Support,Remote,41,69107,4,4.4,2,0,3,0
792,42,Support,Hybrid,167,87888,34,8.29,3,0,1,1
793,41,HR,Remote,154,40956,13,9.63,1,1,4,1
794,26,Support,Onsite,130,116839,35,4.33,1,1,1,1
795,26,Support,Remote,23,197605,26,8.57,1,2,4,0
796,24,Sales,Onsite,23,131131,23,8.77,1,0,5,0
797,50,Engineering,Remote,144,97594,28,2.11,0,1,5,0
798,31,HR,Remote,9,41519,21,8.61,3,0,5,0
799,50,HR,Onsite,13,192187,7,3.92,2,0,1,0
800,51,HR,Remote,156,31832,14,6.34,2,1,3,0
801,44,Sales,Remote,155,143922,4,5.85,0,0,4,0
802,29,Marketing,Remote,51,135474,3,6.97,3,1,4,0
803,23,Support,Hybrid,64,99715,10,7.66,0,0,1,0
804,51,Engineering,Onsite,52,101835,17,4.97,3,1,5,0
805,57,Finance,Remote,38,103366,29,8.99,2,0,3,1
806,56,Marketing,Onsite,100,67570,14,8.29,1,0,4,0
807,44,Support,Onsite,146,167687,5,8.07,1,1,3,0
808,51,Sales,Onsite,51,68311,15,5.12,2,1,3,0
809,26,Support,Remote,137,120245,8,1.34,1,0,2,0
810,22,Support,Remote,141,133187,33,5.43,2,0,3,0
811,40,Sales,Onsite,168,53434,26,9.09,3,1,2,0
812,48,HR,Hybrid,55,116879,12,2.71,2,1,1,0
813,31,HR,Onsite,109,45739,35,9.84,0,0,5,0
814,24,Engineering,Hybrid,171,96202,26,8.27,1,1,2,0
815,35,Engineering,Onsite,44,128580,8,7.39,0,1,3,0
816,26,HR,Onsite,110,109599,4,7.09,3,0,5,0
817,50,Marketing,Onsite,161,194721,21,6.28,4,2,3,0
818,58,Finance,Remote,152,146770,30,7.49,3,0,3,1
819,22,Support,Hybrid,164,69470,2,4.8,0,1,2,0
820,35,Finance,Hybrid,128,104965,29,8.61,3,1,1,1
821,31,Support,Onsite,105,155332,20,7.27,2,1,3,0
822,28,HR,Remote,10,159681,34,7.94,4,0,2,0
823,46,Engineering,Remote,100,193998,5,8.13,1,1,3,0
824,25,Marketing,Hybrid,148,144300,27,1.83,3,1,5,0
825,26,Engineering,Remote,109,67997,31,1.5,1,0,1,1
826,46,Finance,Hybrid,108,127805,24,8.21,2,0,3,0
827,24,Engineering,Hybrid,140,192776,31,3.33,2,1,1,1
828,39,HR,Hybrid,146,152202,34,6.24,2,0,1,1
829,40,Marketing,Remote,94,189463,21,4.99,6,1,5,0
830,53,Finance,Hybrid,63,32526,23,1.2,1,0,5,0
831,40,Marketing,Hybrid,84,185758,29,1.36,2,0,4,0
832,32,Support,Onsite,25,103339,31,8.44,2,0,1,1
833,21,Engineering,Hybrid,12,36574,30,6.47,1,0,3,0
834,46,Marketing,Hybrid,149,38733,22,5.71,1,2,5,0
835,34,Sales,Onsite,25,80290,32,9.5,2,1,3,0
836,58,Engineering,Onsite,11,102793,24,2.56,1,0,1,0
837,57,Support,Remote,64,66051,35,3.32,5,1,5,0
838,31,Marketing,Hybrid,126,45909,23,7.81,1,0,4,0
839,56,Finance,Remote,50,107338,30,7.98,0,1,1,1
840,33,Support,Remote,89,103432,12,4.64,4,0,3,0
841,23,Sales,Onsite,99,58133,9,9.56,2,0,4,0
842,53,Marketing,Remote,116,109062,22,9.44,2,0,1,1
843,26,HR,Hybrid,96,172350,17,1.11,2,0,5,0
844,30,Engineering,Onsite,177,141546,31,2.55,1,1,1,1
845,25,Finance,Hybrid,14,81458,32,8.38,1,1,2,1
846,43,HR,Hybrid,1,85415,35,4.02,3,0,3,1
847,30,Marketing,Onsite,25,84160,27,1.86,1,0,5,0
848,22,Marketing,Hybrid,72,84399,15,8.06,0,0,5,0
849,33,Support,Onsite,69,55298,15,5.09,7,0,2,0
850,22,Marketing,Hybrid,133,183263,17,5.43,2,0,4,0
851,40,Finance,Onsite,105,194164,7,2.68,1,0,5,0
852,21,HR,Remote,147,119407,15,6.95,2,0,4,0
853,57,Finance,Hybrid,23,92513,10,5.96,0,0,4,0
854,29,Sales,Onsite,9,81097,5,2.86,2,1,4,0
855,37,Sales,Hybrid,118,191351,0,4.06,3,1,1,0
856,29,Engineering,Hybrid,94,175476,11,6.37,2,0,2,1
857,31,Engineering,Hybrid,178,65198,27,9.32,1,0,3,0
858,35,Sales,Onsite,144,79997,16,9.28,1,3,2,0
859,44,Marketing,Remote,33,161639,0,3.59,2,0,5,0
860,58,Finance,Remote,130,32179,31,7.62,2,2,2,1
861,55,Sales,Remote,14,32019,7,7.98,5,1,3,0
862,50,Engineering,Onsite,1,111455,23,8.28,0,4,1,1
863,51,Sales,Remote,90,179776,9,6.14,2,0,5,0
864,25,Marketing,Onsite,89,179102,9,1.09,5,0,1,0
865,34,Sales,Hybrid,144,156883,35,7.86,4,0,5,1
866,31,Finance,Hybrid,90,99445,24,1.96,4,0,3,1
867,29,HR,Remote,175,103551,9,2.05,2,1,1,0
868,54,Marketing,Onsite,172,33420,18,6.45,1,1,3,0
869,32,Engineering,Hybrid,14,89875,14,9.85,0,1,3,0
870,55,Finance,Onsite,152,46740,15,3.18,2,0,2,0
871,55,Sales,Onsite,111,95263,1,6.81,3,0,5,0
872,21,Sales,Hybrid,143,135789,28,3.73,3,0,4,0
873,42,HR,Onsite,83,49465,3,9.09,0,1,4,0
874,49,Engineering,Hybrid,72,34131,28,6.34,4,1,1,0
875,28,Engineering,Hybrid,162,40652,30,2.87,2,0,3,0
876,31,Support,Hybrid,130,77671,16,3.36,4,1,2,0
877,57,Engineering,Onsite,27,119342,9,4.89,3,1,5,0
878,34,HR,Hybrid,74,49171,26,2.1,0,0,1,1
879,50,Support,Onsite,99,88541,14,1.71,2,0,3,0
880,55,Support,Hybrid,72,39470,30,7.12,1,1,4,1
881,41,Sales,Hybrid,23,74308,20,4.66,3,0,4,0
882,57,Sales,Remote,68,182398,25,7.54,4,1,5,0
883,25,Engineering,Remote,142,165669,35,1.99,2,0,5,1
884,39,Support,Remote,117,132840,16,6.49,2,0,5,0
885,34,Sales,Onsite,106,191860,2,4.99,3,0,1,0
886,46,HR,Onsite,93,79477,13,1.52,3,0,5,0
887,24,Sales,Hybrid,65,138261,12,5.9,0,0,1,0
888,45,Marketing,Hybrid,68,132466,26,1.75,6,0,2,1
889,45,Marketing,Hybrid,128,63071,0,8.45,2,0,3,0
890,38,Sales,Hybrid,63,100560,16,6.69,4,1,4,0
891,28,Support,Onsite,113,192842,33,6.01,2,2,1,1
892,59,Support,Hybrid,90,106762,13,2.2,3,0,3,0
893,34,Finance,Hybrid,81,196471,16,3.59,1,0,5,0
894,52,Marketing,Remote,103,173641,2,5.44,5,3,4,0
895,58,HR,Hybrid,160,32369,33,6.7,2,1,1,0
896,53,Support,Hybrid,116,139963,24,2.65,2,1,5,0
897,43,Engineering,Hybrid,13,30528,1,1.08,1,1,3,0
898,35,Marketing,Onsite,124,138806,33,4.1,0,1,2,0
899,53,HR,Remote,147,191386,25,5.35,1,1,3,1
900,45,HR,Hybrid,152,132979,30,2.66,1,0,1,0
901,37,Support,Hybrid,88,179119,8,5.43,1,0,2,0
902,53,HR,Remote,11,49748,29,4.05,2,0,2,0
903,22,Support,Hybrid,15,65109,19,5.1,1,1,5,0
904,34,Sales,Onsite,10,43919,20,4.13,3,0,3,0
905,59,Marketing,Hybrid,41,77498,28,6.66,3,0,1,0
906,26,Finance,Onsite,155,85808,24,1.39,3,1,2,1
907,26,Sales,Onsite,73,100441,24,2.54,4,1,5,1
908,23,Marketing,Hybrid,52,143843,8,4.89,3,1,2,0
909,27,Support,Remote,128,104420,25,4.21,4,1,3,1
910,28,Marketing,Onsite,28,189978,15,4.52,1,0,4,0
911,35,Support,Remote,65,137447,11,8.23,3,0,1,0
912,49,Sales,Hybrid,17,96896,23,8.98,3,2,4,1
913,53,Engineering,Onsite,95,133431,25,3.24,1,0,3,0
914,50,Engineering,Hybrid,172,183018,19,8.53,2,0,4,0
915,59,Marketing,Remote,138,77020,8,5.13,3,0,3,0
916,47,Engineering,Hybrid,63,52161,22,3.46,1,0,3,1
917,56,Support,Hybrid,175,57738,28,9.87,3,1,5,0
918,49,HR,Onsite,38,164997,30,8.42,3,0,4,0
919,58,Support,Hybrid,70,169535,18,9.95,1,0,2,0
920,53,HR,Hybrid,104,87153,19,2.51,6,1,3,1
921,57,Sales,Hybrid,53,91009,22,2.29,6,1,4,0
922,47,Finance,Onsite,172,117938,26,5.53,1,1,2,0
923,53,HR,Remote,119,129546,29,6.75,5,0,1,1
924,24,Engineering,Remote,74,86271,20,2.54,2,1,2,1
925,42,Support,Hybrid,54,39797,34,8.74,1,1,4,0
926,22,Sales,Onsite,20,116130,6,5.79,2,0,4,0
927,30,Engineering,Hybrid,79,101942,21,4.7,0,1,2,0
928,25,Sales,Remote,31,148065,9,6.42,4,1,2,0
929,30,Finance,Onsite,135,43965,22,6.71,1,0,3,1
930,53,Support,Remote,58,43733,14,1.39,1,0,4,0
931,58,Marketing,Remote,105,157182,29,10.0,0,2,3,0
932,33,Support,Onsite,10,187998,33,4.28,1,0,3,0
933,51,Finance,Onsite,10,189855,12,1.55,2,1,1,0
934,56,Support,Hybrid,39,113360,3,8.67,3,1,4,0
935,44,Marketing,Hybrid,156,197466,17,9.94,2,0,3,0
936,35,HR,Remote,158,138378,22,8.35,2,0,1,0
937,49,Sales,Onsite,37,58287,32,8.67,2,0,3,0
938,28,Marketing,Onsite,119,112104,33,6.63,4,1,3,0
939,25,Engineering,Hybrid,67,191508,33,9.3,1,1,4,1
940,49,Finance,Remote,43,116916,35,1.32,2,1,2,0
941,24,HR,Remote,52,33188,34,7.9,3,0,2,1
942,32,Engineering,Hybrid,101,121205,16,7.04,2,0,4,0
943,22,Engineering,Onsite,56,127349,27,1.45,5,0,2,1
944,47,Finance,Hybrid,76,167837,13,5.9,0,1,5,0
945,51,HR,Hybrid,68,171879,33,5.64,5,2,2,0
946,56,Engineering,Hybrid,137,40204,10,7.22,2,1,3,0
947,56,Engineering,Hybrid,106,72120,12,1.7,2,0,3,0
948,46,HR,Onsite,125,132903,32,8.25,1,1,1,1
949,47,Support,Hybrid,92,183730,1,2.25,3,0,4,0
950,25,Engineering,Onsite,23,67081,33,4.77,1,1,1,0
951,40,Sales,Hybrid,109,64986,28,8.93,3,1,3,1
952,31,HR,Remote,61,109322,3,6.04,3,1,3,0
953,30,Engineering,Onsite,168,124819,11,4.42,2,1,1,0
954,58,Finance,Remote,44,160015,25,1.43,3,0,5,0
955,26,Marketing,Hybrid,152,80304,27,7.05,1,0,2,1
956,28,Sales,Hybrid,179,95592,2,9.88,1,1,5,0
957,43,Marketing,Hybrid,161,88548,19,9.21,3,0,5,0
958,46,Marketing,Onsite,16,128447,9,7.46,2,0,5,0
959,32,Engineering,Remote,22,69986,17,1.95,3,1,5,0
960,46,Sales,Onsite,57,104095,26,3.15,3,1,2,0
961,33,Sales,Onsite,62,121594,30,2.68,1,0,4,1
962,38,Support,Hybrid,107,118281,26,4.2,0,0,1,0
963,45,Marketing,Remote,71,96151,0,3.12,3,1,5,0
964,53,Sales,Hybrid,90,103598,5,3.2,1,0,5,0
965,32,Support,Onsite,72,58214,10,6.55,1,0,1,1
966,56,HR,Hybrid,70,68745,33,3.87,1,1,1,0
967,24,Support,Remote,30,171753,19,7.09,1,0,4,0
968,25,Finance,Hybrid,103,168056,20,9.53,3,0,3,0
969,57,Engineering,Remote,151,188651,20,6.75,1,1,4,1
970,28,HR,Remote,32,120810,17,7.76,3,1,3,0
971,48,HR,Hybrid,86,188471,20,7.76,6,1,2,1
972,51,Finance,Onsite,57,192553,18,3.98,0,0,4,1
973,29,Support,Hybrid,109,30944,3,1.13,3,0,2,1
974,49,Engineering,Onsite,9,123993,12,1.5,2,0,1,0
975,34,Support,Onsite,31,39114,17,3.54,1,0,4,1
976,42,Sales,Hybrid,71,69846,28,7.21,3,2,1,1
977,31,Support,Onsite,137,62596,24,9.16,1,3,5,1
978,43,HR,Onsite,13,134087,12,9.63,0,0,1,0
979,21,Engineering,Hybrid,131,36907,26,1.23,1,2,5,1
980,57,Support,Hybrid,35,189186,18,9.91,6,0,3,0
981,41,Engineering,Hybrid,21,55009,0,3.9,1,0,5,0
982,46,Engineering,Onsite,64,114846,18,8.59,4,0,3,0
983,56,Sales,Remote,95,80241,0,2.62,4,0,5,1
984,43,Sales,Onsite,34,196797,16,1.57,1,1,5,0
985,21,HR,Remote,121,48996,20,4.41,2,0,2,1
986,35,Finance,Hybrid,163,167119,21,8.73,3,0,2,1
987,41,Engineering,Remote,15,58767,14,2.99,1,0,1,0
988,29,Finance,Hybrid,120,46347,31,2.39,3,0,2,1
989,29,HR,Hybrid,96,132063,3,9.19,3,2,3,1
990,30,Engineering,Remote,6,54102,31,9.45,3,2,2,0
991,46,Engineering,Hybrid,109,34263,3,1.11,1,0,1,0
992,55,Marketing,Remote,97,138585,0,7.55,3,0,4,0
993,45,Finance,Hybrid,32,97438,32,3.78,4,0,3,0
994,46,Support,Onsite,83,126359,6,4.37,3,0,4,1
995,31,Sales,Onsite,156,191612,8,5.22,0,0,3,0
996,58,Support,Hybrid,118,160251,0,4.84,5,0,1,1
997,22,Finance,Hybrid,79,57690,15,5.63,2,2,2,0
998,27,Sales,Remote,78,32994,17,6.24,2,2,4,0
999,38,Support,Onsite,147,133533,5,5.19,1,1,4,0
1000,47,Marketing,Remote,107,97546,1,7.31,0,0,2,1
1001,54,Sales,Hybrid,126,168449,8,7.47,3,0,1,0
1002,47,Engineering,Hybrid,15,108572,3,4.96,2,0,2,0
1003,37,Support,Remote,134,56467,22,2.28,2,0,5,1
1004,44,Sales,Hybrid,73,161120,7,6.77,4,0,5,0
1005,45,Marketing,Onsite,101,198050,24,7.96,4,2,5,0
1006,27,Sales,Remote,98,77606,15,6.74,1,1,4,0
1007,26,Sales,Onsite,166,128112,34,6.29,1,0,4,1
1008,44,Marketing,Onsite,26,103414,16,3.06,1,2,1,0
1009,53,Support,Onsite,92,123145,17,6.81,0,0,3,0
1010,49,HR,Remote,125,78115,26,4.01,2,1,2,0
1011,42,Support,Hybrid,179,119606,14,9.28,2,0,3,0
1012,46,Finance,Onsite,73,70647,16,6.88,2,0,4,0
1013,48,Marketing,Onsite,123,84607,4,3.5,0,1,2,1
1014,41,Support,Onsite,53,51996,15,5.26,5,0,4,0
1015,27,Sales,Hybrid,78,113697,14,8.62,0,0,1,1
1016,37,Marketing,Hybrid,92,76022,33,4.02,3,2,2,0
1017,40,Engineering,Remote,88,70148,18,5.73,0,0,4,0
1018,40,Support,Hybrid,13,97764,7,7.12,1,0,5,0
1019,42,Marketing,Remote,43,121901,9,7.79,0,1,5,1
1020,48,Support,Remote,76,120724,4,2.57,2,1,4,1
1021,27,Marketing,Remote,51,154766,25,6.09,0,0,3,0
1022,21,Sales,Remote,19,38888,21,9.21,1,0,1,1
1023,52,Engineering,Remote,149,128941,22,9.72,0,1,1,1
1024,33,Engineering,Onsite,122,185546,12,6.91,1,2,4,0
1025,50,Finance,Hybrid,24,47333,8,9.85,1,0,1,0
1026,43,Marketing,Onsite,26,66355,19,6.14,3,0,2,1
1027,39,Support,Remote,173,159686,27,4.98,4,2,1,1
1028,52,Engineering,Hybrid,156,192217,23,5.96,4,1,5,0
1029,50,Engineering,Onsite,120,133170,32,2.04,1,0,4,0
1030,49,HR,Onsite,82,105675,19,4.62,3,0,2,0
1031,49,HR,Remote,100,97664,29,5.13,3,1,1,0
1032,50,Engineering,Onsite,157,116153,8,8.64,1,1,5,0
1033,36,Marketing,Onsite,17,123616,16,7.83,0,0,3,0
1034,39,Finance,Onsite,68,65285,35,6.41,0,1,1,1
1035,38,Engineering,Onsite,44,178605,13,4.13,1,1,5,1
1036,21,Sales,Onsite,61,193696,18,2.68,0,2,5,0
1037,34,Support,Remote,123,76996,6,4.13,2,1,5,0
1038,22,Finance,Remote,93,76947,2,7.12,2,0,5,0
1039,48,Sales,Onsite,74,189028,32,3.37,2,0,3,1
1040,50,Finance,Remote,153,81030,31,4.84,3,0,4,0
1041,58,Sales,Remote,67,72443,10,4.48,2,2,5,0
1042,24,Support,Hybrid,111,158344,1,7.89,1,0,4,0
1043,21,Support,Onsite,2,95464,25,8.95,4,0,3,0
1044,28,HR,Remote,89,158019,3,7.29,3,1,3,0
1045,49,Marketing,Remote,177,165024,16,4.07,0,0,2,1
1046,59,Sales,Onsite,26,150454,16,4.9,3,0,2,1
1047,23,HR,Hybrid,99,154444,27,2.29,2,0,5,1
1048,52,Sales,Onsite,27,142175,29,2.51,1,0,4,0
1049,30,HR,Hybrid,89,72460,22,2.48,1,1,3,1
1050,30,Support,Onsite,146,183868,23,2.18,2,0,1,0
1051,39,Finance,Onsite,1,192818,28,2.62,2,0,2,1
1052,54,HR,Onsite,103,30015,3,2.82,5,0,2,0
1053,53,Sales,Onsite,131,79757,28,2.01,2,0,1,0
1054,43,Sales,Hybrid,41,187029,18,6.76,3,1,4,0
1055,48,Marketing,Hybrid,165,111541,26,9.91,1,1,4,0
1056,52,Support,Remote,51,51292,28,8.91,4,0,4,0
1057,27,Sales,Onsite,15,152694,35,1.41,3,0,5,0
1058,49,Engineering,Hybrid,8,192948,34,4.81,3,0,5,0
1059,28,Finance,Hybrid,38,77046,5,8.73,1,0,1,0
1060,21,HR,Hybrid,114,44817,22,2.21,3,0,3,0
1061,23,Marketing,Onsite,83,39759,7,8.63,3,0,1,0
1062,44,Finance,Remote,56,36412,1,6.33,2,0,3,0
1063,43,Support,Hybrid,175,50504,12,9.38,0,1,1,0
1064,28,Marketing,Onsite,103,138500,20,8.88,1,0,5,0
1065,57,HR,Hybrid,138,38507,30,7.09,1,0,4,0
1066,23,HR,Hybrid,102,51050,35,6.92,1,1,2,1
1067,53,Engineering,Remote,78,165892,26,2.92,0,0,1,1
1068,48,Support,Hybrid,177,168907,35,2.05,0,1,1,1
1069,28,Marketing,Hybrid,169,130153,22,4.74,1,1,2,1
1070,54,Marketing,Onsite,83,43587,20,2.68,0,1,1,0
1071,55,Sales,Onsite,30,87732,12,1.92,1,0,4,0
1072,52,Engineering,Remote,5,81921,25,3.72,3,0,2,1
1073,44,Engineering,Onsite,119,147734,6,8.74,5,0,2,1
1074,34,Marketing,Onsite,31,160104,21,1.15,4,1,4,1
1075,52,Marketing,Remote,23,167912,22,3.63,2,0,4,0
1076,36,Finance,Hybrid,48,61440,29,4.82,2,0,2,1
1077,24,Finance,Remote,109,65183,17,5.6,2,0,4,0
1078,57,Finance,Onsite,40,126172,17,2.63,4,0,4,0
1079,41,Engineering,Remote,6,163461,9,9.68,3,0,4,0
1080,34,Sales,Hybrid,38,144515,29,6.21,2,0,2,1
1081,51,HR,Remote,169,153183,25,5.7,3,0,1,1
1082,38,Finance,Onsite,100,96299,6,1.08,2,1,3,0
1083,27,Sales,Onsite,27,145503,6,5.37,2,0,2,1
1084,30,Support,Remote,69,69023,4,8.54,3,1,3,0
1085,27,Finance,Hybrid,57,69941,0,2.98,2,0,4,0
1086,53,HR,Remote,17,151677,17,4.16,2,1,4,0
1087,43,Support,Hybrid,71,106054,12,1.19,1,0,1,0
1088,41,Support,Hybrid,47,95363,24,9.79,1,0,4,0
1089,39,HR,Remote,79,91742,7,1.6,2,0,3,0
1090,39,Finance,Hybrid,110,75215,9,9.08,0,0,2,1
1091,56,Engineering,Onsite,13,77857,31,3.82,0,2,2,1
1092,49,HR,Remote,139,85476,16,6.29,1,0,1,0
1093,38,HR,Hybrid,124,189245,14,7.11,2,0,3,0
1094,22,HR,Onsite,109,170467,14,2.27,0,0,4,1
1095,21,Support,Remote,90,89768,19,4.99,3,0,5,0
1096,25,Sales,Onsite,86,133591,14,3.93,1,0,1,0
1097,40,Engineering,Onsite,92,76229,34,1.51,2,1,1,1
1098,31,Finance,Onsite,24,187711,5,8.5,1,0,5,0
1099,22,Finance,Hybrid,73,141706,29,1.41,1,0,2,1
1100,23,Sales,Remote,4,92583,7,6.88,1,1,2,0
1101,43,HR,Remote,113,189996,30,3.83,0,0,2,1
1102,32,Engineering,Hybrid,46,156011,31,2.73,2,0,5,1
1103,40,Finance,Remote,18,60104,14,7.0,2,1,4,0
1104,25,Marketing,Onsite,43,67594,17,6.17,2,0,4,0
1105,57,Finance,Remote,161,33664,12,3.84,4,1,3,0
1106,58,HR,Hybrid,93,40528,23,5.62,1,0,3,1
1107,50,Marketing,Onsite,103,189262,13,3.22,4,0,2,0
1108,29,Sales,Hybrid,124,158404,27,8.77,1,0,5,0
1109,54,Engineering,Onsite,10,62899,10,3.82,4,0,1,0
1110,55,Sales,Onsite,73,100979,5,3.21,1,1,4,0
1111,42,Sales,Remote,31,47241,24,7.77,1,3,5,1
1112,44,Engineering,Onsite,156,76211,0,1.16,2,0,3,0
1113,37,Engineering,Hybrid,60,93472,24,3.41,3,1,4,0
1114,30,Finance,Remote,131,61346,1,4.38,0,1,4,0
1115,50,Finance,Hybrid,118,111196,31,8.94,1,0,5,1
1116,43,Engineering,Onsite,14,134451,12,9.55,2,2,3,0
1117,52,Marketing,Hybrid,143,132908,32,7.45,1,1,5,1
1118,37,Support,Hybrid,2,179014,31,5.43,2,0,1,0
1119,37,Finance,Onsite,24,79167,23,6.77,1,1,4,0
1120,34,Support,Remote,64,66373,26,4.73,3,1,5,0
1121,29,Marketing,Hybrid,100,97143,3,3.69,2,0,5,0
1122,22,Engineering,Onsite,114,150623,23,9.56,1,2,1,1
1123,45,Marketing,Remote,24,140013,22,2.04,4,0,5,0
1124,59,Finance,Remote,155,32016,28,4.12,0,0,4,0
1125,29,Sales,Remote,165,99110,33,9.09,1,1,2,1
1126,42,Engineering,Hybrid,91,37274,20,7.51,3,0,2,0
1127,24,HR,Hybrid,167,45748,29,1.26,2,0,3,0
1128,46,Support,Hybrid,26,181247,25,1.21,3,0,1,0
1129,49,Marketing,Remote,65,41826,19,5.65,2,1,3,0
1130,54,Engineering,Hybrid,120,113008,15,5.36,0,1,2,0
1131,43,Marketing,Onsite,4,159288,2,4.99,1,1,1,1
1132,57,Engineering,Hybrid,157,195201,24,3.72,2,1,5,0
1133,31,Finance,Hybrid,1,184562,22,9.88,1,0,5,1
1134,26,Finance,Remote,50,135623,0,3.45,5,0,4,0
1135,38,Finance,Hybrid,110,169592,32,5.41,0,0,2,1
1136,41,Marketing,Onsite,139,113106,14,4.64,0,0,5,0
1137,56,HR,Remote,74,180870,16,2.53,4,0,1,1
1138,58,Finance,Onsite,62,84638,33,2.82,1,0,5,0
1139,54,Engineering,Remote,81,99072,16,9.26,0,0,3,1
1140,37,Finance,Remote,164,97309,3,8.72,4,0,3,0
1141,57,Sales,Hybrid,56,190966,12,2.79,1,0,3,0
1142,45,Finance,Onsite,111,154724,3,8.88,3,0,3,0
1143,58,Marketing,Remote,21,157843,6,2.88,2,0,3,0
1144,32,HR,Hybrid,141,65326,8,6.64,1,1,4,0
1145,43,Sales,Remote,9,35079,22,1.73,3,1,3,0
1146,42,Marketing,Remote,139,186910,32,8.92,0,1,4,0
1147,41,Marketing,Remote,70,151412,32,1.46,2,0,4,0
1148,47,Marketing,Remote,129,117340,19,5.99,1,0,5,0
1149,51,Engineering,Remote,118,115211,3,8.02,4,0,1,1
1150,26,Marketing,Remote,56,186666,0,2.05,1,1,3,0
1151,47,Engineering,Hybrid,31,72749,33,4.64,2,1,1,1
1152,54,Marketing,Remote,37,197364,26,1.38,1,2,2,0
1153,32,Support,Onsite,175,148192,20,7.14,1,1,4,0
1154,27,Sales,Hybrid,91,104534,23,3.77,2,0,2,0
1155,30,Support,Onsite,114,109233,14,6.03,1,0,4,0
1156,37,Marketing,Remote,128,81818,34,9.39,1,1,3,0
1157,46,Sales,Onsite,175,141910,24,3.75,4,0,2,1
1158,41,Sales,Remote,122,43429,8,1.44,2,0,5,0
1159,48,HR,Remote,69,87748,16,7.08,1,0,2,1
1160,22,Support,Hybrid,36,78807,20,8.08,4,0,4,1
1161,21,HR,Hybrid,32,37140,12,9.62,2,0,4,0
1162,56,Sales,Remote,64,93226,2,2.42,2,0,1,0
1163,46,Engineering,Hybrid,170,175973,3,4.53,0,0,2,0
1164,49,Sales,Onsite,48,118815,3,8.6,2,0,5,0
1165,41,HR,Hybrid,81,58525,27,8.26,1,2,3,1
1166,31,Support,Hybrid,158,50491,6,6.62,2,0,1,0
1167,31,Marketing,Onsite,149,196052,25,3.42,4,1,2,1
1168,56,Marketing,Hybrid,60,38078,10,3.56,2,1,1,1
1169,59,Support,Remote,141,121654,23,2.12,0,0,2,0
1170,55,Marketing,Onsite,1,159101,9,9.3,0,1,3,0
1171,54,Marketing,Remote,65,46997,12,2.56,3,0,3,0
1172,44,HR,Onsite,33,161940,18,6.16,0,0,5,0
1173,42,Support,Remote,38,187470,18,6.26,2,1,1,0
1174,25,Finance,Remote,25,127356,11,4.33,2,1,5,0
1175,53,Engineering,Hybrid,154,143711,21,4.17,3,0,2,0
1176,56,Engineering,Remote,59,51246,29,7.02,1,0,3,0
1177,40,Marketing,Hybrid,161,181633,11,4.49,2,1,3,0
1178,39,Engineering,Onsite,101,177326,28,3.3,5,0,4,1
1179,55,Support,Remote,127,64512,20,4.59,2,0,4,0
1180,37,Support,Remote,41,87865,10,8.27,1,4,5,0
1181,54,Sales,Onsite,158,184652,17,9.7,0,1,1,0
1182,29,Sales,Onsite,57,133393,26,6.72,2,0,2,0
1183,46,Engineering,Remote,177,102144,11,8.04,0,0,5,0
1184,22,Finance,Onsite,48,147363,22,5.8,3,1,3,0
1185,29,Sales,Hybrid,72,80665,33,6.62,0,0,3,1
1186,29,Sales,Onsite,177,182110,22,9.89,4,2,3,0
1187,37,Support,Onsite,175,123542,24,4.95,2,0,2,0
1188,21,Finance,Remote,56,131311,3,1.6,0,3,5,1
1189,45,Marketing,Hybrid,65,44325,29,9.61,3,0,2,0
1190,45,Engineering,Onsite,12,196964,29,8.14,1,0,3,0
1191,59,Sales,Hybrid,69,162825,12,4.58,5,0,4,0
1192,55,Finance,Hybrid,134,179068,13,9.84,1,0,5,0
1193,23,Finance,Hybrid,89,98811,7,4.11,1,0,4,0
1194,57,Engineering,Remote,25,146737,23,4.35,2,2,5,0
1195,50,Finance,Onsite,1,30824,17,6.49,1,0,3,1
1196,58,Finance,Remote,160,174952,34,3.47,2,0,4,1
1197,54,Finance,Onsite,131,147718,24,7.29,2,0,4,0
1198,32,Sales,Onsite,49,96617,16,2.38,2,0,5,1
1199,39,Engineering,Remote,147,41517,31,1.97,2,0,4,0
1200,57,Finance,Hybrid,60,182755,23,5.81,2,1,4,0
1201,37,Finance,Hybrid,157,177948,6,6.0,9,0,3,0
1202,30,Sales,Onsite,178,133068,12,1.96,2,1,5,0
1203,32,Engineering,Remote,2,145016,26,9.68,1,0,5,0
1204,36,Support,Hybrid,73,39982,4,6.16,3,1,1,0
1205,44,Sales,Hybrid,145,187670,35,2.36,0,1,5,0
1206,39,Engineering,Onsite,110,175711,25,3.8,3,0,3,0
1207,28,Finance,Onsite,164,100210,30,8.2,2,1,4,1
1208,51,Engineering,Remote,61,99852,9,5.71,1,1,1,0
1209,41,Engineering,Onsite,17,143618,25,2.69,2,0,4,1
1210,37,Marketing,Hybrid,49,39695,21,1.93,3,0,5,0
1211,43,Engineering,Hybrid,76,78582,11,4.88,1,2,2,0
1212,57,Support,Hybrid,148,61094,31,4.04,1,2,4,0
1213,36,Engineering,Hybrid,178,52187,26,6.9,3,0,5,0
1214,26,Support,Remote,131,148013,32,9.33,1,0,3,0
1215,28,Finance,Remote,43,158721,19,3.23,1,0,5,0
1216,45,Support,Onsite,57,136683,12,8.7,2,0,1,0
1217,38,Finance,Onsite,50,31214,13,9.28,4,0,2,1
1218,45,Finance,Onsite,178,53940,21,9.12,5,2,2,1
1219,32,Support,Remote,37,74406,17,9.57,0,1,2,1
1220,35,Sales,Hybrid,46,177049,28,8.58,2,0,3,0
1221,46,HR,Onsite,170,88414,15,6.34,1,1,2,0
1222,46,Engineering,Hybrid,15,131440,34,4.69,5,1,4,0
1223,52,Marketing,Onsite,161,186610,33,5.43,3,0,3,0
1224,30,HR,Onsite,80,133569,2,8.85,4,0,5,0
1225,36,Engineering,Onsite,139,90481,3,3.71,3,0,1,0
1226,27,Engineering,Onsite,148,57740,4,2.43,8,1,3,0
1227,37,Finance,Onsite,24,93328,9,2.27,2,1,1,1
1228,43,Engineering,Hybrid,125,41881,28,8.44,3,2,3,0
1229,46,Marketing,Onsite,118,66996,31,7.85,2,1,5,1
1230,41,Engineering,Hybrid,80,193249,30,5.48,6,0,1,1
1231,42,Support,Remote,94,152196,1,3.47,2,0,3,0
1232,27,HR,Onsite,65,67177,11,7.1,2,0,1,0
1233,34,Support,Hybrid,88,96126,26,1.35,1,0,2,0
1234,35,Marketing,Remote,88,86531,4,6.11,3,2,2,0
1235,27,Engineering,Remote,145,56119,26,4.59,2,0,2,0
1236,29,Marketing,Remote,126,147744,22,9.8,2,1,4,0
1237,28,Finance,Hybrid,89,146894,32,5.57,3,1,2,1
1238,43,Support,Onsite,61,188987,3,5.97,3,1,2,0
1239,49,Support,Onsite,15,163780,20,7.41,3,1,5,0
1240,38,Sales,Hybrid,94,199821,23,5.36,1,2,1,1
1241,51,Engineering,Onsite,51,74989,30,3.02,3,0,1,1
1242,50,Finance,Hybrid,27,52106,23,5.84,6,0,2,0
1243,59,Support,Onsite,74,47131,9,9.5,3,0,1,0
1244,55,Support,Remote,61,76553,1,4.69,1,1,3,0
1245,38,Finance,Onsite,31,36553,30,7.12,1,1,2,1
1246,59,Marketing,Hybrid,12,47881,24,9.8,2,0,2,0
1247,37,Marketing,Hybrid,46,31379,3,8.47,1,1,4,0
1248,34,Engineering,Remote,159,120791,10,6.93,1,1,3,0
1249,51,Sales,Hybrid,32,135664,16,7.62,0,0,2,1
1250,44,Support,Onsite,160,99306,1,9.43,1,0,2,1
1251,55,Sales,Onsite,61,180798,5,9.64,3,0,1,0
1252,54,Marketing,Remote,46,170160,8,9.72,2,1,2,0
1253,23,Marketing,Hybrid,85,195386,4,6.63,3,2,2,0
1254,57,HR,Remote,80,134512,19,4.46,3,1,2,0
1255,46,Engineering,Onsite,135,46350,28,2.2,2,0,2,1
1256,43,HR,Remote,4,129599,20,4.47,1,1,4,0
1257,59,HR,Hybrid,52,111397,8,9.49,1,4,3,0
1258,35,HR,Remote,159,109509,27,9.01,2,1,4,1
1259,24,Engineering,Hybrid,112,47769,7,5.71,0,1,1,1
1260,49,Engineering,Hybrid,36,131584,30,5.83,2,2,5,0
1261,42,Finance,Onsite,54,76365,19,3.78,3,0,2,1
1262,45,Sales,Onsite,119,80185,26,5.09,3,0,1,1
1263,33,Sales,Onsite,127,163858,7,7.43,5,2,5,0
1264,38,Finance,Hybrid,17,156525,20,4.62,2,1,2,1
1265,53,Finance,Remote,75,162692,27,2.69,2,1,2,0
1266,36,Marketing,Hybrid,158,66303,22,5.87,1,0,5,0
1267,22,HR,Onsite,105,49589,5,3.03,1,0,4,0
1268,55,Finance,Onsite,150,32882,2,9.77,0,2,5,0
1269,54,Support,Remote,117,159236,4,4.51,3,1,5,0
1270,50,Sales,Onsite,43,185596,8,9.19,5,1,3,0
1271,33,Finance,Onsite,112,39745,6,3.03,0,0,2,1
1272,33,Support,Onsite,115,45861,3,2.7,4,0,2,0
1273,38,Support,Remote,27,121707,4,6.55,3,1,4,0
1274,52,Support,Hybrid,37,84261,10,8.01,1,0,4,0
1275,52,Marketing,Onsite,46,163909,14,6.1,0,0,3,0
1276,55,Marketing,Remote,113,104135,33,3.07,5,0,3,0
1277,59,Support,Onsite,35,84380,12,1.34,4,0,3,0
1278,49,Marketing,Remote,132,116089,6,6.56,2,1,4,1
1279,49,HR,Onsite,80,135025,5,2.18,3,0,5,0
1280,36,Support,Remote,80,199327,29,4.09,2,0,2,1
1281,30,HR,Onsite,154,190592,21,7.08,3,0,2,1
1282,50,HR,Hybrid,121,190613,24,1.88,2,0,1,1
1283,45,Support,Onsite,147,188422,27,2.15,2,1,4,0
1284,59,Sales,Remote,122,74397,19,1.55,3,0,4,0
1285,40,Support,Onsite,81,107085,2,9.96,2,1,3,0
1286,25,Support,Hybrid,173,93865,4,4.48,1,0,1,0
1287,21,Marketing,Onsite,154,85956,0,9.15,2,0,1,0
1288,50,Support,Remote,150,188525,14,3.64,1,0,4,1
1289,23,Sales,Remote,119,130727,25,7.78,1,0,3,0
1290,34,Marketing,Hybrid,58,173978,2,2.97,1,0,2,1
1291,50,Engineering,Remote,63,44988,33,5.48,2,0,3,0
1292,24,Engineering,Onsite,156,188795,4,8.42,2,0,2,0
1293,38,HR,Onsite,172,63800,30,8.35,1,0,4,0
1294,57,HR,Onsite,100,188502,12,8.15,2,1,3,0
1295,45,Sales,Remote,171,193607,0,8.41,3,1,1,1
1296,21,Finance,Onsite,165,117329,21,2.9,3,0,5,1
1297,35,Engineering,Onsite,66,82284,14,5.34,0,0,1,0
1298,29,HR,Onsite,145,86232,25,5.36,2,0,2,0
1299,35,Engineering,Hybrid,168,74420,17,9.01,0,1,4,0
1300,44,Sales,Remote,166,67710,8,3.67,2,0,3,0
1301,24,Sales,Remote,85,122035,0,9.38,1,0,4,0
1302,32,Finance,Remote,137,61283,8,5.06,1,0,4,0
1303,57,Finance,Hybrid,144,55968,22,7.03,2,0,2,1
1304,57,Marketing,Remote,123,92508,1,3.42,0,0,4,1
1305,26,Sales,Hybrid,2,143435,13,4.69,1,0,3,0
1306,59,HR,Hybrid,106,115366,17,7.39,3,0,1,1
1307,44,Engineering,Remote,108,35738,15,5.61,2,1,4,0
1308,31,Support,Onsite,72,33098,28,9.38,3,0,3,1
1309,33,Finance,Onsite,171,125424,10,7.63,2,3,3,0
1310,54,Support,Remote,126,108672,5,6.08,3,0,2,0
1311,45,HR,Remote,170,68244,2,8.98,1,0,4,0
1312,27,Finance,Hybrid,57,169325,13,6.99,0,0,2,0
1313,24,Support,Remote,81,84333,1,6.83,2,0,1,0
1314,28,HR,Hybrid,158,155349,31,3.22,2,0,1,0
1315,40,Engineering,Remote,141,80969,30,4.55,2,1,3,1
1316,49,HR,Onsite,19,120744,10,7.15,2,0,4,0
1317,30,Marketing,Onsite,7,147286,21,9.03,3,1,3,0
1318,54,Finance,Remote,137,105028,2,3.84,3,1,4,0
1319,46,Sales,Hybrid,54,65421,30,2.94,3,0,2,1
1320,23,Engineering,Onsite,104,162526,32,6.34,2,0,1,0
1321,26,Support,Hybrid,86,178594,23,1.6,2,1,1,0
1322,25,Finance,Remote,82,68575,0,7.43,2,0,2,0
1323,25,Sales,Remote,61,33192,14,7.33,1,0,5,0
1324,43,HR,Onsite,87,141116,26,4.19,2,1,5,0
1325,29,Sales,Remote,2,157874,26,9.03,1,0,5,0
1326,55,Finance,Onsite,178,111311,11,5.52,2,0,4,0
1327,40,Finance,Hybrid,31,171474,2,6.81,1,1,2,0
1328,55,Marketing,Onsite,33,110781,29,2.89,4,0,4,0
1329,38,Marketing,Onsite,80,66527,31,4.76,3,0,4,0
1330,37,Sales,Hybrid,11,82181,22,8.76,5,0,2,0
1331,44,HR,Onsite,161,121472,1,2.92,2,0,4,0
1332,23,Sales,Onsite,128,188074,6,4.52,4,0,2,0
1333,52,Finance,Remote,135,111219,33,3.86,3,1,5,0
1334,55,Finance,Hybrid,128,173532,31,2.36,2,1,5,0
1335,58,Support,Onsite,31,149783,31,3.61,0,1,4,0
1336,33,Marketing,Hybrid,176,191554,13,3.09,1,0,1,1
1337,45,Support,Hybrid,126,177519,2,9.31,0,0,2,0
1338,29,Engineering,Onsite,47,113265,31,7.67,0,0,3,1
1339,24,Finance,Remote,107,80126,35,3.84,5,2,3,1
1340,34,Support,Hybrid,19,50545,16,7.87,2,0,4,1
1341,57,Sales,Onsite,81,85114,2,1.2,5,1,1,0
1342,54,Marketing,Hybrid,123,123740,9,5.74,0,0,2,0
1343,31,Marketing,Remote,134,43890,17,3.25,1,0,5,0
1344,23,HR,Remote,107,151284,2,2.03,3,1,4,0
1345,48,Sales,Remote,49,82482,9,8.95,0,1,2,0
1346,49,HR,Onsite,73,162812,8,2.79,2,1,2,0
1347,29,Support,Onsite,50,191193,10,8.4,3,0,2,1
1348,23,Engineering,Remote,81,172290,32,4.72,3,0,1,0
1349,45,Sales,Onsite,95,101591,35,1.13,3,1,2,0
1350,54,Sales,Remote,12,118241,25,7.59,3,0,1,0
1351,32,Sales,Onsite,23,64722,26,6.37,0,0,1,0
1352,29,HR,Remote,54,79431,21,4.1,1,2,2,1
1353,35,Support,Hybrid,118,72000,25,3.53,1,0,5,1
1354,45,Sales,Remote,59,101975,21,1.66,0,1,2,1
1355,25,Sales,Remote,164,60921,4,9.47,2,1,5,0
1356,31,Marketing,Onsite,3,129265,34,5.45,3,0,4,0
1357,54,Engineering,Onsite,58,118747,1,1.77,1,2,3,0
1358,44,Marketing,Onsite,57,191686,34,8.82,2,0,4,0
1359,35,Marketing,Onsite,145,47601,8,3.51,0,1,1,0
1360,58,Engineering,Onsite,167,123332,17,2.83,3,0,4,0
1361,28,Support,Onsite,90,153254,11,3.53,2,0,3,1
1362,25,Marketing,Hybrid,55,181586,2,6.08,1,0,3,0
1363,46,Support,Remote,45,149004,17,1.67,3,1,5,0
1364,38,Marketing,Remote,1,177364,6,5.34,1,0,4,0
1365,26,Finance,Remote,21,192582,32,9.06,2,0,1,1
1366,57,Engineering,Hybrid,21,58000,5,2.69,2,3,1,1
1367,33,Marketing,Remote,52,160439,17,3.98,1,0,5,1
1368,48,Finance,Hybrid,82,149277,21,4.57,3,2,5,0
1369,25,HR,Hybrid,171,60383,8,6.28,0,0,4,0
1370,33,Finance,Hybrid,67,172857,34,9.27,2,0,5,1
1371,37,Sales,Remote,113,70910,22,4.55,2,1,3,0
1372,52,Marketing,Hybrid,44,185927,11,1.62,3,0,1,0
1373,49,Finance,Remote,160,54281,23,4.13,1,1,3,0
1374,23,Support,Remote,10,143838,8,2.71,2,1,2,0
1375,54,HR,Onsite,64,34841,12,6.87,1,1,3,0
1376,47,Marketing,Onsite,69,127204,16,1.26,4,1,1,0
1377,33,Sales,Hybrid,68,90155,6,3.63,2,1,2,0
1378,53,Finance,Hybrid,28,187990,16,5.91,3,0,4,0
1379,26,HR,Remote,116,86313,23,3.5,1,0,2,0
1380,44,Marketing,Hybrid,51,141688,1,5.96,1,1,5,1
1381,39,HR,Hybrid,4,178515,34,2.03,5,0,1,1
1382,36,Sales,Remote,79,193322,27,9.49,2,0,5,0
1383,48,Finance,Hybrid,17,162994,18,3.62,2,0,3,0
1384,53,HR,Hybrid,108,61976,32,9.31,1,1,4,0
1385,33,HR,Remote,74,173063,20,3.93,2,1,1,1
1386,45,Engineering,Remote,175,134405,9,8.04,2,0,4,1
1387,56,HR,Onsite,23,83744,8,3.22,1,0,1,1
1388,47,Engineering,Remote,18,183805,5,7.03,3,0,5,0
1389,58,Finance,Onsite,129,32473,34,3.91,1,0,3,0
1390,27,Marketing,Hybrid,35,169180,17,5.58,3,0,2,0
1391,25,Marketing,Remote,64,58715,18,7.06,1,1,4,0
1392,51,Finance,Remote,59,193282,4,6.3,2,0,1,0
1393,43,Finance,Remote,1,67317,24,6.19,0,0,1,1
1394,30,Support,Hybrid,131,95516,10,1.59,2,0,4,0
1395,52,Finance,Onsite,67,194434,9,3.24,4,0,2,0
1396,50,HR,Hybrid,37,84604,16,6.15,0,0,3,0
1397,59,Marketing,Hybrid,29,34889,35,1.16,1,3,1,1
1398,51,Sales,Remote,89,103748,25,3.26,3,0,1,1
1399,38,Marketing,Onsite,161,61971,30,3.06,1,2,4,0
1400,56,Engineering,Hybrid,100,80551,31,3.25,4,0,4,0
1401,22,Marketing,Remote,122,164273,20,5.82,0,0,1,0
1402,34,Support,Hybrid,90,138957,17,6.24,2,1,1,0
1403,33,Finance,Hybrid,132,119882,17,9.18,2,0,1,0
1404,49,Finance,Remote,14,67958,0,4.47,1,0,5,0
1405,32,Marketing,Remote,161,35681,13,9.34,1,0,1,0
1406,59,Sales,Onsite,150,131982,7,6.87,4,0,3,0
1407,22,Sales,Hybrid,176,76870,1,9.21,3,0,3,0
1408,52,Support,Remote,131,158396,14,8.5,4,1,2,0
1409,33,Engineering,Remote,85,97203,33,7.19,1,1,4,0
1410,47,Marketing,Onsite,151,189224,35,4.2,3,1,2,1
1411,37,Finance,Onsite,21,80061,0,3.17,2,0,1,1
1412,51,Marketing,Remote,171,88235,20,3.0,1,1,4,0
1413,54,Support,Onsite,26,67890,0,9.57,2,0,1,0
1414,44,HR,Remote,41,120073,31,9.63,0,0,4,1
1415,55,HR,Hybrid,122,91401,19,7.52,2,0,5,0
1416,26,Support,Onsite,38,41217,35,8.95,3,1,5,1
1417,39,Finance,Hybrid,88,78351,29,9.27,2,2,5,0
1418,50,Support,Hybrid,11,63741,6,5.6,3,0,2,1
1419,27,Finance,Hybrid,29,181726,21,6.66,0,0,4,0
1420,30,Sales,Remote,60,31408,9,4.77,3,0,2,1
1421,52,Support,Hybrid,61,72903,7,4.77,2,0,4,0
1422,54,Finance,Hybrid,147,137042,26,1.35,2,1,1,0
1423,48,Support,Hybrid,174,162290,9,4.9,3,1,5,0
1424,35,Support,Remote,177,152189,13,7.06,1,0,5,0
1425,50,Finance,Hybrid,22,139268,10,4.8,6,0,4,0
1426,57,Finance,Hybrid,78,60105,5,8.85,0,0,2,0
1427,49,Engineering,Onsite,113,99634,20,3.99,2,0,2,0
1428,42,Support,Remote,123,147426,32,2.19,2,1,3,0
1429,24,HR,Hybrid,142,168691,18,8.3,1,0,5,0
1430,40,Support,Onsite,44,173011,23,7.07,1,1,5,0
1431,52,Support,Remote,144,48226,17,3.18,1,0,2,0
1432,56,Finance,Remote,97,55322,34,5.83,3,3,5,1
1433,24,Support,Remote,77,147504,18,4.62,0,2,2,1
1434,47,Marketing,Remote,140,88215,23,9.45,5,2,3,1
1435,37,Support,Remote,55,177950,33,6.47,0,1,4,1
1436,32,Marketing,Remote,51,167632,21,2.43,2,1,4,0
1437,42,HR,Hybrid,102,199350,3,5.52,1,1,3,0
1438,37,Finance,Hybrid,167,197284,9,8.76,0,1,5,0
1439,30,Support,Hybrid,161,124835,1,7.04,3,1,1,0
1440,21,Marketing,Hybrid,161,103079,7,8.58,1,0,5,0
1441,42,Marketing,Onsite,29,53946,32,3.25,1,1,2,1
1442,46,Marketing,Hybrid,69,192812,27,9.0,2,0,1,0
1443,38,Sales,Remote,159,140733,9,7.8,2,0,3,0
1444,34,Engineering,Hybrid,80,37253,0,7.56,1,0,4,0
1445,49,HR,Hybrid,31,109311,33,4.12,2,0,4,1
1446,32,Support,Remote,112,62813,2,8.99,3,0,5,0
1447,56,Sales,Hybrid,46,188704,8,6.74,0,0,4,0
1448,55,Support,Hybrid,97,78365,4,8.67,2,2,5,0
1449,32,Support,Hybrid,52,97593,9,4.25,2,0,2,0
1450,27,Finance,Onsite,138,194503,11,2.31,1,1,2,1
1451,49,Finance,Hybrid,74,198508,17,3.99,1,1,3,0
1452,31,Finance,Remote,41,179485,20,5.1,1,0,2,1
1453,53,Sales,Remote,77,68485,20,5.8,2,1,5,0
1454,26,Support,Hybrid,131,141504,0,5.6,3,2,4,0
1455,35,Engineering,Hybrid,114,46101,2,5.91,0,1,2,0
1456,52,HR,Hybrid,52,38831,4,8.58,2,0,2,0
1457,31,Finance,Remote,162,81897,24,2.53,4,0,5,0
1458,43,Finance,Remote,177,35004,7,3.84,0,0,2,0
1459,46,Support,Onsite,156,75924,16,9.0,2,0,4,0
1460,54,Support,Onsite,87,182581,8,6.04,3,0,4,0
1461,54,Sales,Onsite,109,67170,31,6.25,2,0,4,0
1462,49,Sales,Remote,141,73555,5,5.3,5,0,4,0
1463,24,Finance,Onsite,69,175734,20,5.94,1,1,1,0
1464,37,Support,Hybrid,120,148115,6,2.78,4,0,4,1
1465,55,Engineering,Hybrid,67,134216,6,5.92,5,0,1,1
1466,33,HR,Remote,61,95930,26,9.97,4,0,4,0
1467,59,Support,Onsite,71,66365,7,6.09,2,1,4,0
1468,35,Support,Hybrid,152,92188,8,1.4,2,1,5,0
1469,49,Marketing,Remote,151,128633,27,8.17,1,2,4,1
1470,49,Sales,Onsite,30,187745,14,4.57,0,0,2,0
1471,31,HR,Hybrid,146,93471,1,2.38,3,0,4,0
1472,52,Finance,Onsite,96,178228,6,8.76,2,1,3,0
1473,22,Support,Remote,56,87287,17,2.78,2,1,5,0
1474,34,Finance,Onsite,53,162717,21,9.29,2,1,5,0
1475,40,Support,Remote,7,89076,9,4.98,2,2,4,1
1476,42,Finance,Onsite,97,146475,32,7.69,0,1,3,0
1477,31,HR,Hybrid,113,80151,6,5.92,0,0,4,0
1478,47,Sales,Remote,125,97384,2,3.31,1,0,2,1
1479,23,HR,Remote,132,129865,13,7.04,1,0,5,1
1480,37,Marketing,Remote,162,63541,35,9.62,5,0,5,1
1481,48,Engineering,Onsite,161,102847,12,7.93,0,1,3,0
1482,49,Sales,Onsite,121,80955,15,6.44,3,1,1,1
1483,41,HR,Hybrid,38,170362,15,9.92,2,0,3,0
1484,36,Marketing,Remote,122,191215,4,3.39,2,0,2,0
1485,57,Engineering,Remote,26,185581,24,1.56,0,0,3,1
1486,40,Marketing,Onsite,129,117780,25,1.29,2,0,1,1
1487,26,Support,Onsite,4,197813,12,7.4,3,1,2,0
1488,39,Support,Hybrid,39,187970,25,8.47,2,1,2,0
1489,25,Finance,Hybrid,54,129919,0,6.72,1,2,1,0
1490,23,Sales,Onsite,161,142854,7,9.15,2,0,4,0
1491,21,Support,Remote,33,91768,3,7.28,7,0,3,0
1492,58,Marketing,Hybrid,20,73262,20,4.34,0,0,2,0
1493,35,Sales,Onsite,16,166578,21,2.63,6,0,3,0
1494,54,Support,Onsite,149,50605,2,9.32,4,1,1,0
1495,55,Finance,Remote,173,108590,18,1.93,1,1,5,0
1496,45,HR,Onsite,127,58231,0,5.89,0,0,1,0
1497,44,Finance,Onsite,87,109397,28,3.83,2,1,3,0
1498,32,Engineering,Hybrid,82,107123,22,3.44,1,1,2,0
1499,38,Support,Onsite,62,43515,32,6.81,0,2,3,1
1500,35,Engineering,Onsite,31,117211,22,3.08,1,1,5,1
1501,36,Engineering,Hybrid,42,199694,4,9.25,6,0,2,0
1502,47,Marketing,Remote,12,46600,6,4.65,1,0,5,0
1503,28,Sales,Remote,65,188964,5,7.1,1,0,4,1
1504,45,Marketing,Hybrid,73,99310,21,7.55,3,0,1,1
1505,37,Support,Hybrid,131,182873,12,7.15,3,1,4,0
1506,49,Engineering,Remote,115,198767,11,9.13,0,3,3,0
1507,28,HR,Remote,137,189925,3,3.08,1,1,4,0
1508,35,Engineering,Remote,106,165501,7,1.77,0,0,1,1
1509,47,HR,Remote,179,165678,30,1.5,0,1,2,1
1510,27,Marketing,Remote,16,165550,25,8.9,3,0,5,0
1511,23,Marketing,Hybrid,78,144380,7,9.76,3,0,2,0
1512,49,Sales,Onsite,125,141780,32,3.72,1,0,4,0
1513,44,Engineering,Remote,131,186547,28,7.24,1,1,3,1
1514,23,Finance,Remote,152,96177,4,1.08,3,0,4,0
1515,40,Marketing,Onsite,141,182802,27,2.7,3,0,1,1
1516,35,Marketing,Onsite,130,182185,16,7.2,2,0,1,0
1517,45,Sales,Onsite,112,181083,22,1.59,3,0,3,0
1518,50,HR,Onsite,127,85746,8,5.22,1,0,2,0
1519,34,Sales,Onsite,21,153075,1,6.96,2,1,1,0
1520,27,Engineering,Onsite,147,115195,31,7.89,4,1,1,1
1521,37,Support,Hybrid,89,66818,30,5.08,0,1,3,0
1522,40,Support,Onsite,47,198393,6,6.67,2,1,2,0
1523,56,HR,Onsite,150,51309,29,5.86,2,0,4,0
1524,29,Marketing,Hybrid,161,179760,2,1.47,4,0,5,0
1525,58,HR,Onsite,160,58176,8,7.69,2,0,3,1
1526,42,Marketing,Remote,85,98879,9,2.55,4,0,2,0
1527,22,Marketing,Remote,167,97592,25,1.29,2,0,5,0
1528,44,Support,Onsite,128,114728,0,5.06,1,0,3,0
1529,28,HR,Hybrid,72,170488,29,8.79,1,1,4,0
1530,31,Sales,Remote,42,38584,14,2.36,0,0,4,0
1531,33,Marketing,Hybrid,9,154555,24,1.12,1,3,2,1
1532,37,Finance,Remote,25,123302,5,1.99,4,0,2,0
1533,28,Finance,Onsite,2,152408,17,4.27,2,1,4,0
1534,41,Sales,Hybrid,19,48830,0,6.22,0,0,4,0
1535,38,Finance,Hybrid,20,107066,2,2.74,2,0,3,0
1536,50,Engineering,Hybrid,70,33591,16,8.22,3,1,2,1
1537,38,Marketing,Remote,17,123878,7,7.78,2,1,5,0
1538,51,Sales,Remote,124,155407,16,7.26,1,0,4,0
1539,58,HR,Remote,89,146869,24,5.39,3,0,5,0
1540,52,Marketing,Onsite,94,51395,11,4.29,3,0,2,0
1541,31,Sales,Remote,84,46738,28,4.38,3,2,2,1
1542,45,Support,Onsite,131,163703,24,5.53,1,2,1,0
1543,53,HR,Hybrid,87,178977,35,1.7,2,2,4,0
1544,58,Support,Hybrid,51,49056,24,7.14,1,0,2,0
1545,28,Marketing,Onsite,82,151656,28,4.16,0,0,2,1
1546,31,HR,Remote,154,145316,10,3.02,0,0,4,0
1547,42,Finance,Onsite,8,196519,3,3.5,3,0,1,0
1548,44,Sales,Hybrid,165,84418,13,2.62,4,1,1,1
1549,37,Marketing,Hybrid,121,67190,16,9.11,4,0,1,1
1550,32,Engineering,Onsite,155,56014,1,2.52,2,0,1,0
1551,52,HR,Remote,173,155563,7,8.95,1,1,3,0
1552,35,HR,Remote,4,31780,35,6.15,2,3,4,1
1553,36,Marketing,Onsite,86,72192,9,8.81,2,0,4,0
1554,42,Marketing,Onsite,128,134875,6,5.27,0,0,4,0
1555,48,Support,Remote,110,129129,35,9.35,3,2,1,1
1556,40,Finance,Hybrid,99,73923,15,2.9,1,0,1,0
1557,53,Support,Onsite,37,119196,13,5.99,1,1,2,0
1558,30,Support,Remote,71,32395,15,2.13,1,0,3,0
1559,52,Finance,Remote,33,132449,24,5.02,2,1,4,0
1560,53,Engineering,Hybrid,31,151747,3,6.13,2,0,3,0
1561,22,Support,Hybrid,125,176851,28,6.45,2,0,4,0
1562,53,Support,Hybrid,12,101028,5,4.29,2,1,1,0
1563,53,HR,Hybrid,11,190794,0,1.69,1,0,1,1
1564,33,Finance,Hybrid,88,168183,0,6.9,3,1,4,0
1565,50,Sales,Onsite,72,171056,2,5.4,2,0,5,0
1566,53,Engineering,Remote,32,123176,0,2.23,0,0,1,0
1567,33,Engineering,Onsite,57,56924,0,9.42,0,0,2,0
1568,46,Finance,Onsite,166,62577,20,9.6,3,1,1,1
1569,42,Marketing,Onsite,86,168783,29,8.71,1,1,2,0
1570,59,Marketing,Onsite,19,115548,31,8.59,2,0,3,1
1571,22,HR,Onsite,116,155093,32,1.89,2,2,1,1
1572,58,HR,Hybrid,14,165168,21,9.94,1,0,1,0
1573,59,Finance,Hybrid,33,96555,29,4.6,3,0,3,0
1574,46,HR,Remote,10,119848,3,2.47,1,0,2,0
1575,35,Engineering,Onsite,80,38254,22,8.31,2,0,5,0
1576,54,Engineering,Remote,64,155410,24,3.03,5,0,2,1
1577,31,Sales,Hybrid,68,167037,11,5.74,3,2,4,0
1578,23,Marketing,Hybrid,92,133025,16,2.15,4,0,4,0
1579,26,Finance,Hybrid,125,160509,14,5.27,4,1,4,0
1580,29,Support,Onsite,171,62963,9,6.02,1,0,3,0
1581,26,Marketing,Onsite,80,33273,34,5.01,0,1,2,0
1582,29,Support,Hybrid,59,45330,28,1.63,2,1,1,0
1583,59,Sales,Remote,97,182566,11,5.36,2,2,4,0
1584,51,Sales,Remote,19,106422,0,5.22,0,1,2,1
1585,52,HR,Hybrid,149,152089,0,3.35,3,0,1,0
1586,32,Sales,Remote,22,33212,9,9.29,2,0,2,0
1587,28,Sales,Hybrid,9,117594,17,4.76,2,0,3,0
1588,28,Support,Remote,9,162152,1,8.78,2,0,4,0
1589,48,HR,Hybrid,27,62675,7,1.99,2,2,5,1
1590,40,Sales,Remote,17,52007,21,3.87,1,0,4,0
1591,27,Marketing,Onsite,172,143805,21,2.59,2,1,4,0
1592,31,Sales,Hybrid,45,112641,25,4.68,1,3,3,0
1593,40,HR,Hybrid,8,125815,25,2.0,1,1,1,1
1594,36,Finance,Remote,146,76815,8,4.97,0,0,4,0
1595,24,HR,Hybrid,125,113482,20,4.18,5,0,1,0
1596,26,Support,Hybrid,123,30639,30,3.01,2,0,1,1
1597,42,Finance,Hybrid,33,93593,5,6.78,4,0,3,0
1598,46,Marketing,Onsite,1,108038,13,9.56,1,1,4,0
1599,23,Engineering,Onsite,6,123899,32,2.86,2,1,3,1
1600,34,HR,Remote,41,33736,6,7.41,3,1,3,0
1601,31,Support,Onsite,5,46473,23,7.68,2,2,5,1
1602,38,Marketing,Remote,80,158771,8,5.48,1,1,3,1
1603,32,Finance,Onsite,18,155801,10,9.08,4,2,5,0
1604,43,Marketing,Remote,177,195091,22,9.7,1,0,1,0
1605,32,HR,Onsite,82,137598,1,4.26,1,1,1,1
1606,33,Sales,Onsite,65,116623,14,6.86,3,1,2,0
1607,45,HR,Remote,83,66820,34,6.96,1,0,2,1
1608,39,Engineering,Hybrid,136,87589,35,4.63,2,1,1,0
1609,56,HR,Hybrid,131,48414,27,3.85,2,1,4,0
1610,28,Finance,Onsite,25,157378,3,9.4,0,1,2,0
1611,49,Finance,Remote,69,54220,9,8.11,4,1,3,0
1612,52,HR,Hybrid,168,90531,5,2.03,1,1,2,0
1613,38,Finance,Remote,82,140002,29,2.08,1,1,1,1
1614,26,Sales,Hybrid,178,39387,34,9.3,1,0,4,0
1615,38,Marketing,Remote,117,106815,9,1.73,2,0,1,1
1616,39,HR,Onsite,95,57584,31,7.2,3,0,4,0
1617,42,Sales,Remote,33,74783,2,3.04,1,0,2,0
1618,57,Marketing,Hybrid,111,154494,25,1.32,1,0,3,0
1619,52,Marketing,Onsite,146,145814,14,1.54,1,1,3,0
1620,23,Sales,Remote,125,160752,16,4.36,1,0,1,0
1621,48,Support,Hybrid,16,171929,26,1.7,1,1,4,0
1622,30,HR,Onsite,80,103588,17,6.37,6,1,2,0
1623,55,Marketing,Remote,38,178067,18,6.83,1,1,4,0
1624,49,Marketing,Hybrid,169,43580,11,4.36,4,0,4,0
1625,35,Finance,Remote,135,48240,23,7.69,3,1,4,0
1626,53,Marketing,Remote,78,113446,4,5.41,3,1,2,0
1627,27,Sales,Onsite,63,134533,23,4.87,2,2,4,0
1628,32,Marketing,Onsite,112,195938,26,4.66,1,1,3,0
1629,50,Support,Hybrid,89,110974,29,4.88,1,1,1,0
1630,41,HR,Onsite,160,103401,14,9.71,2,0,5,0
1631,51,HR,Hybrid,38,173283,33,7.13,3,0,4,0
1632,44,Marketing,Remote,150,194340,26,3.84,0,1,3,0
1633,40,Engineering,Remote,144,33646,19,7.6,0,2,3,0
1634,57,Engineering,Hybrid,52,72816,31,3.97,3,2,1,1
1635,24,Sales,Remote,29,119460,3,2.13,3,0,1,0
1636,48,Engineering,Onsite,144,74112,4,5.28,1,2,5,0
1637,40,Sales,Remote,76,81048,7,7.76,2,1,5,1
1638,44,Finance,Onsite,145,162850,21,4.4,2,1,5,0
1639,52,Sales,Hybrid,64,75752,6,8.82,3,0,2,0
1640,56,Engineering,Hybrid,91,100726,21,4.48,0,0,2,1
1641,54,Marketing,Remote,89,188361,29,4.15,1,1,3,0
1642,56,Finance,Remote,13,74788,15,9.98,2,1,1,0
1643,22,Engineering,Onsite,72,34747,14,5.34,3,1,4,0
1644,35,Sales,Onsite,5,30045,4,8.25,2,0,1,0
1645,54,Support,Remote,12,37758,2,8.24,4,0,2,0
1646,56,HR,Remote,169,155076,22,9.34,1,0,3,0
1647,26,Engineering,Hybrid,3,184509,9,1.76,1,1,4,0
1648,59,Sales,Hybrid,33,180657,4,3.44,1,0,5,0
1649,32,Finance,Hybrid,121,170926,22,7.91,3,0,5,0
1650,23,Engineering,Remote,50,86950,14,6.06,2,0,2,0
1651,38,Engineering,Remote,137,178421,17,6.04,5,0,3,0
1652,41,HR,Remote,178,182420,24,2.5,3,0,1,0
1653,35,Sales,Hybrid,29,195368,7,3.53,1,1,2,0
1654,53,Support,Remote,39,49455,30,5.69,4,0,1,1
1655,55,Finance,Onsite,91,118552,20,3.49,1,0,4,1
1656,46,Sales,Remote,100,76116,1,2.89,1,0,1,1
1657,28,Finance,Remote,173,150461,21,1.79,1,2,4,1
1658,56,Engineering,Remote,17,70484,7,2.4,0,0,3,0
1659,50,HR,Remote,56,191287,22,7.92,1,0,2,1
1660,43,HR,Remote,46,111638,31,7.47,3,2,1,0
1661,34,Marketing,Onsite,67,164476,7,1.41,6,0,3,0
1662,34,Support,Onsite,142,198332,3,2.83,4,1,3,0
1663,22,HR,Remote,67,130647,29,6.04,4,0,1,0
1664,57,Engineering,Hybrid,23,95642,18,3.9,2,0,5,0
1665,25,Support,Remote,94,76009,22,8.41,2,0,5,0
1666,58,Sales,Remote,151,158824,17,8.06,1,2,4,0
1667,34,HR,Remote,155,59605,28,9.02,2,0,3,1
1668,59,Support,Hybrid,54,140879,22,6.07,1,1,2,0
1669,45,Engineering,Hybrid,138,198641,32,4.17,3,0,2,1
1670,40,Marketing,Hybrid,77,150827,17,6.45,2,0,3,1
1671,22,Finance,Onsite,16,35580,32,1.8,2,0,5,1
1672,59,Finance,Hybrid,41,144902,6,1.09,4,1,3,0
1673,26,Engineering,Onsite,98,35400,27,1.15,3,1,4,0
1674,37,Engineering,Onsite,128,126032,0,4.67,1,0,3,0
1675,45,Finance,Hybrid,61,157319,33,3.05,2,1,1,1
1676,48,Marketing,Hybrid,86,136960,18,2.42,3,0,5,1
1677,22,Support,Hybrid,118,69015,30,6.54,5,1,1,0
1678,55,Finance,Onsite,100,101713,12,9.96,2,0,1,0
1679,57,Engineering,Remote,49,176046,23,2.6,1,1,3,1
1680,25,HR,Hybrid,2,175109,4,5.92,1,0,3,0
1681,21,Sales,Hybrid,120,177239,22,2.08,2,1,2,1
1682,32,Marketing,Hybrid,178,118754,18,9.41,0,1,1,1
1683,56,Marketing,Onsite,123,73148,0,3.63,2,1,3,0
1684,43,HR,Onsite,86,182606,32,8.91,3,2,2,1
1685,51,HR,Remote,171,152790,32,3.55,1,1,1,1
1686,31,Engineering,Hybrid,77,116078,31,8.25,1,1,2,1
1687,30,Finance,Onsite,136,86879,27,2.88,0,0,5,1
1688,23,Support,Remote,59,149894,11,3.64,0,0,4,0
1689,34,Marketing,Hybrid,12,95839,8,2.73,2,0,1,0
1690,36,Marketing,Onsite,4,59756,10,3.38,2,0,3,1
1691,30,HR,Hybrid,117,173755,32,8.51,0,0,5,1
1692,49,Finance,Hybrid,95,172097,18,6.75,2,0,2,0
1693,30,Marketing,Onsite,125,179787,33,4.65,5,0,4,0
1694,32,Support,Onsite,41,122943,6,9.74,3,1,1,1
1695,50,HR,Onsite,123,178188,30,5.18,3,0,4,0
1696,21,Support,Hybrid,7,66744,1,9.73,5,0,5,0
1697,25,Finance,Hybrid,69,154697,18,2.77,2,2,4,0
1698,40,Marketing,Remote,69,146072,31,9.14,5,3,1,1
1699,28,Sales,Hybrid,81,163196,9,1.12,1,0,5,0
1700,32,Marketing,Onsite,30,199123,7,5.91,2,0,2,0
1701,21,Finance,Hybrid,73,37176,25,4.81,3,0,1,0
1702,40,Marketing,Remote,6,121310,29,5.73,0,1,4,1
1703,48,Marketing,Remote,89,179748,10,5.98,2,1,1,0
1704,57,Engineering,Onsite,147,75177,19,4.5,2,0,5,0
1705,57,Marketing,Onsite,66,140623,19,9.98,3,3,4,0
1706,32,Marketing,Remote,10,30997,8,9.79,4,1,2,0
1707,57,Support,Remote,144,150179,7,9.66,5,1,3,0
1708,48,Sales,Remote,37,150403,14,9.81,2,1,2,0
1709,35,Support,Onsite,77,172303,33,8.14,1,2,1,1
1710,26,Support,Remote,77,125287,23,9.9,3,0,3,0
1711,40,HR,Remote,32,149574,32,9.03,3,1,5,0
1712,34,Engineering,Onsite,47,151509,26,4.74,3,0,4,0
1713,22,Support,Hybrid,110,115447,20,8.06,4,2,4,0
1714,29,Finance,Hybrid,171,139522,4,9.21,2,0,5,0
1715,57,Finance,Remote,120,111144,34,7.41,2,0,1,1
1716,40,Marketing,Hybrid,164,122693,20,4.81,0,1,2,0
1717,46,HR,Hybrid,154,124315,3,1.59,2,0,3,0
1718,49,Engineering,Hybrid,10,57387,15,8.29,1,0,5,0
1719,21,Engineering,Hybrid,159,34090,30,9.57,3,0,1,0
1720,55,Marketing,Remote,97,150846,25,4.26,2,2,1,1
1721,26,Finance,Hybrid,157,186017,34,2.37,3,0,3,1
1722,57,Sales,Hybrid,5,70239,5,3.94,4,2,5,1
1723,25,HR,Onsite,77,33743,32,6.24,1,0,2,0
1724,53,Marketing,Remote,1,60924,20,3.85,2,3,2,1
1725,34,HR,Onsite,131,171268,15,6.5,2,1,5,0
1726,32,Finance,Onsite,67,160160,33,9.7,1,2,4,0
1727,40,Finance,Remote,163,121815,14,7.04,3,1,2,0
1728,44,Sales,Hybrid,15,135312,5,4.26,3,2,4,0
1729,54,Sales,Onsite,93,98860,1,9.42,2,0,5,0
1730,45,Engineering,Remote,30,110399,23,6.09,1,0,1,0
1731,49,HR,Hybrid,103,78795,27,2.16,3,0,5,1
1732,59,HR,Remote,82,81553,0,5.49,4,0,1,0
1733,51,Finance,Onsite,75,133976,0,6.88,2,0,5,0
1734,43,Engineering,Hybrid,171,185183,27,8.54,3,1,4,0
1735,58,Marketing,Hybrid,60,143566,35,9.43,0,0,4,1
1736,40,HR,Remote,40,149968,19,3.86,2,2,5,0
1737,43,Engineering,Hybrid,157,91600,7,2.4,2,0,1,0
1738,36,Engineering,Onsite,74,80022,0,1.66,2,0,5,0
1739,28,Finance,Onsite,121,164271,25,7.65,1,0,1,1
1740,41,Engineering,Onsite,147,80897,24,8.16,1,1,4,0
1741,21,Sales,Remote,3,68038,9,4.68,3,1,3,0
1742,28,Sales,Hybrid,36,153323,11,4.56,2,3,2,1
1743,49,Support,Hybrid,43,150278,6,9.59,1,0,4,0
1744,52,Finance,Hybrid,143,141054,11,9.25,1,0,5,0
1745,58,Marketing,Onsite,169,37897,16,3.1,0,1,5,0
1746,25,Support,Hybrid,115,94541,4,8.03,1,0,1,0
1747,42,Sales,Onsite,109,136968,13,6.6,3,1,2,0
1748,54,Support,Hybrid,90,44892,33,2.39,2,1,4,0
1749,21,Finance,Onsite,164,169343,16,4.21,0,0,2,0
1750,46,Finance,Hybrid,84,54815,34,2.6,1,0,2,0
1751,30,Engineering,Remote,77,75612,0,3.66,3,0,4,0
1752,50,HR,Remote,161,194429,35,6.54,1,0,1,0
1753,38,Engineering,Onsite,5,46267,14,4.38,4,1,1,1
1754,37,Finance,Onsite,78,48268,18,4.55,2,1,1,1
1755,46,Sales,Hybrid,91,144463,4,5.86,3,0,3,0
1756,28,Marketing,Hybrid,87,175335,18,1.79,1,1,2,0
1757,32,Sales,Remote,14,125347,4,7.65,2,0,3,0
1758,47,Engineering,Hybrid,104,124542,11,4.62,2,0,1,0
1759,28,Marketing,Onsite,83,96612,18,5.32,0,0,4,0
1760,45,Finance,Onsite,175,168307,11,9.77,4,0,2,0
1761,24,Sales,Onsite,54,118757,35,4.1,3,0,4,0
1762,53,Finance,Onsite,132,177489,11,6.83,3,0,5,0
1763,21,Marketing,Onsite,95,128075,17,4.53,1,0,2,1
1764,39,Marketing,Remote,9,64609,33,9.05,2,1,4,0
1765,51,Sales,Remote,53,132785,32,8.62,3,1,1,0
1766,36,Finance,Onsite,77,194974,17,3.17,3,2,3,0
1767,34,Support,Hybrid,60,53645,28,7.23,2,1,4,1
1768,25,Finance,Onsite,46,92233,4,1.59,2,0,5,0
1769,46,Marketing,Remote,54,141443,24,9.67,1,0,1,1
1770,48,Finance,Onsite,74,184473,23,4.14,3,2,5,0
1771,22,Engineering,Remote,112,37771,28,8.49,2,0,3,0
1772,26,Support,Remote,95,132601,32,3.87,2,0,5,0
1773,29,HR,Onsite,165,163014,9,6.69,3,0,4,0
1774,53,Engineering,Onsite,23,181460,32,9.85,1,0,4,0
1775,45,HR,Hybrid,27,155224,22,8.89,3,0,1,0
1776,33,Sales,Remote,70,113251,10,2.44,0,0,3,0
1777,29,HR,Hybrid,109,87042,23,5.93,3,1,3,0
1778,33,Finance,Onsite,77,83740,23,4.14,3,1,2,0
1779,51,HR,Remote,179,77024,6,4.91,3,1,2,0
1780,31,Marketing,Hybrid,50,184522,20,4.02,3,0,4,0
1781,24,Engineering,Hybrid,124,86965,19,4.02,3,2,5,0
1782,54,Engineering,Hybrid,19,40057,9,5.88,2,0,5,0
1783,58,HR,Onsite,1,38983,24,2.73,0,1,1,1
1784,24,Engineering,Onsite,40,160469,35,5.84,4,1,3,0
1785,58,Marketing,Onsite,160,49995,14,3.51,2,0,4,0
1786,39,Engineering,Remote,22,144587,5,3.6,3,0,5,0
1787,26,HR,Onsite,112,68886,1,7.65,2,0,2,0
1788,54,Support,Remote,40,119025,11,1.27,0,1,4,0
1789,38,Support,Hybrid,38,125149,3,4.43,3,0,1,0
1790,33,Sales,Hybrid,48,124020,22,4.67,2,0,4,0
1791,43,Engineering,Onsite,75,32673,12,5.37,2,0,5,0
1792,39,HR,Hybrid,179,195962,16,7.02,1,0,1,0
1793,31,Engineering,Onsite,107,107513,30,4.33,2,0,2,1
1794,21,Finance,Remote,8,53466,15,2.92,4,3,2,0
1795,44,Marketing,Hybrid,86,122545,25,8.96,2,1,5,0
1796,27,Engineering,Onsite,68,80406,27,9.83,0,0,1,0
1797,45,Engineering,Hybrid,75,164760,0,1.18,1,1,2,1
1798,41,Support,Hybrid,137,99284,11,5.92,1,1,1,0
1799,35,Marketing,Onsite,90,144579,19,4.08,2,1,4,0
1800,21,HR,Hybrid,130,43665,1,3.49,2,1,3,0
1801,32,Engineering,Hybrid,80,50641,35,4.02,4,1,3,0
1802,27,Support,Hybrid,95,193572,14,6.75,6,1,3,0
1803,35,Sales,Hybrid,70,65797,21,2.72,2,0,2,0
1804,41,Marketing,Remote,90,75950,31,9.22,2,1,5,0
1805,39,Support,Hybrid,59,186118,19,5.2,1,0,3,0
1806,49,Support,Hybrid,147,159554,35,3.93,0,0,5,0
1807,45,Support,Onsite,28,132339,32,7.89,2,1,3,0
1808,53,Engineering,Remote,72,143431,14,1.15,1,0,4,0
1809,52,Engineering,Onsite,14,170710,2,4.89,2,1,3,1
1810,55,Sales,Onsite,24,51173,28,4.2,3,1,5,0
1811,58,Finance,Onsite,112,174294,26,4.04,2,3,2,1
1812,46,Finance,Remote,44,198082,4,4.03,1,0,4,0
1813,31,Finance,Onsite,56,48095,30,1.28,3,1,5,0
1814,55,Marketing,Onsite,120,153554,21,2.37,2,0,1,0
1815,28,Marketing,Onsite,179,162511,34,2.28,1,0,3,0
1816,34,Sales,Hybrid,32,155614,6,9.9,5,1,4,0
1817,30,Marketing,Onsite,178,166447,5,1.2,3,1,2,0
1818,22,Finance,Remote,169,119023,25,2.5,2,0,1,0
1819,29,Finance,Remote,25,137181,0,9.77,1,0,3,0
1820,23,Support,Hybrid,116,50600,18,6.65,3,0,4,0
1821,41,Marketing,Remote,66,32466,6,5.06,1,0,5,0
1822,46,Engineering,Remote,42,139934,35,1.71,2,1,3,0
1823,28,Engineering,Hybrid,164,83276,11,7.03,1,0,4,0
1824,22,Support,Onsite,76,36928,19,2.24,2,0,3,1
1825,26,Support,Hybrid,137,85309,22,7.04,1,1,4,0
1826,48,Support,Onsite,164,146196,24,9.81,2,0,5,1
1827,49,Engineering,Onsite,38,39404,29,5.79,3,0,3,0
1828,46,Finance,Remote,161,194711,28,2.93,2,1,4,1
1829,45,Support,Hybrid,170,143187,30,6.63,1,1,1,1
1830,32,Sales,Remote,61,140449,17,5.62,4,0,2,0
1831,25,Support,Remote,174,57684,18,5.8,3,1,4,0
1832,54,HR,Onsite,89,98591,3,5.3,0,0,4,0
1833,57,Support,Remote,18,149821,0,7.06,1,0,4,0
1834,35,Engineering,Hybrid,70,32682,14,6.15,0,0,3,0
1835,56,Marketing,Remote,82,141186,7,9.88,1,1,2,1
1836,35,Support,Remote,116,199118,14,8.43,2,1,3,0
1837,43,Marketing,Onsite,80,51832,14,3.38,4,0,4,0
1838,26,HR,Hybrid,15,46997,21,7.53,1,0,4,0
1839,41,Sales,Remote,176,64640,17,2.93,2,0,2,1
1840,43,Marketing,Onsite,13,70491,15,8.04,4,1,1,1
1841,36,Finance,Remote,119,93043,1,2.33,2,0,3,0
1842,35,Support,Hybrid,43,142175,35,5.26,2,0,1,0
1843,45,HR,Remote,57,158568,19,8.12,2,1,4,0
1844,56,HR,Remote,17,144250,15,3.52,5,0,4,0
1845,31,Marketing,Onsite,178,102725,2,8.53,2,0,5,0
1846,35,Sales,Remote,32,158131,29,6.8,0,0,5,0
1847,24,Engineering,Onsite,150,75520,1,4.58,3,0,1,0
1848,41,Support,Hybrid,55,92919,34,4.81,4,0,5,1
1849,33,HR,Remote,13,139869,25,9.33,3,0,2,1
1850,42,Sales,Hybrid,47,94442,4,2.96,2,1,1,0
1851,39,Finance,Hybrid,87,182842,1,7.24,2,0,5,0
1852,54,HR,Remote,62,135246,19,7.37,5,1,5,0
1853,34,Sales,Onsite,29,139687,33,9.3,2,0,2,1
1854,24,Engineering,Hybrid,22,153447,33,7.42,3,0,2,1
1855,47,Engineering,Hybrid,65,91477,19,6.26,4,1,1,1
1856,49,HR,Remote,29,30244,24,9.12,2,2,3,0
1857,48,HR,Remote,48,193860,19,8.46,1,1,2,0
1858,55,Marketing,Remote,5,109453,24,7.45,3,0,5,0
1859,28,Support,Remote,163,157962,13,1.29,2,0,1,0
1860,36,Sales,Remote,101,101303,11,4.36,1,0,3,1
1861,56,HR,Remote,71,58390,4,6.69,2,1,1,0
1862,50,Support,Onsite,174,40247,1,5.7,1,0,5,0
1863,38,Marketing,Hybrid,163,195750,15,3.87,3,3,3,0
1864,22,Support,Onsite,173,59583,29,2.3,2,0,3,0
1865,33,HR,Onsite,141,169148,23,5.98,1,0,2,0
1866,24,Engineering,Remote,138,179078,29,3.57,3,0,4,1
1867,46,Sales,Hybrid,66,176123,10,3.1,1,0,5,0
1868,45,Sales,Onsite,72,165386,13,4.59,1,0,4,0
1869,50,Engineering,Remote,25,58670,22,8.07,2,2,5,0
1870,31,HR,Remote,172,154920,15,5.39,3,1,1,1
1871,27,Sales,Hybrid,60,40236,20,2.95,2,0,4,1
1872,51,HR,Onsite,175,65568,3,2.05,4,1,3,0
1873,30,Marketing,Onsite,40,137327,32,5.49,2,1,2,1
1874,59,HR,Onsite,7,140188,13,8.15,1,1,5,0
1875,33,Support,Remote,174,46352,18,6.88,5,1,2,1
1876,51,Engineering,Hybrid,151,155721,4,3.09,2,0,5,0
1877,27,HR,Hybrid,46,171418,35,4.93,3,0,3,1
1878,56,Marketing,Onsite,86,186228,30,8.7,4,0,3,1
1879,40,Finance,Remote,141,85904,17,2.6,0,2,3,1
1880,24,Engineering,Onsite,21,175107,30,5.79,1,0,3,0
1881,27,Sales,Hybrid,1,152141,29,4.21,1,1,3,0
1882,21,Support,Remote,123,46108,20,2.12,1,0,2,0
1883,33,Sales,Onsite,147,32853,29,1.45,0,0,1,1
1884,42,Marketing,Onsite,125,114156,3,6.0,1,0,4,0
1885,41,Marketing,Remote,33,34176,4,1.19,1,0,2,0
1886,42,Sales,Hybrid,4,130459,9,1.93,2,0,4,0
1887,48,Engineering,Remote,3,186992,26,4.13,0,1,1,1
1888,29,Sales,Onsite,91,167901,15,1.39,3,0,5,0
1889,46,HR,Onsite,52,153225,29,4.6,3,0,1,0
1890,29,Sales,Onsite,28,148458,12,2.17,2,1,1,0
1891,35,Support,Onsite,70,140893,35,4.15,3,0,5,1
1892,30,Support,Hybrid,57,103927,20,8.12,1,0,4,0
1893,44,Finance,Hybrid,108,148178,14,6.64,0,0,3,0
1894,28,Support,Onsite,144,70667,19,5.01,1,0,5,0
1895,44,Sales,Hybrid,24,196915,19,1.83,2,1,5,0
1896,36,Support,Hybrid,169,191615,4,6.57,0,1,1,0
1897,46,Engineering,Hybrid,77,36611,31,2.47,1,1,5,0
1898,47,Support,Onsite,175,118242,5,1.69,1,0,2,1
1899,57,HR,Remote,76,114612,29,6.98,4,0,3,0
1900,24,Engineering,Remote,69,76902,25,9.21,1,0,1,1
1901,44,Finance,Remote,101,63043,12,5.15,2,0,4,0
1902,39,HR,Onsite,159,166343,28,1.37,4,0,4,0
1903,56,Sales,Hybrid,92,102867,4,8.92,4,0,4,0
1904,59,Sales,Hybrid,92,107089,24,1.6,0,0,4,0
1905,30,Sales,Onsite,30,88745,12,8.81,2,0,4,0
1906,45,HR,Onsite,18,172645,23,4.53,0,1,1,0
1907,38,HR,Remote,44,182481,30,4.29,2,2,2,1
1908,39,HR,Remote,155,115970,19,5.89,1,0,2,0
1909,56,Engineering,Onsite,99,54464,7,9.61,3,0,4,0
1910,30,Marketing,Remote,154,148523,8,9.09,0,0,2,0
1911,53,Engineering,Hybrid,121,50662,20,5.23,2,0,3,0
1912,25,Sales,Onsite,115,48228,19,7.26,3,0,2,0
1913,55,Marketing,Onsite,60,90721,14,6.22,3,0,5,0
1914,54,Support,Hybrid,146,168458,25,7.24,3,0,4,0
1915,53,Sales,Hybrid,56,36862,10,8.46,2,0,5,0
1916,41,Finance,Hybrid,31,70108,10,1.31,1,0,5,0
1917,37,Engineering,Remote,101,121788,26,3.93,2,0,4,0
1918,42,HR,Onsite,59,110140,29,9.63,0,0,1,1
1919,57,Engineering,Remote,124,188273,18,9.54,2,0,2,0
1920,35,HR,Hybrid,130,98578,33,1.1,2,0,3,0
1921,55,Marketing,Remote,97,79966,22,2.81,2,2,1,0
1922,48,Finance,Hybrid,167,40386,0,9.94,1,1,3,0
1923,27,Marketing,Remote,107,107228,2,5.44,3,0,4,0
1924,52,Finance,Remote,18,176297,2,6.16,3,0,2,0
1925,31,Engineering,Hybrid,145,177765,27,2.5,4,1,1,1
1926,30,HR,Remote,167,102197,13,9.05,1,0,4,0
1927,29,Marketing,Onsite,71,73021,29,3.08,2,0,1,0
1928,34,Finance,Remote,106,148915,4,2.71,1,1,5,0
1929,33,Sales,Remote,54,179333,14,3.05,1,0,2,0
1930,45,Sales,Onsite,94,188450,13,9.28,3,0,2,1
1931,22,Marketing,Hybrid,76,147174,13,7.33,2,1,4,0
1932,55,HR,Onsite,35,116755,7,7.92,4,1,4,0
1933,27,Marketing,Remote,11,173009,7,4.39,4,0,4,0
1934,41,Engineering,Hybrid,61,96330,18,9.18,1,0,2,0
1935,38,Finance,Remote,44,102322,31,8.1,4,0,5,0
1936,23,Engineering,Remote,121,132318,30,7.76,5,1,2,0
1937,59,Sales,Onsite,68,75313,28,9.74,1,2,4,0
1938,31,Finance,Onsite,25,57032,10,4.3,3,1,3,0
1939,59,Marketing,Hybrid,176,178430,12,6.5,3,0,5,0
1940,44,Engineering,Hybrid,160,91710,26,9.19,2,0,2,0
1941,39,Support,Hybrid,84,125326,18,8.12,1,0,3,0
1942,24,HR,Remote,114,116157,25,6.07,2,0,5,0
1943,46,HR,Onsite,132,58365,8,1.69,2,0,2,1
1944,58,Support,Onsite,166,43189,27,6.87,3,2,4,1
1945,52,Sales,Onsite,175,37248,31,5.74,0,0,2,1
1946,59,Finance,Hybrid,1,34369,2,2.66,3,0,5,0
1947,56,HR,Onsite,131,169122,31,8.94,1,0,4,1
1948,57,Support,Onsite,86,58605,4,4.09,2,0,1,1
1949,53,Marketing,Onsite,62,79616,7,4.49,0,2,3,0
1950,56,Support,Hybrid,64,133719,13,7.05,0,0,4,0
1951,23,Sales,Onsite,145,63055,2,5.4,3,0,4,0
1952,29,Sales,Hybrid,126,146680,23,1.8,2,0,5,0
1953,28,Engineering,Onsite,105,37450,12,4.49,1,0,5,0
1954,53,HR,Onsite,62,163997,28,1.85,2,6,3,0
1955,26,Engineering,Onsite,35,80272,7,2.72,0,0,5,0
1956,59,Support,Hybrid,13,35310,30,1.06,2,0,4,0
1957,24,Finance,Hybrid,163,61817,25,2.63,3,0,3,0
1958,33,Finance,Onsite,43,112641,17,3.97,2,0,3,0
1959,22,Sales,Remote,130,45457,17,5.84,2,1,2,0
1960,25,Finance,Hybrid,111,72311,6,9.27,3,0,4,0
1961,47,Finance,Hybrid,128,165052,15,5.86,2,0,4,0
1962,52,Finance,Onsite,51,181958,32,7.35,3,0,5,0
1963,41,Support,Remote,144,153573,2,4.22,1,0,4,0
1964,28,Finance,Onsite,146,127427,3,7.76,0,0,5,0
1965,58,Marketing,Hybrid,135,66181,35,6.58,2,0,4,0
1966,28,Finance,Hybrid,45,194334,3,5.14,2,0,2,1
1967,23,Finance,Onsite,164,162019,8,2.74,1,0,4,0
1968,23,Engineering,Onsite,169,161094,16,3.73,4,0,2,0
1969,42,Support,Remote,42,31128,16,6.59,0,1,4,0
1970,26,Sales,Remote,135,109522,32,4.83,1,0,4,0
1971,22,Engineering,Hybrid,15,193394,19,9.0,4,1,1,0
1972,43,HR,Remote,60,78929,13,3.11,2,0,4,0
1973,22,Support,Remote,40,111696,21,1.66,2,1,2,1
1974,58,Marketing,Hybrid,165,145245,26,6.3,2,0,3,1
1975,37,Support,Hybrid,112,39808,2,8.97,0,2,2,0
1976,55,HR,Hybrid,77,125148,23,4.28,1,2,4,0
1977,54,HR,Hybrid,105,51725,29,6.83,1,1,5,0
1978,43,HR,Onsite,107,102534,7,3.08,3,0,1,0
1979,50,Sales,Hybrid,122,69950,21,6.03,2,1,5,1
1980,28,Finance,Hybrid,80,113576,24,8.08,1,3,1,1
1981,42,Support,Hybrid,125,50557,9,8.8,4,0,1,0
1982,56,Finance,Remote,172,51825,28,1.95,3,1,5,1
1983,25,Finance,Hybrid,134,38998,0,4.21,1,0,4,0
1984,33,Marketing,Onsite,32,66080,20,6.76,4,1,2,0
1985,49,HR,Onsite,108,176874,23,1.31,4,0,5,0
1986,51,Sales,Hybrid,114,172239,8,7.22,1,0,3,1
1987,36,Marketing,Onsite,146,72407,25,5.75,2,0,1,1
1988,50,Engineering,Remote,68,150283,8,3.6,2,0,2,0
1989,36,Sales,Hybrid,127,43338,19,8.33,3,0,3,0
1990,32,Finance,Onsite,135,106289,34,3.61,1,0,2,1
1991,37,Sales,Onsite,114,179967,35,9.92,2,1,4,0
1992,36,HR,Hybrid,8,161029,35,8.35,2,1,3,0
1993,32,Engineering,Onsite,64,139367,8,7.37,3,2,5,1
1994,28,HR,Hybrid,135,95898,21,1.55,1,1,2,0
1995,40,Engineering,Onsite,41,164526,0,9.14,0,0,5,0
1996,23,Marketing,Remote,40,147486,4,8.11,1,2,5,0
1997,36,Finance,Onsite,3,116540,8,3.06,1,1,2,0
1998,50,Engineering,Onsite,145,166421,18,4.53,1,1,2,1
1999,43,Engineering,Hybrid,110,155416,7,3.42,2,1,1,1
2000,48,Engineering,Onsite,114,69963,31,9.86,1,2,1,0
2001,25,Sales,Hybrid,112,168822,12,8.69,1,1,3,0
2002,40,Marketing,Remote,150,124929,19,9.37,7,0,3,0
2003,21,Sales,Hybrid,4,183535,35,8.1,0,0,3,1
2004,50,Finance,Hybrid,134,104935,29,5.11,1,0,1,1
2005,41,Engineering,Onsite,166,43686,9,2.85,5,0,5,0
2006,40,Marketing,Remote,26,93528,30,2.87,4,0,4,0
2007,26,Marketing,Hybrid,139,129811,24,2.37,3,0,4,0
2008,42,Support,Onsite,17,52787,28,5.92,1,0,2,1
2009,38,Finance,Onsite,92,175848,23,9.28,1,0,1,0
2010,28,Marketing,Hybrid,31,145613,20,9.93,3,2,2,0
2011,59,Engineering,Onsite,163,134887,8,3.59,4,0,4,1
2012,52,Engineering,Hybrid,144,91086,1,7.28,0,0,2,0
2013,53,Marketing,Hybrid,107,132231,3,6.37,1,0,1,0
2014,36,Sales,Hybrid,146,93308,7,5.4,2,1,1,1
2015,32,Finance,Remote,111,45797,31,6.99,2,0,1,0
2016,58,Engineering,Hybrid,101,35302,13,4.34,2,1,4,0
2017,54,Marketing,Onsite,112,68059,12,9.5,1,2,1,0
2018,34,Engineering,Remote,62,161980,20,7.35,1,1,3,0
2019,56,Marketing,Onsite,112,173949,23,7.79,1,1,3,0
2020,53,Finance,Remote,155,44239,17,3.18,3,1,1,1
2021,43,Marketing,Remote,163,57313,25,2.52,6,0,3,0
2022,22,Support,Remote,116,72103,31,4.55,4,1,1,1
2023,41,Marketing,Remote,173,118771,32,7.9,3,2,4,1
2024,22,Marketing,Onsite,35,156228,30,9.45,1,0,3,0
2025,47,Finance,Hybrid,28,121665,17,4.85,6,1,4,1
2026,29,Marketing,Onsite,103,40534,34,7.97,2,1,3,0
2027,21,Finance,Hybrid,125,73060,11,5.23,2,0,5,0
2028,31,Support,Onsite,102,47189,24,3.66,0,0,5,0
2029,23,Finance,Remote,137,158431,30,7.65,4,0,4,1
2030,43,Engineering,Remote,143,116067,9,8.18,3,0,3,0
2031,46,Finance,Hybrid,21,40967,33,2.83,1,0,5,1
2032,24,Support,Hybrid,52,95563,2,3.75,5,1,1,1
2033,38,HR,Onsite,163,38660,7,5.45,2,0,2,0
2034,26,Marketing,Hybrid,97,148671,31,2.68,1,0,5,0
2035,55,Finance,Onsite,51,159909,28,9.36,1,0,5,1
2036,42,Marketing,Hybrid,83,170688,21,6.32,0,0,1,1
2037,35,Sales,Hybrid,55,105976,19,2.09,3,1,5,1
2038,42,Engineering,Hybrid,77,43107,5,2.66,3,0,5,0
2039,57,Engineering,Remote,127,124182,28,9.59,2,1,5,1
2040,32,Sales,Remote,172,121787,16,7.64,3,2,3,0
2041,58,Sales,Onsite,93,45954,30,7.61,1,0,5,0
2042,38,Finance,Hybrid,88,46943,33,1.65,1,0,2,0
2043,55,Sales,Onsite,80,70725,3,9.06,0,0,3,0
2044,50,HR,Hybrid,153,75434,1,4.99,2,0,3,0
2045,44,Marketing,Remote,92,115751,11,6.94,3,0,4,0
2046,50,Marketing,Remote,47,40110,34,9.64,2,0,5,0
2047,34,Support,Hybrid,38,46462,5,1.9,2,1,2,0
2048,26,Sales,Hybrid,139,109232,7,5.34,0,1,2,0
2049,23,Sales,Remote,15,96567,20,1.45,1,0,4,0
2050,36,HR,Remote,1,157425,34,5.5,1,0,2,0
2051,27,Engineering,Onsite,135,86063,14,3.27,1,0,3,0
2052,34,Engineering,Remote,1,143394,6,9.2,0,1,1,1
2053,29,Marketing,Hybrid,49,85240,14,4.59,1,1,3,0
2054,35,Marketing,Onsite,96,111352,5,6.7,2,1,1,0
2055,41,Finance,Hybrid,157,178940,16,8.74,2,0,2,1
2056,55,HR,Onsite,26,110989,3,9.85,3,0,5,0
2057,22,Support,Hybrid,87,52222,21,5.53,2,0,1,0
2058,47,Support,Remote,173,109794,31,5.1,7,0,3,0
2059,22,HR,Hybrid,93,93924,21,1.68,1,2,3,0
2060,55,Support,Onsite,102,129854,26,1.11,2,0,3,0
2061,38,Engineering,Hybrid,71,108513,14,6.48,1,0,3,0
2062,34,Support,Onsite,140,84649,21,1.59,2,1,4,0
2063,40,Support,Hybrid,95,132986,27,4.42,3,0,2,0
2064,38,HR,Remote,160,113749,8,1.03,2,0,5,0
2065,30,HR,Remote,118,171295,33,6.54,3,1,4,0
2066,45,Support,Hybrid,148,69369,35,4.83,2,0,2,1
2067,22,Sales,Hybrid,119,116379,8,2.14,3,0,1,1
2068,45,HR,Hybrid,51,99392,14,3.67,3,0,4,0
2069,53,Finance,Onsite,81,42661,19,6.13,4,0,4,0
2070,56,Finance,Hybrid,36,176663,7,6.91,2,2,4,0
2071,51,Engineering,Hybrid,67,101718,27,5.16,3,1,4,0
2072,34,Support,Onsite,129,37970,18,8.24,1,2,1,1
2073,21,Sales,Remote,114,77922,15,2.01,1,0,3,0
2074,36,Engineering,Hybrid,155,60755,10,1.76,3,0,4,0
2075,23,Support,Hybrid,111,150926,7,1.4,2,2,2,1
2076,55,HR,Remote,168,49416,32,5.82,2,1,3,0
2077,26,Finance,Remote,142,43672,9,7.36,2,0,1,0
2078,45,Marketing,Onsite,100,158145,17,2.17,1,0,5,0
2079,33,Sales,Hybrid,109,104095,34,6.75,2,0,1,1
2080,54,Marketing,Hybrid,120,30064,2,5.29,0,1,5,1
2081,28,Finance,Onsite,79,98835,26,9.89,2,2,2,0
2082,41,Marketing,Remote,134,166711,27,7.46,1,0,5,1
2083,54,HR,Onsite,161,172127,5,6.92,3,1,4,0
2084,24,Support,Remote,19,117594,13,6.13,4,1,3,0
2085,45,HR,Onsite,127,190499,6,9.98,3,1,3,0
2086,35,Marketing,Remote,29,146916,9,9.82,5,0,4,1
2087,24,HR,Onsite,24,150308,14,5.84,0,0,3,1
2088,32,Finance,Remote,151,112516,30,5.1,1,1,1,1
2089,52,Sales,Remote,10,94666,28,5.16,4,2,4,1
2090,52,HR,Remote,105,148294,16,4.86,1,0,4,1
2091,48,Finance,Remote,169,40866,28,5.78,4,0,3,1
2092,33,Sales,Remote,177,33889,14,3.46,1,0,5,0
2093,51,Support,Hybrid,145,148194,25,9.34,4,0,2,0
2094,34,Marketing,Remote,173,154714,11,5.41,2,1,5,0
2095,40,Support,Hybrid,158,61335,24,8.58,2,0,1,0
2096,38,Engineering,Remote,172,80547,4,5.28,0,0,4,0
2097,49,Finance,Hybrid,55,187234,3,7.46,2,0,4,0
2098,26,Sales,Hybrid,147,185759,30,4.03,3,1,1,1
2099,52,HR,Onsite,157,128756,2,6.62,3,1,2,0
2100,49,Support,Remote,2,40995,2,5.49,2,0,4,0
2101,22,Sales,Onsite,164,32631,25,4.3,2,0,5,0
2102,43,Finance,Onsite,147,196026,16,8.93,2,1,1,0
2103,39,Engineering,Remote,135,167039,9,2.01,1,0,4,0
2104,51,Support,Onsite,154,118294,1,5.38,3,1,5,0
2105,25,Marketing,Remote,111,117278,23,2.75,0,0,1,0
2106,39,Sales,Onsite,38,94471,10,8.75,4,0,1,0
2107,54,Marketing,Remote,131,67116,23,3.28,2,0,1,0
2108,30,Sales,Remote,102,122116,34,6.7,0,1,2,0
2109,45,Sales,Remote,95,195299,22,2.49,1,0,1,0
2110,22,Finance,Hybrid,92,163014,31,4.64,2,2,3,0
2111,31,Finance,Onsite,71,77664,22,9.09,3,1,3,1
2112,51,Finance,Hybrid,171,189141,33,2.49,2,1,1,1
2113,35,HR,Onsite,24,117342,18,6.97,2,0,4,0
2114,29,Sales,Onsite,167,44407,1,2.84,2,0,3,0
2115,43,Support,Onsite,68,143926,1,4.74,2,1,5,0
2116,39,Marketing,Hybrid,128,89201,14,5.87,2,0,5,0
2117,29,Finance,Onsite,93,110093,20,6.2,2,1,4,0
2118,55,Finance,Hybrid,44,47878,34,6.42,1,1,5,1
2119,41,Marketing,Remote,133,113100,4,6.76,1,1,4,0
2120,29,Marketing,Onsite,55,108629,26,3.45,1,0,5,1
2121,48,Sales,Onsite,158,73168,23,4.61,0,0,1,0
2122,27,Finance,Remote,29,84862,6,1.34,2,1,5,0
2123,36,Marketing,Remote,154,58004,5,7.92,1,0,1,0
2124,36,HR,Onsite,154,50471,32,8.53,2,1,5,0
2125,53,HR,Remote,37,121820,16,2.79,1,0,5,1
2126,24,Finance,Hybrid,115,132229,29,2.81,2,1,5,0
2127,24,Marketing,Hybrid,158,95308,7,1.38,2,1,1,1
2128,59,Sales,Onsite,3,113969,6,9.73,1,0,5,0
2129,37,Sales,Hybrid,122,44568,5,8.26,1,1,5,0
2130,57,Sales,Hybrid,43,39466,3,4.25,0,0,2,0
2131,59,Engineering,Onsite,7,87324,0,5.34,4,1,1,0
2132,49,Finance,Remote,125,132208,14,3.63,4,0,3,0
2133,56,Sales,Onsite,49,176539,30,6.38,2,0,4,0
2134,58,HR,Hybrid,121,105955,24,7.46,2,0,2,0
2135,59,Marketing,Onsite,73,177748,32,5.03,2,0,5,1
2136,57,Support,Onsite,41,124791,34,8.86,3,1,3,1
2137,55,Support,Hybrid,106,192586,4,5.65,1,0,3,0
2138,27,Sales,Hybrid,77,138718,4,2.3,3,0,5,0
2139,47,Support,Onsite,127,52650,35,6.6,3,0,5,1
2140,48,Support,Hybrid,91,118290,16,5.16,0,0,2,0
2141,42,Engineering,Hybrid,155,107701,13,9.42,4,0,1,0
2142,34,HR,Hybrid,8,40683,28,4.53,1,1,2,1
2143,27,HR,Hybrid,32,110978,7,4.63,3,0,1,1
2144,57,Engineering,Hybrid,64,34860,33,6.86,2,0,3,0
2145,42,Engineering,Hybrid,138,164801,0,5.74,3,3,4,0
2146,25,Support,Remote,13,61351,28,4.37,1,0,5,1
2147,22,Finance,Onsite,93,92744,35,9.91,0,0,2,0
2148,47,Marketing,Hybrid,163,185418,28,3.72,2,0,3,0
2149,41,Marketing,Onsite,61,150198,4,3.5,0,1,2,0
2150,58,Support,Remote,8,104155,31,8.78,0,2,1,1
2151,35,Marketing,Hybrid,29,151449,23,1.03,2,1,5,0
2152,41,Engineering,Onsite,95,106700,18,2.81,2,0,1,0
2153,30,HR,Hybrid,41,36955,11,6.31,3,0,1,0
2154,43,Marketing,Hybrid,158,51662,0,2.46,2,0,1,0
2155,59,Support,Hybrid,149,36408,6,9.87,2,0,3,0
2156,25,Finance,Hybrid,11,31225,16,5.18,3,0,5,1
2157,21,Support,Hybrid,2,173268,33,6.38,1,1,4,0
2158,33,Sales,Hybrid,178,176444,6,2.44,2,2,2,1
2159,41,Support,Hybrid,169,47279,16,3.6,2,0,1,0
2160,46,Engineering,Remote,131,140401,2,6.53,3,0,5,0
2161,41,HR,Remote,80,122404,28,5.95,2,2,2,1
2162,38,HR,Hybrid,179,199259,21,8.06,3,1,5,0
2163,57,Marketing,Hybrid,87,78481,28,3.42,3,1,2,0
2164,52,Engineering,Remote,153,189547,4,6.88,2,0,5,0
2165,56,Sales,Remote,158,74552,29,3.62,0,0,4,0
2166,37,Engineering,Remote,106,167930,22,6.28,3,0,5,0
2167,55,Support,Hybrid,139,104474,20,6.45,3,0,5,0
2168,31,Engineering,Onsite,17,55168,25,2.1,3,1,1,0
2169,41,Engineering,Onsite,154,62099,20,5.94,2,0,1,0
2170,46,Sales,Onsite,23,91455,19,1.11,2,1,1,1
2171,24,Support,Onsite,48,84240,22,5.51,2,0,5,1
2172,54,Finance,Hybrid,20,104796,3,7.28,3,1,4,0
2173,38,Finance,Onsite,2,84592,20,1.66,2,0,2,1
2174,55,HR,Remote,88,152181,20,9.45,1,2,1,1
2175,49,Marketing,Remote,31,131611,0,5.13,3,0,3,0
2176,49,Engineering,Onsite,155,88046,14,9.45,2,0,5,0
2177,58,HR,Remote,130,46488,16,1.97,2,0,4,0
2178,41,Sales,Hybrid,78,148521,13,9.55,2,2,4,0
2179,33,Finance,Onsite,4,161467,18,1.98,3,0,1,1
2180,37,Engineering,Onsite,141,171917,33,5.15,0,0,1,0
2181,29,Sales,Hybrid,163,197131,5,9.44,0,0,3,0
2182,21,Marketing,Remote,128,48394,5,3.09,1,0,3,0
2183,22,Sales,Hybrid,134,123993,4,1.31,1,1,1,0
2184,49,Engineering,Hybrid,31,89332,6,8.14,1,0,2,1
2185,53,Marketing,Remote,138,198377,32,6.36,7,2,1,0
2186,30,Sales,Hybrid,21,72628,12,5.63,1,1,1,1
2187,41,Marketing,Remote,23,51352,0,1.31,1,1,4,0
2188,48,Engineering,Remote,131,112971,12,6.88,2,0,1,0
2189,31,Engineering,Hybrid,160,81993,26,2.54,2,1,1,0
2190,54,Marketing,Remote,148,133027,6,9.38,0,0,1,0
2191,28,Support,Hybrid,29,150212,2,7.17,5,0,2,1
2192,42,HR,Remote,105,38539,24,7.36,1,0,4,0
2193,28,Sales,Onsite,52,162335,32,3.09,1,1,5,0
2194,35,Sales,Remote,115,174377,16,8.93,5,0,5,0
2195,37,Support,Remote,174,83817,13,5.84,2,1,5,0
2196,43,Support,Hybrid,162,185470,22,8.71,2,0,5,0
2197,44,Support,Remote,101,79107,23,3.44,1,0,4,0
2198,39,Finance,Onsite,84,193224,28,7.8,2,0,1,1
2199,25,Finance,Onsite,61,191696,26,6.17,1,0,5,0
2200,52,Marketing,Remote,125,159240,22,1.44,4,0,1,1
2201,21,Finance,Remote,71,129655,30,4.65,2,2,5,0
2202,43,Engineering,Onsite,70,86132,35,2.66,0,3,2,1
2203,57,Marketing,Hybrid,139,155701,16,4.23,2,1,1,0
2204,28,Sales,Onsite,108,135494,2,4.45,2,0,4,0
2205,33,HR,Onsite,21,82979,35,5.27,2,0,2,0
2206,28,Engineering,Remote,131,88013,4,6.4,2,2,2,0
2207,43,Sales,Remote,82,93797,14,6.14,0,0,4,0
2208,21,Sales,Onsite,88,81798,5,1.35,2,0,2,1
2209,44,Marketing,Hybrid,111,177722,9,7.76,2,0,1,0
2210,55,Support,Onsite,10,187086,31,9.54,1,2,3,1
2211,44,Support,Onsite,155,106421,22,4.14,0,0,3,0
2212,37,Engineering,Hybrid,12,37434,16,2.62,1,0,5,0
2213,25,Support,Onsite,7,60028,19,5.86,0,0,5,0
2214,40,Sales,Onsite,145,96558,14,7.34,3,0,1,1
2215,41,Support,Remote,114,54331,21,7.11,3,1,4,0
2216,51,Finance,Hybrid,26,97573,5,6.51,3,0,1,1
2217,56,Support,Remote,15,159473,3,2.32,1,0,5,0
2218,31,Sales,Remote,33,112979,22,8.53,0,0,2,1
2219,35,Marketing,Hybrid,62,34123,18,4.83,3,0,1,1
2220,39,Engineering,Hybrid,47,46603,30,2.99,2,1,1,1
2221,27,HR,Onsite,95,95941,2,1.78,0,1,4,0
2222,48,Support,Remote,35,72597,27,4.75,4,1,5,1
2223,25,Sales,Hybrid,76,114238,2,6.56,3,1,1,0
2224,25,HR,Remote,123,71751,13,6.99,1,0,2,0
2225,50,HR,Remote,83,156462,17,9.66,1,0,2,0
2226,52,Finance,Hybrid,25,116978,26,2.38,2,1,3,0
2227,28,HR,Onsite,57,47693,9,9.87,1,1,5,0
2228,30,Marketing,Remote,32,198769,14,6.89,1,0,2,0
2229,58,Sales,Hybrid,63,124524,18,5.09,2,0,4,0
2230,52,Sales,Onsite,12,127869,8,8.99,2,0,5,0
2231,48,Support,Remote,63,191064,3,7.25,4,0,2,0
2232,37,Support,Hybrid,77,93825,14,4.14,0,0,1,1
2233,51,Support,Remote,92,170594,7,8.96,3,1,5,0
2234,28,Marketing,Hybrid,1,160475,0,7.0,2,1,2,0
2235,45,HR,Hybrid,179,75406,6,7.29,1,1,1,1
2236,29,HR,Remote,70,173193,30,9.07,1,0,3,0
2237,22,Finance,Remote,136,153371,17,5.04,5,1,5,0
2238,35,Marketing,Hybrid,133,175291,11,6.91,2,0,5,0
2239,23,Support,Onsite,86,31617,29,7.7,4,1,2,0
2240,56,Engineering,Remote,39,73016,32,5.09,2,1,3,0
2241,24,Finance,Hybrid,23,54276,6,1.75,4,0,4,0
2242,34,Engineering,Hybrid,68,102240,27,7.94,2,1,2,0
2243,45,HR,Onsite,4,136292,2,1.43,0,0,2,0
2244,30,Finance,Onsite,126,47959,5,7.46,1,1,4,0
2245,41,Finance,Onsite,175,58522,30,9.2,0,1,4,0
2246,56,Sales,Remote,21,171025,14,4.12,1,2,4,0
2247,32,HR,Hybrid,105,56567,6,1.92,1,1,4,0
2248,47,HR,Hybrid,66,92708,29,3.1,2,0,4,1
2249,22,Marketing,Hybrid,7,156206,26,6.06,1,0,1,1
2250,33,Finance,Onsite,49,52560,16,9.48,1,0,1,0
2251,52,HR,Hybrid,16,88390,17,5.61,1,0,4,0
2252,51,Finance,Remote,145,155772,21,2.01,2,1,3,1
2253,36,Marketing,Onsite,84,197732,25,6.65,3,0,3,0
2254,52,Marketing,Onsite,87,75104,26,7.6,1,0,4,0
2255,52,Sales,Onsite,98,87805,23,4.54,0,0,1,1
2256,54,Finance,Onsite,75,54496,7,7.49,3,0,3,0
2257,31,HR,Remote,34,121257,20,3.92,3,0,1,0
2258,30,HR,Hybrid,161,33515,28,8.1,5,1,2,1
2259,35,Finance,Remote,26,34454,20,4.07,2,0,1,0
2260,37,Finance,Hybrid,66,52873,2,3.3,2,0,4,0
2261,38,Finance,Remote,125,103920,30,8.91,4,0,5,0
2262,29,Support,Onsite,63,43727,26,5.94,1,0,4,0
2263,45,HR,Onsite,87,158376,26,3.57,2,0,2,1
2264,34,Marketing,Remote,41,99070,8,9.42,2,0,1,1
2265,45,HR,Remote,98,129059,32,7.22,1,1,3,0
2266,42,Support,Hybrid,124,154564,32,2.99,0,1,4,0
2267,50,Finance,Remote,79,147213,25,6.53,3,1,3,0
2268,40,Sales,Remote,10,55465,27,8.83,5,1,1,1
2269,41,Finance,Hybrid,15,89799,30,7.27,2,1,2,1
2270,52,Finance,Hybrid,42,126129,0,3.2,2,0,4,0
2271,41,Support,Hybrid,93,182402,19,6.84,2,1,3,0
2272,55,HR,Remote,17,169374,11,6.57,3,2,4,1
2273,52,Finance,Hybrid,9,137288,16,8.39,4,0,4,0
2274,50,HR,Onsite,114,42875,14,2.6,0,0,3,0
2275,59,Engineering,Onsite,36,57219,33,7.3,1,1,2,1
2276,32,Marketing,Onsite,36,66182,15,1.25,0,1,4,0
2277,38,HR,Remote,48,109781,3,7.27,3,2,2,0
2278,41,Sales,Onsite,51,36457,7,9.64,0,0,2,0
2279,33,Marketing,Remote,97,167821,33,2.57,2,0,1,0
2280,41,Sales,Remote,119,63064,24,3.8,6,1,3,1
2281,28,Finance,Onsite,95,170893,14,6.25,2,2,1,1
2282,27,Marketing,Hybrid,70,145256,27,7.59,2,0,5,0
2283,43,HR,Remote,74,128297,8,4.1,0,0,1,0
2284,52,Marketing,Onsite,80,168736,1,6.98,1,0,4,0
2285,31,Finance,Remote,68,190353,16,9.09,0,0,4,0
2286,42,Support,Hybrid,150,192893,9,7.54,3,1,4,0
2287,42,Sales,Hybrid,77,185719,8,7.4,1,1,5,0
2288,45,Finance,Onsite,116,99918,30,4.44,3,0,2,0
2289,42,Support,Remote,6,120179,1,9.2,2,1,4,0
2290,48,Marketing,Remote,154,104944,23,3.5,0,0,1,0
2291,49,Marketing,Remote,75,119142,18,2.85,3,1,2,1
2292,33,Finance,Remote,88,57603,16,4.28,2,0,1,0
2293,38,HR,Onsite,3,76458,9,6.85,4,0,1,1
2294,22,Marketing,Hybrid,52,100605,27,8.76,1,1,4,0
2295,49,HR,Onsite,74,49623,27,2.19,0,0,1,1
2296,41,HR,Remote,125,74440,0,8.32,3,1,5,0
2297,35,HR,Remote,65,112427,2,8.32,1,0,2,0
2298,47,Engineering,Hybrid,52,168776,14,6.28,1,0,4,1
2299,51,Support,Remote,76,123826,9,7.85,1,2,4,0
2300,35,Support,Onsite,142,57460,20,2.64,1,0,1,0
2301,43,Marketing,Onsite,89,140373,14,2.53,2,1,1,1
2302,44,Marketing,Hybrid,72,167637,22,8.77,2,0,3,0
2303,33,HR,Onsite,68,34870,13,5.48,1,0,3,0
2304,42,Engineering,Onsite,156,48909,14,3.21,1,0,4,0
2305,57,HR,Onsite,138,39117,9,7.2,1,0,4,0
2306,53,Engineering,Onsite,115,97474,8,9.03,2,0,1,0
2307,23,HR,Remote,57,123926,4,6.69,2,0,5,0
2308,39,Sales,Onsite,66,157463,24,4.13,2,1,5,0
2309,43,Sales,Hybrid,90,131536,25,5.35,3,1,1,0
2310,49,Finance,Hybrid,50,50128,7,7.77,7,0,3,0
2311,50,HR,Onsite,14,99001,21,1.61,2,0,3,1
2312,59,Marketing,Hybrid,16,30440,24,2.95,4,0,5,0
2313,45,Support,Onsite,171,153491,11,5.16,3,1,4,0
2314,57,Finance,Hybrid,42,172735,8,6.44,4,0,1,0
2315,28,Marketing,Hybrid,110,180619,9,4.05,2,1,4,0
2316,36,Sales,Onsite,22,111662,9,3.69,2,2,3,1
2317,28,HR,Onsite,68,30005,8,1.37,5,0,5,0
2318,21,Finance,Remote,19,37038,25,1.29,1,1,4,0
2319,25,HR,Onsite,66,36414,34,3.51,3,2,3,1
2320,23,Sales,Onsite,167,99506,26,5.77,5,0,3,0
2321,21,Finance,Remote,73,106586,30,6.01,3,0,3,0
2322,24,Sales,Onsite,147,163678,18,5.45,1,0,4,0
2323,55,Engineering,Onsite,144,46482,5,4.69,3,0,2,0
2324,52,Sales,Remote,54,63948,14,3.27,0,0,5,0
2325,54,HR,Onsite,153,119987,28,4.61,3,1,3,1
2326,45,Support,Onsite,112,50875,4,2.25,1,2,4,0
2327,30,Sales,Remote,18,43057,13,2.04,1,0,1,0
2328,41,Marketing,Remote,151,62400,1,3.7,1,0,5,1
2329,59,Support,Hybrid,117,98607,22,9.96,4,0,1,0
2330,47,Engineering,Onsite,85,117561,18,3.94,2,2,1,1
2331,47,Finance,Hybrid,139,57503,23,9.43,1,0,4,0
2332,22,Finance,Hybrid,39,184837,19,4.53,2,0,2,1
2333,33,Support,Remote,105,131096,26,4.95,0,0,4,0
2334,29,Finance,Onsite,68,76612,23,8.17,4,2,4,0
2335,56,Sales,Onsite,25,128318,16,1.84,3,1,5,0
2336,42,Support,Remote,158,114335,24,2.64,3,0,4,0
2337,46,HR,Hybrid,173,130989,30,9.76,5,2,5,1
2338,32,Sales,Remote,123,123012,27,5.55,3,0,3,0
2339,37,Sales,Onsite,121,111748,27,1.4,1,0,5,0
2340,34,Sales,Remote,61,170500,21,1.43,3,1,4,0
2341,34,HR,Onsite,100,192491,4,9.17,1,1,3,0
2342,54,Engineering,Hybrid,51,95195,7,8.86,4,1,3,1
2343,40,Marketing,Onsite,98,119846,27,5.13,3,0,2,1
2344,31,Finance,Hybrid,137,132404,11,2.47,0,0,4,0
2345,36,Support,Hybrid,2,69142,24,8.47,5,0,1,1
2346,51,Engineering,Onsite,5,101540,14,3.92,3,1,4,0
2347,26,Support,Onsite,86,199361,33,4.77,3,0,1,0
2348,39,Finance,Hybrid,133,106948,12,7.14,7,0,2,1
2349,57,HR,Remote,68,88951,7,4.18,1,0,4,0
2350,24,Sales,Onsite,9,41755,12,6.66,2,1,2,0
2351,24,Sales,Hybrid,93,147985,35,8.97,2,1,1,1
2352,40,HR,Hybrid,150,114553,5,8.18,4,0,5,0
2353,30,Engineering,Remote,155,164962,31,4.43,2,0,4,0
2354,44,Engineering,Onsite,138,124376,20,3.59,1,0,3,0
2355,55,Support,Hybrid,125,47175,6,3.57,2,0,3,0
2356,46,HR,Remote,61,95687,25,4.14,2,0,2,0
2357,57,Engineering,Hybrid,51,114983,14,5.44,1,0,5,0
2358,58,HR,Onsite,10,185360,22,4.75,1,1,3,0
2359,41,Finance,Remote,134,76629,14,2.2,2,0,3,0
2360,59,Sales,Hybrid,62,146779,15,2.47,3,2,4,0
2361,41,Sales,Remote,113,198439,31,4.09,1,1,3,0
2362,30,Sales,Onsite,133,98513,17,6.06,3,1,1,0
2363,58,HR,Remote,122,112762,19,6.33,3,1,2,0
2364,24,HR,Onsite,123,190094,1,5.38,1,0,3,0
2365,40,Support,Hybrid,63,162731,22,7.65,3,0,4,0
2366,37,Sales,Onsite,111,87941,29,7.64,1,0,1,1
2367,27,Support,Hybrid,89,199002,2,4.85,4,1,3,1
2368,24,Sales,Hybrid,51,73473,0,2.12,1,0,2,0
2369,49,Support,Onsite,178,46040,21,5.77,1,0,2,0
2370,34,Support,Hybrid,132,99806,28,4.43,2,0,2,0
2371,23,Finance,Remote,104,174358,13,2.24,1,0,3,0
2372,44,Support,Hybrid,123,142076,27,9.84,3,0,1,0
2373,57,HR,Onsite,48,85916,20,4.33,2,0,5,0
2374,36,Support,Remote,32,178672,31,6.63,2,0,2,0
2375,24,Sales,Remote,120,163363,5,5.41,1,0,1,0
2376,44,Support,Hybrid,179,174195,0,2.29,0,1,4,0
2377,54,Engineering,Hybrid,99,33811,20,1.5,2,0,4,0
2378,50,Marketing,Onsite,74,61276,3,6.63,1,0,1,1
2379,38,Sales,Remote,34,111049,2,3.22,2,0,4,0
2380,39,Engineering,Onsite,164,187786,29,3.19,4,0,4,0
2381,51,Sales,Hybrid,70,173266,30,9.61,3,2,2,1
2382,39,HR,Remote,171,103062,33,5.16,0,0,3,1
2383,39,Marketing,Onsite,110,180434,18,1.26,4,0,3,0
2384,42,Marketing,Onsite,16,84499,19,4.06,0,0,3,1
2385,44,HR,Onsite,59,76281,22,6.26,7,2,3,0
2386,32,Marketing,Onsite,19,74852,24,3.96,0,0,1,1
2387,50,HR,Onsite,95,34595,14,1.24,2,0,2,0
2388,58,Engineering,Remote,113,125930,22,5.0,4,0,1,0
2389,51,Finance,Onsite,41,176474,1,1.95,2,1,4,0
2390,56,Sales,Remote,81,122676,14,6.57,3,0,2,0
2391,39,HR,Onsite,175,185983,34,6.58,4,1,5,0
2392,56,Sales,Hybrid,103,49405,9,1.34,5,0,3,1
2393,50,Engineering,Hybrid,54,88122,13,3.62,2,0,4,0
2394,53,Finance,Onsite,95,158909,26,4.72,3,0,3,0
2395,38,Engineering,Hybrid,147,33447,13,5.95,4,0,3,0
2396,48,Marketing,Remote,62,40662,34,3.66,4,0,3,0
2397,31,Sales,Onsite,99,88282,32,3.59,3,1,5,0
2398,53,Finance,Remote,93,165971,0,9.85,2,0,4,0
2399,37,Marketing,Onsite,65,58582,33,1.38,1,1,3,0
2400,26,Finance,Hybrid,68,97471,18,9.9,2,1,3,0
2401,24,Marketing,Remote,28,153513,23,1.43,2,0,2,1
2402,40,Engineering,Hybrid,18,137578,3,3.6,4,0,3,0
2403,47,HR,Hybrid,26,105871,35,5.44,0,0,2,1
2404,35,Sales,Onsite,104,113205,12,2.29,6,1,4,1
2405,26,Support,Remote,147,104081,31,2.21,1,0,4,0
2406,34,Support,Hybrid,55,135783,8,3.31,2,0,4,1
2407,31,Engineering,Onsite,119,113805,15,9.76,1,0,2,0
2408,59,Sales,Onsite,124,154698,2,4.42,0,2,5,1
2409,29,Sales,Onsite,134,198902,19,6.09,1,0,5,0
2410,46,Engineering,Hybrid,129,168138,9,7.34,1,0,3,0
2411,36,Sales,Onsite,8,40712,21,7.68,1,0,4,0
2412,25,HR,Remote,51,111527,2,7.19,3,0,1,0
2413,30,Engineering,Remote,85,159453,10,4.03,1,0,3,0
2414,23,HR,Hybrid,25,156888,24,2.01,5,1,5,1
2415,33,Sales,Remote,175,117185,7,3.54,4,0,5,0
2416,50,Engineering,Onsite,83,129851,8,2.89,4,0,4,0
2417,26,Sales,Hybrid,93,191878,14,2.23,1,1,2,0
2418,37,Engineering,Onsite,117,42210,31,1.22,3,0,3,1
2419,39,Sales,Hybrid,138,66972,2,9.42,3,0,2,1
2420,55,HR,Hybrid,56,64136,3,9.29,4,0,5,0
2421,46,HR,Onsite,12,146445,29,1.45,0,0,4,0
2422,25,Sales,Remote,161,45945,12,2.56,1,2,5,1
2423,49,Engineering,Remote,120,109180,20,2.26,1,1,4,1
2424,57,Support,Hybrid,71,100453,18,3.53,0,1,1,1
2425,40,HR,Onsite,17,115404,21,2.84,3,0,2,1
2426,41,HR,Onsite,122,174296,19,9.51,1,0,3,1
2427,30,Marketing,Hybrid,124,33052,30,1.76,3,0,4,0
2428,25,Support,Remote,10,57272,9,2.91,6,0,1,0
2429,56,Sales,Onsite,31,71150,17,1.73,1,1,1,0
2430,26,Engineering,Remote,60,178388,19,9.82,1,1,2,0
2431,46,Marketing,Remote,70,168312,17,9.27,7,0,4,0
2432,24,Sales,Hybrid,17,127095,10,7.45,2,0,3,1
2433,59,Finance,Hybrid,50,98774,21,4.83,1,0,3,0
2434,59,HR,Remote,37,73175,17,2.71,1,0,3,0
2435,55,Finance,Onsite,118,161637,33,2.99,3,0,5,0
2436,21,HR,Onsite,157,46375,22,4.99,3,1,5,1
2437,44,HR,Hybrid,160,55710,0,7.91,0,2,4,0
2438,56,Finance,Remote,80,176246,9,3.38,0,1,3,0
2439,26,Finance,Onsite,11,137026,0,3.8,2,1,1,0
2440,51,Sales,Onsite,134,57597,8,6.4,2,1,3,0
2441,40,Marketing,Hybrid,123,104289,30,3.14,2,1,4,0
2442,44,Marketing,Remote,35,199469,6,6.26,1,0,3,0
2443,45,Finance,Onsite,33,194141,16,4.48,3,0,2,0
2444,56,Sales,Hybrid,18,115687,34,1.31,1,1,3,0
2445,41,Marketing,Onsite,165,148968,17,4.62,2,2,1,0
2446,50,Sales,Onsite,13,70274,32,9.28,3,0,4,0
2447,44,Sales,Onsite,90,199269,3,3.64,0,0,4,0
2448,50,HR,Hybrid,110,78634,22,3.91,2,2,1,1
2449,42,Marketing,Remote,1,60041,10,1.59,2,1,4,0
2450,48,Marketing,Hybrid,63,168320,8,6.54,0,0,3,0
2451,27,HR,Remote,34,115365,29,8.64,1,1,4,0
2452,55,Finance,Onsite,103,163275,7,4.18,1,1,3,1
2453,48,HR,Remote,10,81986,4,3.16,1,0,4,0
2454,34,Marketing,Onsite,128,55370,11,9.61,2,0,3,0
2455,30,Marketing,Onsite,7,65247,0,7.71,4,0,3,0
2456,36,Finance,Hybrid,56,154403,14,6.1,0,0,1,0
2457,36,HR,Onsite,80,149544,24,3.75,3,1,1,1
2458,51,Engineering,Hybrid,165,161506,17,2.99,1,1,5,0
2459,45,Engineering,Remote,157,92982,25,7.44,1,1,1,0
2460,33,Finance,Remote,12,95180,2,5.7,0,0,3,0
2461,26,HR,Onsite,145,138534,21,5.69,1,0,3,0
2462,29,HR,Hybrid,48,195546,25,1.66,1,0,4,0
2463,56,Sales,Onsite,26,54644,18,5.61,1,0,4,0
2464,40,Marketing,Hybrid,112,68493,35,8.4,1,1,5,0
2465,38,Support,Hybrid,122,113824,20,9.52,1,0,3,1
2466,41,Finance,Hybrid,12,165031,25,1.96,2,1,5,0
2467,24,Support,Remote,149,77289,12,6.68,4,2,3,0
2468,53,Support,Hybrid,42,172215,35,6.12,6,0,1,1
2469,47,Finance,Remote,61,183612,23,9.01,1,0,4,0
2470,27,HR,Hybrid,58,65481,25,7.76,1,0,5,0
2471,26,Finance,Remote,34,107097,20,9.69,2,0,2,0
2472,35,Support,Remote,7,52578,17,9.64,1,0,3,0
2473,38,Marketing,Remote,109,173859,14,3.03,0,1,1,1
2474,52,Marketing,Onsite,35,102048,14,7.53,1,0,2,0
2475,31,Marketing,Hybrid,15,171668,5,5.77,2,0,1,1
2476,40,HR,Onsite,25,181002,30,2.93,0,0,1,0
2477,44,Engineering,Hybrid,59,125737,27,2.75,1,0,3,1
2478,35,Finance,Hybrid,79,48687,7,1.73,2,1,1,0
2479,27,Marketing,Onsite,86,152540,28,8.16,2,1,5,1
2480,41,Finance,Remote,134,197061,20,3.92,5,1,2,1
2481,46,Marketing,Hybrid,88,60183,16,8.71,0,0,1,0
2482,34,HR,Remote,149,50758,23,6.47,2,0,1,0
2483,57,Engineering,Onsite,71,162154,35,7.06,3,2,4,0
2484,41,Engineering,Remote,121,126368,30,3.63,1,0,4,0
2485,38,Marketing,Hybrid,93,75891,33,5.12,1,0,5,0
2486,25,HR,Hybrid,96,76901,1,4.71,4,0,4,0
2487,23,Sales,Hybrid,32,133912,2,3.12,1,0,1,0
2488,43,Finance,Onsite,53,101062,29,8.49,3,0,1,1
2489,46,Finance,Hybrid,59,182635,7,6.6,2,0,2,0
2490,57,Support,Onsite,69,102008,6,1.34,4,1,4,0
2491,44,HR,Remote,132,163847,11,8.38,3,1,3,0
2492,39,Support,Hybrid,86,176900,18,1.95,3,1,4,1
2493,45,Marketing,Hybrid,18,47974,25,4.63,6,0,1,0
2494,41,Support,Hybrid,81,183460,27,6.14,2,1,2,0
2495,32,Engineering,Remote,114,110591,14,1.07,3,0,4,0
2496,53,Finance,Hybrid,24,48615,13,6.88,0,0,2,0
2497,24,Support,Onsite,66,198958,13,6.94,1,0,4,0
2498,27,Engineering,Remote,141,52838,2,6.87,3,0,5,1
2499,42,HR,Remote,62,70728,28,2.47,3,0,1,0
2500,53,Support,Remote,54,146249,5,3.3,0,0,1,1
2501,37,Marketing,Remote,143,108000,22,3.23,3,0,3,0
2502,44,Marketing,Remote,131,82798,27,9.64,2,4,1,1
2503,54,Marketing,Onsite,37,180694,13,1.61,5,1,3,0
2504,48,Finance,Remote,37,174608,13,4.86,4,1,1,0
2505,59,Support,Hybrid,131,166772,19,8.84,2,1,4,0
2506,42,HR,Remote,35,199911,12,7.93,1,0,4,0
2507,37,Support,Remote,124,40248,26,8.4,1,2,5,0
2508,54,Finance,Remote,156,75291,34,9.75,1,1,4,0
2509,26,Engineering,Remote,18,112629,1,4.49,3,1,2,0
2510,26,Finance,Remote,122,155612,23,3.79,2,1,4,0
2511,54,Marketing,Onsite,164,47177,28,1.28,0,1,3,0
2512,21,Engineering,Onsite,161,180555,2,2.35,0,0,5,0
2513,30,Marketing,Remote,154,73815,3,6.06,2,0,2,0
2514,41,Sales,Onsite,48,68533,1,2.42,1,0,2,0
2515,25,Finance,Hybrid,168,30026,19,7.63,3,0,1,0
2516,22,Finance,Remote,17,134997,14,1.34,3,1,3,0
2517,42,HR,Hybrid,168,90611,31,3.34,0,0,4,0
2518,22,Support,Hybrid,135,117242,0,7.26,5,0,4,0
2519,30,Engineering,Remote,57,185732,34,3.3,2,0,1,1
2520,54,Engineering,Hybrid,8,134913,6,7.56,1,0,4,0
2521,36,HR,Hybrid,128,72082,12,9.96,2,1,2,1
2522,59,HR,Hybrid,117,177330,0,8.17,1,0,4,0
2523,42,Support,Remote,56,133613,13,4.08,3,0,4,0
2524,32,Marketing,Remote,126,128315,28,9.11,3,3,2,0
2525,44,Support,Hybrid,159,119690,2,1.46,0,3,3,1
2526,58,Finance,Remote,59,125220,23,7.53,4,1,3,0
2527,30,Marketing,Remote,58,45389,0,1.21,1,0,2,0
2528,55,Sales,Hybrid,140,121860,9,2.57,1,0,2,1
2529,52,Support,Remote,176,188757,12,9.89,0,2,5,0
2530,27,HR,Onsite,159,188267,35,4.25,5,1,5,1
2531,41,Marketing,Remote,108,51797,8,8.38,2,1,4,0
2532,40,Support,Onsite,74,141975,13,4.38,0,0,4,0
2533,46,Engineering,Hybrid,167,127169,35,8.56,3,1,5,0
2534,24,Sales,Remote,148,96332,9,9.69,3,2,4,0
2535,42,Finance,Hybrid,101,168260,22,4.92,3,1,3,0
2536,35,Engineering,Hybrid,48,53696,34,6.03,2,0,3,1
2537,41,Engineering,Hybrid,71,32024,6,6.66,2,0,1,0
2538,35,Sales,Hybrid,116,197057,34,9.41,1,2,5,1
2539,42,Finance,Hybrid,122,167656,1,3.31,3,0,3,0
2540,48,HR,Remote,78,120998,14,6.5,1,0,1,0
2541,34,Marketing,Onsite,29,188116,8,3.92,3,0,2,0
2542,47,Finance,Remote,93,35285,16,2.95,0,0,3,0
2543,48,Support,Remote,73,37370,17,1.76,3,1,1,0
2544,46,Engineering,Remote,100,47903,14,6.59,0,1,4,0
2545,22,Support,Remote,176,193571,17,8.94,2,0,1,0
2546,45,HR,Onsite,74,127904,23,4.16,3,1,3,0
2547,23,Support,Remote,95,52995,22,5.97,1,0,4,0
2548,28,Finance,Hybrid,17,135160,11,6.78,0,0,4,0
2549,53,Support,Remote,137,196272,22,4.73,3,1,1,1
2550,55,HR,Remote,97,118377,20,9.13,3,1,1,1
2551,26,HR,Onsite,162,174638,25,4.26,2,0,3,0
2552,59,HR,Onsite,173,67822,7,2.13,3,1,4,1
2553,43,Finance,Hybrid,9,137412,29,2.3,2,0,5,0
2554,45,HR,Remote,135,81222,33,9.02,1,0,1,0
2555,39,Engineering,Remote,144,124088,1,9.89,3,1,5,0
2556,25,HR,Remote,19,120450,4,3.6,4,0,5,0
2557,31,Support,Hybrid,134,139366,30,2.29,0,1,4,0
2558,32,Marketing,Onsite,114,140078,32,5.34,0,0,3,0
2559,30,Support,Hybrid,139,93853,3,7.39,2,0,5,0
2560,28,Marketing,Remote,125,153794,5,6.51,4,1,3,0
2561,44,Support,Onsite,61,183405,22,9.56,1,0,1,1
2562,48,Finance,Onsite,42,177030,18,8.36,4,0,4,0
2563,56,Support,Hybrid,13,82442,7,8.82,2,0,2,1
2564,57,Finance,Onsite,140,182026,12,5.88,2,1,4,0
2565,41,Finance,Onsite,85,39675,0,3.95,2,0,2,0
2566,28,HR,Remote,20,119590,5,7.32,3,0,1,0
2567,29,Engineering,Remote,50,138570,6,4.95,1,0,3,1
2568,35,Marketing,Onsite,164,61661,26,3.59,2,1,1,1
2569,38,HR,Onsite,92,94289,14,2.37,9,0,4,0
2570,40,HR,Hybrid,88,47184,33,5.75,1,1,2,0
2571,26,Finance,Hybrid,69,77963,22,6.35,1,1,2,0
2572,32,Finance,Onsite,37,186894,23,6.12,1,0,4,1
2573,22,Marketing,Remote,140,35267,14,2.05,2,0,4,0
2574,27,Support,Onsite,99,92814,34,6.13,1,0,1,1
2575,36,Support,Onsite,125,66025,3,2.52,2,1,5,0
2576,23,HR,Remote,168,151246,16,6.97,4,0,2,0
2577,23,Sales,Remote,54,107605,30,4.86,1,0,4,0
2578,47,Sales,Hybrid,130,162053,9,8.64,1,1,1,0
2579,58,Support,Hybrid,178,73436,26,8.0,2,0,5,0
2580,53,Sales,Hybrid,41,179544,5,7.52,2,0,3,0
2581,48,Support,Hybrid,45,180408,5,7.31,3,1,4,0
2582,21,Finance,Remote,103,186659,14,6.04,2,0,5,0
2583,28,HR,Onsite,106,107192,3,1.55,1,1,3,0
2584,57,Engineering,Hybrid,137,150591,6,6.9,2,0,3,0
2585,52,HR,Hybrid,128,114511,25,5.2,2,1,1,1
2586,57,Support,Remote,86,39665,30,5.23,1,1,2,0
2587,24,Support,Remote,47,188169,1,4.41,4,0,4,0
2588,50,HR,Onsite,5,121277,27,9.36,3,0,5,0
2589,26,Marketing,Onsite,1,82474,12,3.25,3,1,3,0
2590,39,Support,Remote,44,186257,17,3.85,2,0,2,0
2591,52,Sales,Hybrid,150,105911,29,9.67,0,0,3,0
2592,29,Sales,Hybrid,38,122643,10,8.29,2,0,4,0
2593,32,Support,Hybrid,19,60484,12,1.13,4,2,4,0
2594,31,Support,Onsite,159,131165,23,9.15,1,0,1,1
2595,36,Marketing,Hybrid,115,55835,28,3.04,2,0,4,0
2596,21,Sales,Hybrid,87,126453,4,7.35,0,1,4,0
2597,41,Support,Remote,170,83790,34,5.98,2,0,4,0
2598,50,Support,Hybrid,123,39643,18,5.83,4,0,2,0
2599,33,Marketing,Remote,82,105846,12,7.46,2,0,5,0
2600,54,Marketing,Hybrid,154,180023,4,2.86,2,0,5,0
2601,24,HR,Onsite,141,176305,13,2.43,1,0,4,0
2602,48,Marketing,Hybrid,58,43200,21,6.87,2,0,5,0
2603,58,Engineering,Hybrid,146,82275,8,3.62,3,0,4,0
2604,51,Sales,Remote,67,119001,25,9.77,4,0,5,0
2605,47,HR,Remote,122,182363,4,5.06,6,0,5,0
2606,25,Engineering,Remote,87,72448,28,2.0,1,2,3,0
2607,45,Support,Hybrid,131,191652,21,7.17,0,0,2,0
2608,23,Support,Hybrid,55,121685,2,3.76,0,1,3,1
2609,53,HR,Onsite,89,182418,27,2.34,1,0,3,0
2610,24,Marketing,Hybrid,58,40619,13,4.81,0,0,5,0
2611,45,Support,Onsite,63,135454,13,9.68,3,0,1,1
2612,40,Finance,Remote,91,31766,10,4.7,2,0,1,0
2613,54,HR,Remote,52,33549,8,4.13,1,0,2,0
2614,46,Engineering,Remote,126,179765,5,5.0,1,0,4,0
2615,25,HR,Onsite,24,137938,0,1.11,1,0,5,0
2616,55,Sales,Hybrid,72,157673,24,2.2,0,1,2,0
2617,48,Marketing,Remote,9,78328,15,8.65,1,1,3,0
2618,49,Marketing,Hybrid,110,55301,14,9.8,3,0,5,0
2619,29,HR,Hybrid,165,74763,33,2.42,3,1,3,0
2620,58,Support,Remote,94,181837,16,5.82,1,1,2,0
2621,26,Support,Onsite,117,74787,2,9.7,4,0,1,1
2622,39,Finance,Hybrid,83,150675,2,2.41,3,0,2,1
2623,31,Finance,Remote,80,37425,16,2.68,0,1,5,0
2624,22,Marketing,Hybrid,152,42857,0,9.34,2,0,5,1
2625,29,Finance,Hybrid,149,122999,6,7.35,3,1,4,0
2626,41,Engineering,Hybrid,100,183516,25,2.37,4,1,1,1
2627,44,Finance,Hybrid,40,71457,18,4.54,2,1,5,0
2628,54,Engineering,Hybrid,103,161776,29,1.51,3,0,1,1
2629,42,Finance,Onsite,62,35452,13,4.89,0,1,5,0
2630,23,Marketing,Onsite,69,141153,12,8.0,2,0,1,0
2631,32,Marketing,Remote,142,68862,19,5.99,1,1,2,1
2632,48,Engineering,Onsite,109,48300,25,6.83,3,2,1,1
2633,50,HR,Onsite,170,170638,26,3.94,1,1,3,0
2634,46,Marketing,Onsite,178,168573,24,2.45,4,1,2,1
2635,41,HR,Hybrid,4,31845,8,1.12,1,1,5,0
2636,48,Support,Hybrid,72,149342,11,8.39,3,2,5,1
2637,46,Engineering,Remote,17,69181,9,6.73,5,0,4,0
2638,53,Marketing,Remote,114,64404,5,3.06,1,1,3,0
2639,41,Sales,Remote,85,52564,33,4.77,1,0,4,1
2640,55,Support,Hybrid,57,127898,18,8.21,0,0,2,1
2641,54,HR,Onsite,107,48227,5,5.85,0,0,4,0
2642,38,Marketing,Onsite,48,125259,1,3.7,0,0,2,1
2643,31,Engineering,Hybrid,172,154451,14,3.4,2,0,4,0
2644,43,Finance,Remote,173,47215,16,2.96,1,0,1,0
2645,42,Sales,Remote,117,160577,15,8.41,1,0,2,1
2646,37,HR,Remote,161,101074,27,6.24,1,0,2,0
2647,25,Support,Hybrid,31,182771,20,7.38,1,0,1,0
2648,31,Engineering,Remote,112,138621,7,8.74,6,0,1,0
2649,50,Sales,Remote,47,173526,9,9.88,2,0,3,0
2650,35,Engineering,Hybrid,134,136759,9,3.25,3,0,1,0
2651,47,Marketing,Onsite,108,158471,9,2.63,3,1,4,0
2652,55,Finance,Hybrid,72,51711,8,5.16,3,0,1,0
2653,53,Support,Hybrid,71,176131,27,1.32,4,0,1,1
2654,40,Engineering,Hybrid,162,78398,23,8.13,1,1,2,0
2655,36,HR,Hybrid,108,31286,18,8.95,4,1,2,0
2656,54,Marketing,Onsite,53,195369,32,7.17,2,0,1,1
2657,22,Marketing,Remote,142,138304,3,3.41,2,1,3,0
2658,55,Support,Hybrid,16,134959,2,2.11,3,4,2,0
2659,48,Marketing,Onsite,171,187557,11,4.44,0,0,4,0
2660,59,HR,Remote,116,89967,17,8.5,0,0,4,0
2661,26,Engineering,Remote,73,127803,22,4.13,4,1,1,0
2662,29,Support,Remote,74,159745,19,1.31,2,0,1,1
2663,40,Marketing,Hybrid,81,84583,5,3.47,6,1,3,0
2664,21,Marketing,Hybrid,12,154077,33,9.91,1,1,1,1
2665,28,HR,Remote,128,141359,1,7.09,0,0,5,0
2666,43,Finance,Remote,70,57086,29,9.11,3,1,5,0
2667,23,Finance,Remote,147,177556,8,7.97,2,1,1,1
2668,24,Marketing,Remote,41,134132,26,5.86,5,0,5,1
2669,45,Engineering,Remote,157,89263,33,2.34,7,0,4,1
2670,58,Support,Remote,59,179747,23,4.14,2,1,1,0
2671,35,Marketing,Onsite,89,150155,16,6.25,1,0,4,0
2672,41,Sales,Remote,24,90664,28,8.84,3,0,4,0
2673,55,Support,Hybrid,144,185752,35,3.42,3,0,5,0
2674,34,Finance,Hybrid,80,178149,11,2.09,4,0,3,0
2675,56,Marketing,Hybrid,134,150474,30,6.03,2,0,4,0
2676,32,HR,Remote,165,199246,8,2.59,1,1,5,0
2677,37,Sales,Hybrid,132,106968,18,6.49,4,0,3,0
2678,59,Marketing,Onsite,92,164563,16,3.37,4,1,5,1
2679,29,Engineering,Remote,166,164464,1,3.08,2,1,5,0
2680,55,Sales,Hybrid,169,97804,4,4.59,2,1,1,0
2681,33,Marketing,Onsite,92,68400,15,6.34,5,0,2,0
2682,35,Engineering,Onsite,81,197623,16,5.91,4,1,3,0
2683,38,Sales,Hybrid,142,58088,26,3.2,3,1,5,0
2684,53,Engineering,Onsite,71,186537,6,9.02,1,0,4,0
2685,26,Engineering,Hybrid,179,117893,7,1.99,5,1,4,0
2686,47,Sales,Onsite,65,35969,7,1.36,2,0,2,0
2687,43,Sales,Remote,52,38981,22,6.42,0,2,3,0
2688,47,Engineering,Remote,30,182104,31,2.11,2,2,1,0
2689,54,Finance,Remote,99,84091,17,5.54,3,1,3,0
2690,58,Sales,Remote,158,137154,11,9.57,4,1,4,0
2691,34,Marketing,Remote,98,54408,14,7.29,3,2,4,0
2692,56,Support,Hybrid,42,185313,27,6.56,1,1,1,0
2693,28,HR,Remote,139,77940,30,6.17,0,1,1,0
2694,55,Engineering,Remote,27,33657,8,2.62,1,1,4,0
2695,39,Engineering,Remote,152,51230,7,4.89,2,1,5,0
2696,50,HR,Remote,167,179752,18,4.08,1,0,5,0
2697,34,Finance,Onsite,72,114731,7,9.58,1,0,1,0
2698,40,HR,Remote,18,197022,33,3.18,2,0,5,0
2699,45,Sales,Remote,77,168939,3,5.24,2,1,1,0
2700,44,HR,Hybrid,45,34329,30,9.44,3,3,3,0
2701,34,Engineering,Onsite,115,65865,2,8.1,3,0,3,0
2702,46,HR,Hybrid,87,67869,34,9.68,6,0,3,0
2703,58,Support,Remote,140,150185,18,6.47,1,0,1,1
2704,43,Marketing,Hybrid,177,113984,28,4.0,0,1,1,1
2705,42,Sales,Hybrid,159,155172,9,8.44,0,1,5,0
2706,39,HR,Remote,92,131069,11,3.62,2,0,5,0
2707,23,Engineering,Onsite,22,119711,29,2.48,3,0,5,0
2708,39,Marketing,Onsite,172,96252,29,7.36,4,1,2,0
2709,29,Sales,Hybrid,92,109386,17,6.75,3,0,1,1
2710,48,Engineering,Remote,77,148728,23,8.91,3,2,3,1
2711,40,Finance,Hybrid,25,162783,31,9.66,3,0,3,0
2712,27,Support,Hybrid,108,55801,8,8.71,3,0,2,0
2713,34,Finance,Hybrid,179,120709,23,1.54,1,1,2,1
2714,29,Support,Remote,135,83270,25,6.98,4,1,3,0
2715,39,HR,Remote,109,85535,2,8.06,1,0,1,1
2716,34,Sales,Onsite,134,46220,22,9.84,0,0,3,0
2717,58,HR,Remote,24,43392,10,4.37,6,1,3,0
2718,56,Support,Hybrid,19,163318,9,2.53,1,1,2,0
2719,37,Support,Hybrid,83,50010,35,8.68,4,0,2,0
2720,50,Support,Onsite,115,156951,12,3.86,3,0,5,0
2721,29,Marketing,Remote,9,98358,28,6.38,5,0,2,1
2722,53,Engineering,Hybrid,112,178306,12,4.51,3,1,3,0
2723,45,Sales,Onsite,164,126190,25,4.62,6,0,5,1
2724,34,HR,Onsite,102,145795,19,7.59,4,0,3,1
2725,31,HR,Hybrid,168,152790,4,4.25,3,1,1,1
2726,55,Finance,Hybrid,152,155223,19,7.24,1,0,1,0
2727,34,Support,Remote,48,105205,13,1.13,1,1,2,0
2728,50,Support,Onsite,69,182856,13,3.92,4,1,5,0
2729,24,Support,Hybrid,170,190744,7,3.87,2,0,4,0
2730,24,HR,Onsite,119,31082,12,7.74,2,1,1,1
2731,48,Finance,Remote,45,172220,23,3.83,3,0,1,0
2732,28,Engineering,Hybrid,125,188566,14,6.7,2,0,1,0
2733,22,Marketing,Remote,14,105093,0,7.2,1,0,1,0
2734,42,Sales,Onsite,157,81952,21,6.93,2,1,2,1
2735,36,Engineering,Remote,134,66719,33,6.43,3,1,5,0
2736,49,HR,Remote,135,78737,2,4.72,3,0,1,0
2737,50,Marketing,Onsite,37,137271,25,4.36,2,0,2,0
2738,32,Marketing,Remote,53,175111,13,6.08,1,0,5,0
2739,55,Marketing,Onsite,18,97839,7,1.57,2,1,5,0
2740,31,Support,Hybrid,38,77931,15,8.88,3,0,4,0
2741,41,Sales,Onsite,129,69925,20,8.43,3,1,3,1
2742,41,HR,Onsite,44,117745,9,4.12,3,0,1,0
2743,25,HR,Hybrid,47,156298,24,6.1,4,0,2,1
2744,40,Marketing,Onsite,35,123709,21,9.39,2,2,5,0
2745,57,HR,Hybrid,60,72287,3,3.44,3,1,4,0
2746,23,Sales,Hybrid,90,194084,3,7.68,0,1,3,1
2747,53,Sales,Onsite,52,137252,29,1.74,2,0,5,0
2748,29,Finance,Remote,8,139323,1,5.71,2,0,5,0
2749,29,Finance,Remote,107,42803,28,8.96,3,2,1,1
2750,24,Engineering,Hybrid,169,148819,35,5.97,1,0,3,1
2751,55,Sales,Remote,131,123361,20,6.55,1,0,3,1
2752,37,Sales,Remote,142,43698,20,9.17,1,1,2,0
2753,54,Sales,Onsite,96,195632,20,7.44,4,1,4,1
2754,44,Finance,Hybrid,26,45376,3,7.26,2,0,2,0
2755,52,Marketing,Hybrid,111,43117,0,6.28,2,1,4,0
2756,21,Marketing,Onsite,123,199028,25,6.7,3,0,2,1
2757,28,HR,Remote,168,78786,1,8.23,0,1,4,0
2758,43,Marketing,Hybrid,51,143005,8,9.81,3,1,1,0
2759,32,Support,Remote,123,96480,17,8.16,2,0,4,0
2760,32,Finance,Hybrid,5,192767,10,7.37,1,1,2,1
2761,35,Sales,Hybrid,77,162583,24,2.22,3,1,3,1
2762,39,Marketing,Hybrid,160,83233,25,8.35,2,0,5,0
2763,46,Finance,Hybrid,1,141022,35,7.62,2,2,4,1
2764,49,Marketing,Remote,11,183574,34,7.93,1,0,4,0
2765,42,Engineering,Remote,8,122529,2,3.08,1,0,3,0
2766,41,Sales,Remote,153,130919,34,9.13,1,0,1,1
2767,58,Engineering,Remote,168,113533,21,1.88,2,0,2,1
2768,40,Sales,Onsite,32,193021,7,3.28,1,0,1,1
2769,49,Finance,Hybrid,28,99407,14,6.97,4,1,4,0
2770,24,HR,Hybrid,131,103809,6,7.06,3,1,4,0
2771,27,Marketing,Hybrid,128,47229,18,3.82,0,1,1,1
2772,48,Marketing,Onsite,62,188457,16,7.31,3,1,2,0
2773,48,Support,Remote,27,72176,0,4.49,1,1,4,0
2774,24,Engineering,Hybrid,45,124825,28,1.0,2,0,4,0
2775,42,Marketing,Remote,105,164332,12,2.46,1,1,1,0
2776,32,Finance,Remote,92,127555,28,8.94,4,1,5,0
2777,23,HR,Onsite,25,33145,5,3.0,0,0,3,0
2778,42,Finance,Onsite,44,127289,4,2.02,2,0,4,0
2779,22,Engineering,Remote,174,168874,33,7.14,1,0,2,1
2780,44,Support,Hybrid,142,32263,10,4.97,1,0,5,0
2781,54,Marketing,Hybrid,136,187985,8,8.17,1,1,1,1
2782,47,Finance,Onsite,176,87788,8,8.75,0,0,1,0
2783,21,Sales,Onsite,142,169227,7,8.61,3,1,2,0
2784,28,HR,Onsite,80,161994,2,3.82,1,0,5,0
2785,43,Finance,Onsite,82,181744,12,5.55,2,1,2,1
2786,58,HR,Onsite,135,199598,18,6.85,2,0,4,0
2787,26,Marketing,Onsite,88,75344,33,3.9,2,1,5,0
2788,42,Sales,Onsite,177,152819,31,1.37,1,0,3,0
2789,45,Support,Hybrid,127,180086,15,5.46,1,0,3,0
2790,38,Support,Onsite,55,103352,35,1.12,3,0,2,0
2791,37,Sales,Onsite,141,70324,17,9.56,2,0,3,0
2792,32,HR,Hybrid,56,124075,13,8.17,4,1,2,0
2793,26,Marketing,Hybrid,15,199770,29,2.73,3,0,4,1
2794,46,Finance,Remote,58,107169,1,3.59,0,0,4,0
2795,47,Sales,Onsite,163,53384,12,9.85,1,0,2,0
2796,28,Engineering,Onsite,88,33512,26,4.36,3,1,4,0
2797,39,HR,Onsite,97,167138,16,8.05,2,0,3,0
2798,21,Support,Onsite,144,192572,30,5.02,1,1,4,1
2799,49,Sales,Remote,8,153775,14,8.78,5,0,3,0
2800,55,Support,Hybrid,173,108743,19,7.33,1,1,3,0
2801,34,HR,Hybrid,40,115642,4,1.21,4,3,1,1
2802,55,Support,Onsite,14,159587,6,3.65,3,0,4,0
2803,40,Sales,Onsite,53,109858,17,6.02,3,4,4,0
2804,33,HR,Onsite,127,84800,10,9.34,2,0,2,0
2805,58,Engineering,Remote,155,130364,31,1.92,4,0,2,0
2806,28,Sales,Remote,175,32387,26,6.41,5,0,5,0
2807,40,Finance,Hybrid,80,162871,25,3.72,0,0,3,0
2808,53,Marketing,Onsite,115,149095,27,9.0,1,0,1,1
2809,46,Sales,Onsite,134,65548,1,7.89,1,0,3,0
2810,59,HR,Onsite,55,194967,19,4.33,3,0,4,1
2811,41,Marketing,Onsite,44,120450,3,2.5,1,1,5,0
2812,29,Sales,Remote,18,135669,12,1.1,3,0,3,0
2813,44,Engineering,Hybrid,16,110171,23,6.59,1,1,5,0
2814,57,Engineering,Hybrid,12,75414,28,4.66,3,0,3,1
2815,37,Finance,Remote,148,103071,35,3.83,3,0,4,0
2816,44,Support,Onsite,45,142808,1,9.87,2,0,4,0
2817,41,Marketing,Hybrid,93,108591,17,5.2,1,0,3,0
2818,59,HR,Hybrid,22,34297,7,7.75,0,0,1,0
2819,59,HR,Remote,97,139513,14,2.6,1,1,4,0
2820,33,Support,Onsite,47,158668,16,1.12,1,1,2,0
2821,31,Engineering,Hybrid,29,116479,22,4.76,5,0,1,1
2822,39,Engineering,Onsite,45,128752,1,6.99,2,0,3,0
2823,31,Sales,Hybrid,77,166080,5,5.56,1,0,1,1
2824,33,Finance,Remote,9,145481,28,9.01,2,2,2,1
2825,21,Marketing,Onsite,24,177892,26,4.91,4,2,4,0
2826,39,Finance,Remote,15,183325,33,3.8,4,0,4,0
2827,32,Finance,Hybrid,164,190274,17,9.24,0,0,4,0
2828,28,Sales,Remote,13,190308,9,4.66,0,0,2,0
2829,28,Finance,Remote,91,97156,16,3.43,2,0,1,0
2830,32,Support,Remote,172,90263,12,1.88,2,0,3,0
2831,53,Sales,Hybrid,101,148996,26,8.14,2,1,3,1
2832,46,Support,Onsite,71,129252,1,8.43,0,0,1,0
2833,59,Sales,Remote,122,148632,33,1.3,2,2,4,1
2834,48,Finance,Onsite,76,104855,30,4.23,2,0,3,0
2835,25,Support,Hybrid,164,46575,22,7.75,2,1,4,0
2836,28,Support,Onsite,116,42204,6,9.52,1,1,5,0
2837,45,Support,Remote,61,41952,32,4.4,1,1,5,0
2838,47,Sales,Remote,168,113323,11,8.85,3,1,3,1
2839,43,HR,Remote,126,194944,11,4.54,1,0,1,0
2840,50,Finance,Remote,155,190448,18,2.62,3,0,1,0
2841,43,Support,Remote,1,172712,8,1.03,2,0,1,0
2842,40,Marketing,Remote,162,56437,9,3.97,3,0,4,1
2843,38,HR,Hybrid,68,157129,16,4.41,1,0,5,0
2844,38,Marketing,Hybrid,88,117681,9,9.51,1,0,4,0
2845,22,Finance,Hybrid,21,37903,11,2.85,2,0,2,0
2846,24,Finance,Onsite,161,56863,14,4.44,1,1,2,0
2847,50,Support,Onsite,135,73381,30,1.23,1,1,3,0
2848,53,Support,Hybrid,3,58548,14,7.87,3,0,2,1
2849,56,Sales,Onsite,51,41467,27,9.24,2,0,1,1
2850,38,HR,Onsite,79,87954,3,3.14,2,1,3,0
2851,57,HR,Remote,95,53901,35,4.86,1,0,5,0
2852,39,Support,Remote,123,53301,0,2.1,5,0,5,0
2853,48,Finance,Onsite,6,154686,33,5.11,1,0,2,0
2854,40,Support,Onsite,157,115180,16,2.2,1,0,2,1
2855,53,Finance,Hybrid,17,99903,32,5.71,7,3,5,0
2856,32,Finance,Onsite,117,133955,20,7.61,0,2,2,0
2857,35,Support,Remote,60,177276,25,5.98,5,0,2,1
2858,59,Engineering,Onsite,150,49755,35,3.21,0,0,4,0
2859,22,HR,Hybrid,152,89817,4,4.18,1,1,5,1
2860,49,Marketing,Remote,125,32093,32,6.75,3,1,5,0
2861,30,Finance,Remote,81,126319,0,6.31,1,1,2,0
2862,22,Finance,Remote,85,52940,5,2.23,2,0,1,0
2863,31,Engineering,Remote,51,198394,1,8.6,3,0,4,0
2864,33,Marketing,Onsite,178,158714,4,5.28,1,1,1,0
2865,30,Sales,Hybrid,139,121544,25,2.46,2,0,2,0
2866,34,Engineering,Onsite,71,114437,12,2.11,1,0,5,0
2867,38,Marketing,Onsite,170,122969,11,9.69,4,0,1,0
2868,29,Engineering,Remote,39,137001,4,3.53,4,0,3,1
2869,59,Finance,Hybrid,69,117725,1,9.18,2,1,1,0
2870,48,HR,Remote,48,145784,3,4.7,1,0,5,0
2871,23,Engineering,Onsite,125,140675,26,4.47,2,1,2,0
2872,40,Sales,Onsite,57,124266,9,7.31,1,0,1,0
2873,26,Support,Remote,21,39236,12,1.09,2,0,2,0
2874,47,Marketing,Onsite,82,102597,1,4.04,0,0,4,0
2875,22,Engineering,Onsite,99,164974,25,3.72,5,0,3,1
2876,49,Engineering,Remote,148,129656,14,8.81,0,0,5,0
2877,58,Sales,Onsite,15,64364,9,5.76,5,0,5,0
2878,23,HR,Hybrid,69,137071,21,4.28,1,3,2,0
2879,36,Engineering,Remote,179,124410,24,3.39,1,0,3,0
2880,50,Engineering,Hybrid,76,181168,14,6.31,2,0,5,0
2881,22,HR,Onsite,62,173092,12,2.37,4,1,1,1
2882,37,Sales,Onsite,119,88473,7,3.22,0,0,5,1
2883,32,Marketing,Remote,37,74153,20,3.64,1,0,1,0
2884,55,Marketing,Onsite,134,68502,20,6.47,1,0,5,0
2885,21,Engineering,Remote,26,45675,21,4.36,2,0,1,0
2886,35,HR,Remote,8,185437,32,5.55,2,0,4,0
2887,46,Engineering,Remote,4,148384,26,6.85,4,1,2,0
2888,57,Support,Remote,21,108229,21,9.61,0,0,4,1
2889,41,Marketing,Remote,159,119049,29,7.88,1,1,1,1
2890,51,Finance,Hybrid,149,119157,8,4.65,3,0,2,0
2891,45,Support,Remote,25,135711,34,7.73,1,0,3,1
2892,43,Engineering,Hybrid,143,140090,17,9.55,2,0,1,0
2893,44,Sales,Onsite,163,123321,4,5.49,2,1,5,0
2894,58,Marketing,Remote,177,56465,26,4.69,1,0,5,0
2895,48,Finance,Onsite,43,62286,5,1.7,3,0,3,0
2896,41,Support,Remote,169,84795,31,9.03,1,1,4,0
2897,38,Marketing,Hybrid,37,138139,7,3.22,1,1,1,1
2898,56,HR,Hybrid,42,133845,20,1.58,1,0,5,0
2899,55,Sales,Hybrid,175,79986,17,5.83,1,0,2,0
2900,29,Support,Onsite,92,105396,13,8.61,4,0,3,0
2901,58,HR,Remote,61,85178,14,4.66,1,0,4,0
2902,50,Engineering,Onsite,142,40745,25,8.05,3,0,4,0
2903,54,HR,Hybrid,68,109637,31,8.53,3,0,2,0
2904,52,Support,Onsite,53,166100,27,5.09,1,0,2,0
2905,23,Support,Hybrid,84,78566,31,6.32,3,2,3,0
2906,23,Engineering,Hybrid,34,73722,12,5.81,1,0,2,0
2907,48,HR,Hybrid,76,116623,14,9.45,4,1,5,0
2908,35,HR,Remote,97,141074,17,7.53,1,0,4,0
2909,43,Engineering,Remote,152,104974,5,9.33,1,0,2,0
2910,31,HR,Hybrid,148,114084,10,2.98,1,0,1,1
2911,52,Marketing,Onsite,30,185839,31,3.79,1,0,2,1
2912,56,Engineering,Onsite,88,147353,19,1.64,4,1,4,0
2913,53,Sales,Remote,7,134417,32,5.5,4,0,5,0
2914,44,Support,Hybrid,36,98099,7,8.87,2,0,2,0
2915,59,Sales,Onsite,38,169570,34,3.94,3,2,5,1
2916,54,Marketing,Hybrid,52,55107,4,2.15,0,0,1,1
2917,48,Marketing,Onsite,143,189865,34,1.62,2,1,4,0
2918,57,Finance,Remote,174,163768,13,5.03,1,2,3,1
2919,27,Finance,Hybrid,151,83839,20,2.48,6,1,4,0
2920,24,Finance,Hybrid,140,119241,23,4.11,1,0,3,0
2921,57,Engineering,Onsite,172,53397,16,8.38,2,1,3,0
2922,21,HR,Onsite,143,37704,17,4.46,0,1,4,0
2923,21,Marketing,Onsite,93,46442,33,6.49,1,1,3,0
2924,40,Sales,Hybrid,107,159576,11,5.52,1,1,5,0
2925,39,Sales,Remote,126,39765,15,7.47,1,0,1,1
2926,49,Sales,Remote,49,145828,3,2.41,3,1,2,1
2927,30,Sales,Onsite,21,40002,24,9.28,2,0,3,0
2928,38,Finance,Remote,15,41390,33,6.79,3,0,3,0
2929,48,Sales,Onsite,14,36641,27,3.44,1,2,4,0
2930,55,HR,Remote,42,194781,10,2.11,0,1,5,0
2931,51,Finance,Hybrid,15,141119,12,2.35,0,1,2,0
2932,47,Sales,Onsite,63,45624,30,8.04,1,0,3,0
2933,31,Engineering,Remote,27,39966,24,6.29,0,0,5,0
2934,58,Support,Hybrid,93,195261,9,4.43,0,0,2,0
2935,25,Support,Remote,105,101301,23,4.0,1,0,4,0
2936,28,Support,Hybrid,53,145123,0,8.7,4,2,3,0
2937,54,Finance,Hybrid,52,178295,24,8.87,3,0,4,0
2938,32,Sales,Remote,63,108183,27,6.23,4,0,4,0
2939,58,Marketing,Remote,57,34959,35,5.72,2,1,3,0
2940,21,Marketing,Hybrid,120,188329,17,8.35,3,0,5,0
2941,51,Marketing,Hybrid,52,80802,5,7.74,1,0,5,0
2942,24,Finance,Hybrid,107,154125,1,4.6,1,0,4,0
2943,25,HR,Onsite,43,153795,2,1.74,2,0,4,0
2944,50,Engineering,Hybrid,135,57215,7,7.92,2,1,1,0
2945,44,Engineering,Onsite,117,85046,30,2.52,2,1,2,0
2946,23,Support,Hybrid,170,124593,18,1.15,4,0,4,1
2947,31,Support,Onsite,4,195166,5,8.59,4,0,4,0
2948,24,Marketing,Hybrid,133,199741,13,6.2,4,0,2,1
2949,46,Marketing,Hybrid,80,197198,2,9.02,0,0,3,0
2950,47,Support,Hybrid,41,109036,0,5.36,2,2,5,0
2951,47,Sales,Remote,132,139864,29,9.34,2,0,3,1
2952,26,HR,Remote,2,150333,18,4.19,3,1,2,0
2953,35,HR,Hybrid,149,46772,18,7.52,2,1,2,0
2954,50,HR,Onsite,43,81943,8,3.71,3,0,1,0
2955,57,HR,Onsite,82,98868,6,1.01,4,0,1,1
2956,57,Support,Hybrid,108,79855,6,4.42,2,1,5,0
2957,57,Engineering,Remote,137,183290,8,7.64,1,0,4,0
2958,55,Support,Onsite,156,131124,3,2.35,1,0,2,1
2959,43,HR,Remote,26,87205,24,5.54,1,0,1,0
2960,26,Support,Onsite,82,166031,11,2.91,2,1,3,0
2961,24,HR,Hybrid,83,55874,5,1.67,4,0,1,0
2962,38,Finance,Remote,131,161007,17,6.56,3,1,3,0
2963,29,Marketing,Onsite,73,31301,20,9.57,3,0,1,1
2964,49,Engineering,Hybrid,100,88017,14,3.8,3,0,3,0
2965,33,Finance,Hybrid,49,73319,2,6.23,5,1,1,0
2966,37,Sales,Hybrid,145,52455,1,9.58,1,2,1,0
2967,52,Support,Remote,63,165184,3,6.85,1,0,5,0
2968,42,Sales,Remote,55,87033,31,7.06,3,1,4,1
2969,24,Support,Hybrid,151,193217,1,2.61,4,2,2,1
2970,25,Marketing,Remote,34,136924,28,5.43,2,0,4,0
2971,57,Finance,Onsite,105,62735,1,4.3,1,1,5,0
2972,33,Marketing,Hybrid,105,102781,33,5.24,6,0,3,1
2973,54,HR,Hybrid,69,156031,26,8.21,1,1,4,0
2974,42,Marketing,Remote,15,158305,17,5.15,3,0,2,0
2975,43,Marketing,Hybrid,175,138049,35,1.57,2,1,2,0
2976,23,HR,Onsite,3,182783,18,9.15,1,1,3,0
2977,54,Support,Remote,156,35630,26,5.9,2,0,2,1
2978,52,HR,Remote,3,95488,19,9.32,2,0,5,0
2979,41,Finance,Hybrid,102,164278,20,6.15,2,0,4,0
2980,41,Marketing,Hybrid,4,86289,22,1.63,0,0,2,0
2981,31,HR,Hybrid,88,48953,29,5.98,2,1,4,0
2982,59,Marketing,Remote,159,130932,24,6.18,1,0,1,0
2983,24,Finance,Hybrid,45,171140,30,2.93,2,1,4,0
2984,21,Sales,Onsite,45,108930,26,5.24,2,0,3,0
2985,48,Finance,Hybrid,75,31067,33,5.13,0,0,5,0
2986,44,Engineering,Hybrid,165,80658,7,6.61,1,0,2,1
2987,55,Engineering,Remote,9,82165,18,3.34,1,0,5,0
2988,33,Engineering,Hybrid,145,110781,25,6.24,1,2,4,0
2989,54,Marketing,Remote,118,170931,27,3.17,1,0,2,1
2990,31,Support,Hybrid,65,59164,3,5.02,1,1,5,0
2991,56,Support,Onsite,131,134946,30,2.1,3,0,3,0
2992,37,Support,Onsite,26,157580,15,1.34,2,0,1,0
2993,55,Marketing,Remote,159,129251,9,3.89,2,2,1,0
2994,38,Finance,Remote,26,50773,9,3.47,2,1,3,0
2995,42,Support,Hybrid,23,63939,8,4.66,1,1,1,0
2996,44,Sales,Hybrid,30,167186,35,9.66,1,4,3,0
2997,39,Engineering,Onsite,10,128475,35,5.7,0,2,4,0
2998,57,Finance,Hybrid,72,42818,18,5.98,4,2,3,0
2999,59,Engineering,Onsite,64,39335,18,9.47,4,0,1,0
3000,41,Support,Remote,150,85008,11,9.29,1,0,4,0
