employee_id,department,current_level,tenure_in_role_months,avg_performance_rating_last_4q,goals_completed_pct,peer_review_score,training_hours_last_year,cross_team_projects,manager_recommendation,PromotionReady
1,Finance,Senior,6,2.43,46.8,5.23,70,1,0,0
2,Sales,Senior,53,3.19,19.8,6.47,18,0,1,1
3,HR,Senior,9,1.94,27.5,4.82,71,0,0,0
4,HR,Mid,1,2.55,73.2,1.88,46,1,0,0
5,Finance,Mid,58,1.18,15.0,9.14,31,1,1,0
6,Sales,Mid,32,3.58,64.6,4.46,60,0,0,1
7,Engineering,Mid,59,1.83,64.2,2.28,72,1,1,0
8,Sales,Mid,51,2.85,47.6,2.28,57,2,1,1
9,Support,Mid,45,2.02,51.7,1.44,40,0,0,0
10,Support,Junior,7,2.99,43.6,8.2,32,2,1,1
11,Engineering,Junior,10,2.69,72.0,8.15,27,1,0,0
12,Finance,Senior,34,4.85,28.2,2.94,34,1,1,0
13,Engineering,Senior,39,1.26,80.1,9.24,21,1,1,0
14,Finance,Junior,5,2.2,97.0,9.12,29,2,0,0
15,Engineering,Senior,24,4.51,90.3,7.06,32,1,0,1
16,HR,Junior,50,3.47,50.4,9.53,24,2,0,1
17,Support,Senior,31,4.09,76.3,6.31,5,0,0,0
18,HR,Mid,32,1.26,29.5,1.57,17,0,0,0
19,Finance,Junior,45,4.78,91.1,7.58,47,2,0,0
20,Finance,Mid,50,3.91,31.8,4.4,74,1,0,0
21,Marketing,Mid,21,2.39,48.6,5.86,20,0,0,0
22,Engineering,Senior,40,2.12,98.2,4.42,70,0,1,0
23,Engineering,Senior,1,3.07,52.5,9.84,55,0,0,0
24,Marketing,Junior,41,1.47,35.4,6.92,36,3,0,0
25,Engineering,Mid,58,1.93,25.5,1.71,21,0,0,0
26,HR,Mid,30,4.57,68.5,9.86,7,1,1,1
27,Marketing,Mid,8,4.03,67.6,7.85,48,1,0,0
28,Engineering,Senior,27,1.37,42.5,5.0,44,2,1,0
29,Support,Mid,18,2.04,22.1,1.2,75,0,1,0
30,Engineering,Mid,10,1.1,60.1,8.82,20,2,0,0
31,Sales,Senior,43,4.49,75.5,3.03,71,1,1,1
32,Finance,Mid,58,3.02,82.8,7.07,7,1,1,0
33,Sales,Junior,13,1.36,63.3,3.01,16,3,1,0
34,HR,Mid,34,2.11,0.1,2.29,8,0,0,0
35,HR,Mid,17,4.65,32.1,9.24,8,0,0,1
36,Engineering,Mid,3,4.5,86.9,4.39,65,1,0,0
37,HR,Mid,47,4.95,74.9,9.94,26,3,1,1
38,Engineering,Mid,46,1.9,54.0,6.51,79,0,1,1
39,Sales,Senior,25,1.23,15.3,8.15,53,2,0,0
40,Engineering,Mid,26,2.43,29.7,1.38,62,2,0,0
41,Engineering,Junior,14,3.31,89.6,2.07,34,2,0,0
42,Marketing,Senior,2,1.24,67.9,2.56,45,0,0,0
43,Finance,Senior,41,4.41,79.4,6.42,58,0,0,1
44,Finance,Mid,14,1.86,53.0,7.11,59,2,0,1
45,Finance,Mid,44,2.62,76.7,8.08,10,0,0,0
46,Support,Senior,19,1.77,58.8,1.57,54,0,1,0
47,Sales,Junior,52,1.86,19.7,5.53,8,0,0,0
48,HR,Mid,19,1.7,13.4,5.03,35,2,0,0
49,Engineering,Mid,20,1.58,36.6,7.12,56,0,0,0
50,Marketing,Mid,35,3.39,46.9,7.64,30,5,1,1
51,Finance,Senior,54,1.69,6.6,1.14,68,1,1,0
52,Engineering,Mid,37,4.85,67.8,1.53,10,0,0,0
53,Marketing,Mid,46,2.18,74.6,5.4,45,2,1,1
54,Finance,Senior,47,1.1,96.3,5.99,3,1,1,1
55,HR,Junior,25,1.5,12.9,9.29,45,0,0,0
56,Sales,Mid,3,1.48,46.8,6.04,65,2,1,1
57,HR,Junior,29,1.99,18.3,4.95,51,1,1,0
58,HR,Senior,17,3.09,69.0,8.7,73,1,1,1
59,HR,Mid,10,4.04,89.2,4.74,59,0,1,0
60,Sales,Senior,9,2.94,70.9,4.47,65,1,1,1
61,HR,Junior,34,2.93,69.8,6.29,20,0,1,0
62,HR,Senior,56,4.5,11.3,7.52,13,1,1,1
63,Finance,Mid,29,2.44,46.6,3.13,4,0,0,0
64,HR,Senior,13,2.2,73.1,6.12,12,0,0,0
65,Sales,Junior,12,3.55,92.3,4.21,15,1,1,1
66,HR,Mid,49,4.13,90.3,1.97,31,3,1,1
67,Sales,Senior,14,1.99,45.6,6.29,76,2,1,1
68,Marketing,Mid,15,2.36,82.2,1.8,20,1,0,0
69,Sales,Junior,55,1.52,49.9,2.79,34,1,0,0
70,Marketing,Mid,46,3.58,57.9,8.01,63,1,0,1
71,Sales,Junior,8,3.15,67.8,8.44,32,2,1,1
72,Support,Senior,30,2.74,46.9,4.8,29,1,1,0
73,HR,Junior,23,2.98,85.3,4.92,49,1,1,1
74,Support,Junior,20,2.63,0.9,3.69,22,0,0,0
75,Support,Senior,31,3.51,52.6,2.9,57,1,0,0
76,Marketing,Mid,39,2.66,45.4,3.81,63,1,1,1
77,HR,Senior,51,3.39,45.2,4.72,75,0,0,0
78,HR,Junior,7,4.94,97.3,5.52,16,2,1,1
79,Support,Senior,23,2.87,4.4,1.21,34,2,0,0
80,Engineering,Mid,5,4.46,37.3,7.19,53,0,1,1
81,Finance,Mid,46,4.49,27.1,6.27,9,0,0,1
82,Marketing,Senior,22,2.98,7.6,1.04,62,0,1,0
83,HR,Senior,24,3.49,10.6,7.03,25,1,0,1
84,Sales,Junior,43,1.95,83.6,2.48,58,0,1,0
85,Sales,Senior,29,3.2,95.2,5.9,46,2,1,1
86,Finance,Mid,38,4.13,92.4,6.74,70,0,0,1
87,HR,Junior,13,1.17,62.6,5.73,68,1,0,0
88,Finance,Senior,17,2.67,9.0,3.95,64,1,0,0
89,Finance,Senior,33,4.51,93.4,7.54,58,4,0,1
90,Marketing,Junior,35,4.89,5.3,5.38,11,0,0,1
91,Finance,Junior,47,4.25,52.0,6.93,68,2,0,1
92,HR,Senior,9,4.33,72.0,8.49,18,1,0,0
93,HR,Senior,40,2.22,85.5,5.65,12,0,0,0
94,Engineering,Mid,25,4.14,18.5,8.92,36,2,0,1
95,Finance,Mid,9,1.17,47.4,1.87,13,1,1,0
96,HR,Junior,25,1.47,72.4,9.46,19,1,0,0
97,Engineering,Mid,12,4.88,43.8,8.03,57,0,0,1
98,Support,Senior,15,1.84,79.7,8.92,59,2,0,1
99,Support,Junior,56,1.69,54.7,2.71,28,0,1,0
100,HR,Senior,19,1.1,76.4,1.12,18,0,0,0
101,Marketing,Junior,35,4.34,1.5,2.09,68,2,0,0
102,Support,Junior,21,4.51,15.5,4.09,21,0,1,0
103,HR,Junior,25,1.76,23.3,6.15,38,2,1,0
104,Marketing,Mid,56,2.77,94.7,7.93,78,2,1,1
105,Finance,Senior,29,4.4,18.4,8.97,65,1,0,1
106,Finance,Junior,17,1.83,58.5,8.41,68,3,1,0
107,Marketing,Mid,23,1.34,88.6,7.16,17,1,0,0
108,Engineering,Mid,7,3.33,94.1,5.88,24,0,1,0
109,Marketing,Junior,27,1.44,85.1,1.14,39,0,0,0
110,Marketing,Junior,12,1.03,12.5,2.58,79,2,0,0
111,Finance,Senior,53,4.11,82.0,9.5,34,0,1,1
112,HR,Junior,52,3.94,25.4,3.33,58,1,1,0
113,Sales,Mid,23,1.42,52.9,4.47,33,1,0,0
114,Support,Junior,19,4.63,55.6,1.43,0,1,1,0
115,Marketing,Mid,32,2.72,73.6,3.05,79,0,1,0
116,Finance,Junior,2,4.16,88.5,5.84,60,0,1,1
117,Finance,Junior,9,2.01,69.9,6.27,47,0,0,0
118,Sales,Senior,58,4.04,54.2,9.44,29,1,0,1
119,Sales,Senior,18,2.2,18.5,3.96,68,1,0,0
120,Marketing,Mid,14,2.37,60.9,2.88,12,3,1,0
121,Support,Senior,10,3.87,93.3,6.64,36,1,0,0
122,Engineering,Mid,18,4.23,9.6,5.56,46,0,1,0
123,Finance,Junior,31,4.57,91.8,3.22,10,3,1,0
124,Support,Senior,2,3.64,52.1,5.64,1,2,1,0
125,Finance,Mid,41,3.01,2.5,5.39,70,1,0,0
126,Engineering,Senior,15,4.23,12.4,9.59,60,2,1,1
127,Support,Mid,22,2.12,74.5,4.01,56,1,1,0
128,HR,Junior,13,2.0,68.5,3.04,70,0,0,0
129,Support,Senior,13,3.39,58.1,9.55,15,0,0,0
130,Finance,Mid,42,4.46,60.0,4.35,54,0,1,0
131,Sales,Junior,10,3.95,87.0,2.94,35,0,1,0
132,Marketing,Mid,5,3.42,81.6,5.64,10,3,0,0
133,Support,Senior,29,3.03,81.7,2.26,38,0,0,1
134,Sales,Mid,4,2.2,64.7,5.54,22,2,0,0
135,Marketing,Mid,51,1.97,33.9,1.9,74,0,1,0
136,Sales,Junior,32,1.65,37.4,5.41,74,2,0,0
137,Finance,Junior,49,4.78,55.8,8.66,39,0,0,1
138,Sales,Senior,30,2.83,92.5,6.31,9,4,1,1
139,Engineering,Junior,43,2.29,49.4,2.34,70,1,0,0
140,Finance,Mid,50,3.15,65.5,4.27,60,2,1,1
141,Marketing,Junior,42,4.09,88.7,4.08,59,1,0,1
142,Sales,Junior,20,2.32,0.8,8.59,68,0,1,0
143,Marketing,Mid,37,3.36,13.9,1.19,14,0,0,0
144,Finance,Senior,58,2.18,6.0,4.71,54,2,0,1
145,HR,Senior,19,4.24,55.0,9.51,17,2,0,1
146,Finance,Junior,11,4.54,26.9,2.9,43,0,0,0
147,Sales,Senior,4,1.23,38.9,9.35,30,1,1,0
148,HR,Senior,33,4.43,22.6,3.54,50,2,0,0
149,Engineering,Junior,41,1.67,5.3,9.1,77,0,0,0
150,Sales,Mid,38,1.56,51.5,6.22,6,2,0,0
151,Marketing,Senior,36,1.26,85.1,8.96,16,4,0,0
152,Marketing,Junior,42,3.66,33.1,5.93,11,2,0,0
153,HR,Senior,36,3.1,52.6,1.49,32,2,1,0
154,Finance,Junior,10,2.73,37.6,5.53,37,1,1,0
155,Engineering,Senior,30,1.97,21.6,6.71,67,1,1,0
156,HR,Senior,6,1.26,48.7,3.74,72,0,0,0
157,Sales,Mid,1,1.01,42.4,3.6,73,0,0,0
158,Finance,Senior,42,3.35,7.5,5.88,71,1,0,1
159,Finance,Senior,6,3.13,16.6,5.43,35,1,0,0
160,Marketing,Mid,36,2.55,62.8,9.98,9,1,1,1
161,Finance,Senior,10,4.56,37.3,7.25,36,1,0,1
162,Marketing,Senior,40,2.41,93.4,1.27,49,1,1,0
163,Support,Senior,39,3.56,50.8,9.02,4,0,0,0
164,Sales,Junior,40,1.17,7.3,6.5,70,2,0,0
165,HR,Junior,42,3.76,52.8,4.59,61,0,0,0
166,HR,Senior,16,4.69,18.4,4.94,64,0,1,1
167,Support,Senior,11,4.51,71.7,8.74,20,0,0,0
168,Finance,Mid,7,3.37,68.4,2.05,54,3,0,0
169,Engineering,Senior,25,3.62,93.6,5.55,69,2,1,1
170,Marketing,Junior,17,1.51,32.7,7.06,79,2,1,1
171,HR,Junior,16,4.47,44.5,6.91,62,0,0,0
172,Marketing,Senior,28,1.79,20.5,5.57,23,2,0,0
173,Engineering,Senior,40,3.55,77.9,3.35,5,1,1,0
174,Marketing,Mid,34,2.71,58.2,9.97,17,2,0,1
175,Sales,Junior,43,4.39,77.1,8.87,24,3,1,1
176,Marketing,Senior,47,1.15,38.6,1.88,3,0,0,0
177,Engineering,Mid,22,3.35,55.8,2.23,24,2,1,1
178,Finance,Junior,45,2.9,37.6,6.69,75,0,0,1
179,HR,Senior,37,2.28,32.8,3.49,26,2,0,0
180,Marketing,Junior,30,3.25,31.7,8.08,26,0,0,0
181,Sales,Mid,43,3.55,66.4,7.4,62,1,0,1
182,Support,Senior,14,3.84,33.3,9.42,31,1,0,1
183,Engineering,Senior,43,1.16,97.5,9.58,14,0,0,0
184,Support,Mid,10,4.44,14.2,9.94,29,1,1,1
185,Engineering,Junior,2,3.64,70.3,5.45,4,3,0,0
186,Support,Mid,9,1.14,73.6,1.3,33,0,0,0
187,Sales,Mid,35,3.63,33.0,6.41,32,2,1,1
188,Sales,Senior,42,3.06,50.8,2.74,7,0,0,0
189,Marketing,Junior,52,2.18,3.9,3.73,49,0,0,0
190,Marketing,Mid,5,4.16,31.9,6.9,78,0,0,1
191,HR,Junior,45,4.46,61.0,1.81,67,0,1,0
192,Sales,Mid,39,4.88,65.6,4.74,18,1,1,0
193,Engineering,Senior,36,4.49,90.4,2.57,74,0,0,1
194,Engineering,Junior,12,2.61,62.0,2.87,45,0,1,0
195,Sales,Junior,53,2.24,83.6,2.57,55,0,0,0
196,Sales,Senior,24,1.84,97.6,5.77,62,2,1,0
197,Sales,Junior,59,3.64,83.6,7.09,66,2,0,1
198,Marketing,Junior,54,2.34,44.7,7.47,54,2,0,1
199,HR,Mid,18,2.12,64.6,6.05,22,1,1,1
200,Support,Junior,9,4.7,10.8,9.51,35,2,0,0
201,Engineering,Mid,38,1.17,52.6,4.86,42,1,0,0
202,Marketing,Senior,5,2.4,47.7,8.95,48,1,1,1
203,Support,Senior,2,2.74,37.2,3.52,16,1,0,0
204,Support,Senior,11,1.82,36.5,4.13,14,2,0,0
205,Finance,Senior,28,2.18,14.7,8.47,8,2,0,0
206,Support,Senior,22,2.57,1.9,3.79,67,2,0,0
207,HR,Mid,38,4.0,49.8,8.03,11,1,1,0
208,Finance,Junior,9,1.29,55.3,6.75,5,1,0,0
209,Engineering,Senior,2,1.45,92.4,5.06,30,1,0,0
210,Sales,Junior,31,2.62,77.4,4.48,79,0,1,0
211,Finance,Senior,30,4.16,68.3,3.24,50,1,0,1
212,Sales,Mid,21,1.13,63.2,7.51,67,0,0,0
213,Finance,Junior,39,2.34,80.0,3.13,16,0,1,0
214,HR,Junior,55,1.88,77.2,3.49,31,0,1,0
215,Support,Junior,54,3.0,32.7,6.33,2,1,1,1
216,Finance,Senior,41,2.53,87.6,7.47,13,3,0,0
217,Sales,Junior,44,2.09,87.8,3.83,35,1,0,0
218,Engineering,Senior,2,1.25,34.7,2.6,27,0,1,0
219,Support,Mid,11,1.64,90.6,4.27,22,0,0,0
220,Finance,Junior,58,3.46,5.2,8.61,19,1,1,0
221,Engineering,Senior,28,3.4,45.1,5.42,39,2,0,1
222,Engineering,Junior,42,3.76,22.2,9.27,8,1,1,1
223,Finance,Junior,47,1.28,17.4,3.24,13,1,0,0
224,Sales,Mid,50,1.03,21.9,1.81,33,2,0,0
225,Engineering,Junior,32,3.48,0.5,7.72,15,2,0,0
226,Support,Junior,15,1.71,85.8,8.95,31,0,1,1
227,Engineering,Junior,41,4.0,62.2,3.5,66,1,0,0
228,HR,Mid,55,3.31,40.3,4.89,65,0,0,1
229,Marketing,Senior,39,2.06,29.5,5.31,73,0,0,0
230,Marketing,Junior,42,2.73,86.1,1.38,38,2,0,0
231,Engineering,Mid,59,2.7,4.3,7.11,42,1,1,1
232,Sales,Senior,46,1.98,14.0,2.68,50,3,0,0
233,HR,Senior,34,4.41,60.5,6.71,15,1,0,0
234,Support,Junior,55,1.01,25.1,2.59,20,1,1,0
235,Engineering,Mid,7,1.98,3.2,9.42,1,1,0,0
236,Engineering,Senior,34,1.8,2.0,1.07,75,2,0,0
237,Finance,Senior,30,4.65,92.1,6.54,36,3,1,1
238,Marketing,Junior,32,4.21,0.9,4.84,22,1,1,0
239,Finance,Senior,23,4.18,86.8,7.93,51,0,0,1
240,HR,Mid,11,4.3,79.8,1.94,63,1,1,1
241,Marketing,Junior,22,1.66,85.3,2.81,22,1,0,0
242,Sales,Senior,32,4.48,42.1,6.61,12,0,1,1
243,Marketing,Mid,18,2.57,10.5,1.19,61,0,1,0
244,Support,Junior,32,2.02,93.6,1.48,6,1,0,1
245,Finance,Mid,46,1.72,2.8,3.45,1,1,0,0
246,Engineering,Junior,9,2.13,67.5,4.28,57,2,0,0
247,Finance,Junior,24,3.16,33.4,6.86,60,0,0,0
248,Support,Senior,20,2.41,54.4,1.94,43,2,1,1
249,Support,Mid,12,3.73,42.9,1.42,12,2,0,0
250,Engineering,Mid,18,1.03,46.6,7.9,68,1,0,0
251,Marketing,Senior,10,2.84,78.3,2.69,22,1,1,0
252,HR,Junior,48,2.63,38.0,8.47,60,2,0,1
253,Sales,Mid,3,1.74,61.5,3.65,31,1,0,0
254,Marketing,Mid,57,4.38,65.0,4.92,32,0,1,1
255,Engineering,Junior,42,2.07,44.7,9.86,40,1,0,0
256,HR,Mid,37,2.48,57.4,1.81,71,3,0,1
257,Sales,Mid,38,3.01,3.9,1.44,70,2,1,0
258,Support,Junior,30,1.8,15.1,2.74,19,4,1,0
259,Engineering,Mid,50,3.5,36.2,5.22,51,2,0,0
260,Sales,Mid,14,1.47,91.5,6.78,71,0,1,0
261,HR,Senior,48,2.06,29.2,7.42,0,0,1,0
262,HR,Senior,26,1.66,44.0,4.7,9,3,0,0
263,Finance,Senior,48,4.99,0.0,1.25,50,0,1,1
264,Marketing,Mid,51,2.85,59.0,3.88,59,2,1,0
265,HR,Senior,17,1.29,7.9,9.8,77,1,1,0
266,Sales,Junior,8,3.61,5.3,8.7,13,1,0,0
267,Marketing,Mid,10,3.4,60.4,9.55,22,2,0,1
268,Finance,Mid,7,2.15,83.3,6.57,53,0,0,0
269,HR,Mid,6,1.13,90.4,6.76,66,2,0,1
270,Finance,Senior,2,1.54,65.0,3.7,17,0,1,0
271,Engineering,Mid,38,2.98,42.3,9.1,55,1,0,0
272,Sales,Mid,24,1.92,31.6,6.15,30,1,0,0
273,Support,Junior,31,3.48,98.4,3.34,18,0,0,0
274,Support,Senior,36,4.42,73.8,5.29,53,1,1,1
275,Engineering,Mid,43,2.83,64.0,6.48,71,3,1,0
276,Finance,Junior,20,1.39,1.8,4.99,60,0,1,0
277,HR,Senior,2,4.37,10.4,2.41,71,1,0,0
278,Sales,Senior,17,1.19,36.3,8.68,72,0,0,0
279,Engineering,Mid,24,2.57,55.3,7.24,10,1,1,1
280,Finance,Junior,4,2.48,73.2,6.31,46,0,0,0
281,Sales,Mid,23,3.53,59.1,9.78,71,1,0,1
282,Engineering,Mid,56,4.27,60.4,9.94,35,0,0,1
283,Marketing,Senior,37,1.41,34.9,9.83,44,1,1,0
284,Support,Junior,40,2.81,41.4,1.37,20,0,1,0
285,Finance,Junior,29,1.7,29.8,9.53,40,1,0,0
286,Finance,Mid,49,3.75,11.0,3.84,62,0,1,1
287,Finance,Junior,3,4.54,40.8,6.88,54,1,1,1
288,Finance,Senior,58,2.25,35.0,9.99,77,1,1,1
289,HR,Mid,46,3.82,23.2,8.91,17,0,0,1
290,Sales,Mid,20,3.14,42.6,2.55,68,1,0,0
291,Support,Mid,43,4.32,28.4,5.33,17,3,0,1
292,Engineering,Senior,23,4.56,16.9,1.83,25,0,1,0
293,Marketing,Mid,43,2.69,58.1,1.17,66,0,1,0
294,Support,Senior,32,1.18,91.8,9.04,63,0,0,0
295,Sales,Junior,54,1.33,77.5,4.85,3,0,0,0
296,Support,Senior,48,3.11,70.6,4.22,46,2,1,1
297,Marketing,Junior,13,2.94,30.4,9.09,41,3,1,0
298,Marketing,Junior,25,1.05,93.8,5.44,35,1,0,0
299,Marketing,Mid,20,1.37,77.7,9.85,36,0,0,0
300,Marketing,Mid,59,3.24,45.4,2.3,37,1,1,1
301,Engineering,Mid,40,2.33,13.9,5.93,68,1,1,0
302,Support,Junior,37,2.43,60.0,4.19,13,1,0,0
303,Finance,Senior,19,3.96,18.0,1.05,55,0,1,0
304,Marketing,Mid,9,4.45,32.5,8.27,47,0,0,0
305,Support,Mid,4,3.7,98.8,4.91,30,1,0,0
306,Finance,Junior,3,3.79,56.3,5.36,67,1,0,1
307,Engineering,Mid,2,3.72,19.4,8.99,53,2,1,1
308,Marketing,Junior,27,3.17,31.3,1.61,55,0,1,0
309,HR,Senior,52,1.45,83.8,6.67,10,0,0,0
310,HR,Junior,40,2.78,7.6,8.36,36,2,0,0
311,Engineering,Senior,35,2.88,25.9,5.82,73,1,0,0
312,Finance,Mid,59,3.5,25.6,9.54,51,0,0,1
313,Marketing,Mid,24,4.58,23.2,1.8,42,0,1,0
314,Engineering,Mid,35,2.27,39.6,7.64,5,0,0,0
315,Marketing,Junior,52,1.49,85.0,8.77,77,1,1,0
316,Sales,Senior,54,1.51,67.9,2.54,22,1,0,0
317,Finance,Mid,37,1.67,91.5,2.94,4,1,0,0
318,Support,Senior,45,4.81,48.9,5.49,5,1,1,0
319,Marketing,Mid,10,2.08,74.4,5.0,2,1,1,0
320,Sales,Senior,58,3.17,65.3,6.73,54,3,0,1
321,Sales,Junior,5,3.76,29.0,8.02,12,2,0,0
322,HR,Mid,34,3.33,99.8,5.13,77,1,1,1
323,Finance,Junior,7,1.7,78.6,1.88,18,0,1,0
324,Engineering,Junior,9,2.97,2.6,3.24,10,2,1,0
325,HR,Senior,16,4.7,96.5,2.58,27,0,1,0
326,Marketing,Mid,17,2.9,37.2,6.97,18,1,0,1
327,Finance,Junior,22,1.94,49.4,7.58,1,0,0,0
328,Engineering,Senior,13,2.5,26.9,5.28,20,1,1,0
329,Finance,Senior,55,1.65,26.0,8.58,52,1,1,1
330,Sales,Mid,35,2.13,73.4,4.48,16,2,0,0
331,Marketing,Mid,50,4.1,7.8,6.58,60,1,1,1
332,Support,Junior,48,3.06,84.8,9.82,25,1,0,1
333,HR,Senior,59,1.65,3.4,6.97,65,1,0,1
334,HR,Junior,6,1.46,7.8,5.3,31,1,0,0
335,Finance,Senior,49,1.46,13.7,8.72,51,0,1,0
336,Engineering,Mid,25,3.74,36.7,2.37,35,1,0,0
337,Marketing,Senior,15,1.02,36.2,7.01,14,1,1,0
338,HR,Senior,44,4.84,66.0,8.5,53,1,0,1
339,Marketing,Senior,57,2.11,62.6,7.21,35,2,1,0
340,Marketing,Mid,29,4.18,55.8,3.23,40,1,0,0
341,Marketing,Senior,33,3.94,17.4,1.91,26,2,0,0
342,HR,Mid,31,2.16,24.6,5.76,48,1,0,1
343,Marketing,Senior,28,1.51,72.7,2.81,64,2,1,0
344,Support,Mid,38,1.79,70.1,7.95,23,0,0,0
345,HR,Mid,22,3.03,90.1,3.17,0,0,0,0
346,Sales,Junior,46,2.92,42.0,6.42,76,1,0,1
347,Sales,Mid,41,1.33,75.7,9.36,58,1,0,1
348,Engineering,Senior,44,3.31,65.4,7.8,44,1,0,1
349,Finance,Junior,42,4.96,29.2,5.26,79,2,1,1
350,Support,Senior,25,2.19,33.9,7.72,40,0,1,0
351,Support,Mid,35,2.86,83.0,5.78,26,0,1,1
352,HR,Senior,51,3.46,70.2,9.67,14,1,0,1
353,HR,Junior,21,1.75,78.2,6.79,31,1,0,1
354,Sales,Senior,49,3.54,92.2,3.02,39,4,0,1
355,Support,Mid,21,3.61,51.2,1.73,46,0,1,1
356,Engineering,Junior,49,3.02,30.6,3.34,12,1,0,0
357,Engineering,Junior,50,1.37,59.3,3.62,45,0,0,1
358,Marketing,Junior,40,1.92,61.7,2.3,29,2,0,0
359,Engineering,Junior,17,4.52,10.2,9.0,17,1,1,1
360,Finance,Senior,17,1.92,18.6,6.04,52,4,1,0
361,Sales,Junior,49,3.23,87.3,4.7,68,0,0,0
362,Support,Senior,27,3.3,65.7,9.11,6,1,0,1
363,HR,Mid,24,4.68,51.5,2.02,15,0,0,0
364,Finance,Senior,55,4.56,55.6,4.58,79,1,1,1
365,Engineering,Junior,13,1.94,69.5,4.97,26,2,1,0
366,Support,Senior,41,3.01,37.4,1.8,23,0,0,0
367,Sales,Senior,52,2.32,95.3,7.33,8,0,0,0
368,HR,Senior,3,2.17,12.2,4.23,41,1,1,0
369,Sales,Junior,1,2.7,22.9,4.76,33,4,0,0
370,Marketing,Junior,5,1.49,55.2,3.18,20,0,0,0
371,Marketing,Junior,35,4.75,19.3,3.96,5,5,0,1
372,Engineering,Senior,12,1.66,24.7,1.47,25,2,1,0
373,Sales,Mid,25,3.7,76.4,8.27,55,1,1,1
374,HR,Mid,59,2.19,91.3,8.98,36,0,1,0
375,HR,Junior,59,3.62,45.8,7.69,25,1,0,0
376,HR,Senior,18,4.32,12.6,2.24,11,2,1,0
377,Support,Mid,42,1.65,12.9,1.89,44,3,0,0
378,Finance,Senior,58,4.83,47.2,1.56,68,2,1,1
379,Support,Senior,41,3.84,6.8,6.87,75,3,1,1
380,Engineering,Mid,47,4.92,77.7,7.38,31,2,1,1
381,Support,Senior,18,2.92,57.1,3.03,70,1,1,1
382,Finance,Senior,9,3.19,60.2,5.89,63,2,0,0
383,Sales,Junior,35,4.66,3.5,3.11,6,1,0,0
384,Engineering,Junior,52,1.17,44.9,5.19,58,2,0,1
385,Support,Mid,30,2.89,90.0,2.56,55,2,0,0
386,Engineering,Junior,5,1.39,86.5,3.86,16,1,1,0
387,Support,Mid,18,1.85,63.1,3.25,71,2,0,0
388,Marketing,Junior,36,3.05,37.7,5.11,47,0,0,1
389,Support,Mid,28,4.26,43.7,8.76,5,2,0,0
390,Finance,Senior,40,1.73,53.7,3.64,55,2,1,0
391,HR,Mid,57,3.2,17.1,1.34,7,0,1,0
392,Sales,Mid,22,3.51,68.8,6.81,54,0,1,1
393,Finance,Junior,13,2.94,64.5,8.2,18,1,1,1
394,Marketing,Junior,12,2.76,22.1,8.66,8,1,0,0
395,Finance,Junior,17,4.11,1.7,3.06,65,0,0,0
396,Marketing,Senior,52,3.92,3.8,7.28,17,0,0,0
397,Sales,Senior,31,2.73,89.7,3.16,0,3,0,0
398,Sales,Senior,28,1.99,55.5,5.1,28,4,0,0
399,Sales,Mid,16,3.87,64.9,5.37,28,3,1,0
400,Finance,Mid,7,2.57,96.2,5.39,20,2,1,1
401,Engineering,Mid,12,4.47,38.7,9.06,54,2,1,1
402,Finance,Senior,17,3.1,67.0,5.26,50,2,0,0
403,Support,Mid,6,1.58,99.1,3.07,8,1,1,0
404,Finance,Senior,3,3.7,43.9,2.29,66,0,0,0
405,Marketing,Junior,46,2.87,59.2,8.09,12,1,0,0
406,HR,Junior,29,1.74,99.1,8.73,40,2,0,1
407,HR,Mid,1,4.82,45.0,2.36,70,1,1,1
408,Marketing,Senior,19,1.59,26.9,6.54,39,0,0,0
409,Support,Mid,27,1.72,74.5,5.71,69,0,1,0
410,Finance,Junior,53,3.66,3.8,8.67,26,2,0,0
411,HR,Junior,29,2.35,37.9,6.76,31,1,0,0
412,Support,Mid,41,1.64,25.1,7.05,65,0,0,0
413,Finance,Senior,41,1.1,88.6,1.87,22,0,0,0
414,Marketing,Junior,9,3.22,13.5,1.71,32,1,0,0
415,Sales,Mid,39,4.66,14.3,8.63,35,3,1,0
416,Marketing,Junior,59,4.88,92.7,5.99,72,1,0,1
417,Engineering,Senior,59,3.36,57.8,8.67,27,0,0,1
418,HR,Senior,12,2.84,60.3,7.84,36,1,0,0
419,Support,Mid,33,3.5,56.8,9.61,8,1,1,0
420,Marketing,Mid,59,3.85,13.0,6.12,27,2,0,0
421,Support,Mid,18,3.2,83.8,3.88,63,1,1,0
422,Engineering,Senior,27,1.35,20.6,7.19,27,1,0,0
423,Sales,Mid,54,4.81,90.2,9.89,49,3,1,1
424,HR,Junior,16,3.16,90.6,7.92,36,0,0,0
425,Support,Junior,33,1.38,13.0,8.99,6,0,1,0
426,Support,Senior,36,1.4,3.8,1.69,33,0,1,0
427,Support,Senior,18,1.13,0.7,5.58,42,2,1,0
428,Finance,Senior,16,2.83,66.4,6.57,26,1,1,0
429,HR,Mid,39,1.47,64.5,3.56,19,0,0,0
430,Finance,Mid,12,4.33,7.3,6.75,69,2,1,1
431,Engineering,Mid,13,2.55,52.5,4.93,11,0,0,0
432,Support,Junior,8,1.72,60.9,9.7,50,0,0,0
433,Support,Junior,46,4.18,67.2,5.75,53,0,1,0
434,Engineering,Mid,16,1.39,1.1,7.72,18,3,1,0
435,Support,Mid,9,3.64,66.5,7.24,61,0,0,0
436,Engineering,Senior,44,1.15,45.5,9.2,62,1,0,1
437,Support,Junior,49,2.22,40.1,8.81,60,3,0,0
438,Engineering,Mid,15,4.62,63.8,1.39,2,0,1,1
439,Marketing,Junior,43,1.06,75.8,3.67,73,1,0,0
440,Finance,Junior,1,4.26,27.6,9.6,75,1,0,1
441,Engineering,Mid,30,3.44,67.1,6.77,38,1,0,1
442,Finance,Senior,10,4.52,9.6,4.64,70,1,1,0
443,Sales,Mid,5,4.07,13.1,5.16,68,1,0,0
444,Finance,Junior,22,3.47,46.5,2.75,1,1,0,0
445,Finance,Junior,33,4.52,14.4,3.23,30,0,0,0
446,Marketing,Senior,41,1.47,60.1,7.91,7,0,0,0
447,Sales,Junior,2,4.94,50.4,8.68,64,3,0,1
448,Engineering,Senior,23,1.66,89.9,3.17,1,1,1,0
449,Sales,Junior,21,3.8,70.2,9.21,3,0,0,0
450,Engineering,Mid,53,3.32,26.0,8.61,53,1,0,0
451,Support,Junior,27,2.11,95.9,5.96,20,0,1,0
452,Support,Mid,50,4.16,81.3,6.04,34,5,0,1
453,Engineering,Junior,35,3.61,25.6,4.79,22,2,1,1
454,Support,Junior,45,3.84,93.5,6.79,16,1,0,1
455,Finance,Junior,14,2.18,94.2,3.59,62,0,1,0
456,Finance,Senior,39,1.15,10.7,6.72,20,0,0,0
457,Sales,Senior,33,1.74,68.8,8.07,5,0,0,0
458,Support,Mid,23,3.21,61.4,7.02,25,1,1,0
459,Engineering,Mid,55,1.77,99.1,2.68,29,1,1,0
460,Engineering,Senior,55,3.97,93.6,2.27,32,2,0,0
461,Support,Junior,12,2.54,72.4,7.16,7,0,0,0
462,HR,Junior,10,3.46,79.4,7.23,26,2,1,1
463,Finance,Mid,17,2.24,52.6,4.07,55,0,1,0
464,Sales,Junior,46,2.94,94.7,9.01,68,0,0,0
465,HR,Junior,7,2.51,67.1,7.36,23,1,1,0
466,Marketing,Mid,15,2.43,28.2,7.54,48,1,0,1
467,Marketing,Mid,2,2.87,89.7,2.13,15,2,0,1
468,Engineering,Mid,21,1.21,99.6,1.37,44,1,0,0
469,Finance,Mid,18,2.08,34.2,4.84,9,1,0,0
470,Finance,Mid,13,4.52,36.9,8.56,63,0,0,1
471,HR,Mid,7,3.64,43.2,1.7,17,1,0,1
472,HR,Mid,56,1.15,88.5,5.63,41,0,0,0
473,Engineering,Senior,45,1.52,45.9,1.79,45,1,0,0
474,HR,Junior,15,3.26,29.3,5.45,70,0,0,0
475,Marketing,Senior,24,3.47,67.6,4.57,38,0,0,0
476,Finance,Senior,43,2.3,0.5,3.69,3,0,0,0
477,Finance,Senior,13,3.86,62.5,6.79,75,0,0,0
478,Support,Junior,36,3.63,47.5,6.46,60,0,1,1
479,Marketing,Senior,24,1.41,73.8,9.78,13,1,0,0
480,Sales,Junior,17,4.86,88.5,7.47,67,1,1,1
481,Support,Senior,50,3.23,32.6,7.21,21,0,1,0
482,Support,Junior,20,4.66,3.4,2.43,71,0,0,0
483,Engineering,Mid,20,4.57,11.1,8.11,8,1,1,0
484,Support,Mid,36,1.56,15.1,4.03,72,0,1,0
485,Sales,Senior,6,3.57,93.0,2.86,67,0,0,0
486,Engineering,Mid,46,3.27,86.3,7.62,70,1,1,1
487,Engineering,Senior,52,4.98,25.5,8.76,75,0,1,1
488,Marketing,Mid,21,3.43,62.5,1.91,56,1,1,0
489,Finance,Junior,2,1.96,42.9,6.76,43,1,0,0
490,HR,Senior,8,4.05,47.0,3.3,14,1,1,0
491,Engineering,Junior,27,4.77,80.5,6.64,35,1,0,1
492,Finance,Junior,30,1.01,20.8,6.94,25,3,0,1
493,Finance,Senior,32,4.82,98.2,1.29,67,2,0,0
494,Finance,Senior,17,2.65,44.8,1.59,13,1,0,0
495,Engineering,Mid,31,3.49,84.4,1.73,32,1,0,0
496,Engineering,Junior,49,1.03,32.6,5.18,38,1,1,0
497,Support,Junior,52,3.53,56.2,6.37,19,2,0,0
498,Marketing,Senior,51,1.18,8.6,6.69,35,1,1,0
499,HR,Mid,54,3.0,48.9,1.39,30,0,0,0
500,Engineering,Senior,47,2.92,29.3,9.82,32,1,0,1
501,Finance,Senior,9,4.14,38.0,7.2,49,1,1,0
502,HR,Mid,28,3.59,84.2,8.06,73,1,0,1
503,Support,Junior,18,2.44,96.0,6.31,40,0,1,1
504,Marketing,Junior,25,1.66,16.2,3.84,14,2,0,0
505,Finance,Junior,33,2.06,81.0,4.52,54,0,0,0
506,Sales,Senior,24,1.47,85.1,1.8,0,0,0,0
507,Marketing,Mid,22,4.52,65.2,9.02,73,2,0,1
508,Sales,Junior,57,3.12,35.9,6.66,27,0,0,0
509,Finance,Junior,14,4.76,73.2,8.09,7,0,1,1
510,Sales,Junior,36,2.01,0.6,9.44,72,1,0,0
511,Sales,Senior,29,3.18,1.4,9.03,67,0,1,1
512,Support,Junior,50,1.37,14.2,3.27,60,2,0,0
513,Marketing,Mid,3,2.49,94.1,4.4,65,0,1,0
514,HR,Junior,12,3.68,10.2,7.4,14,2,1,1
515,Engineering,Mid,58,3.06,42.8,1.7,10,2,0,0
516,Marketing,Mid,38,4.38,31.7,3.3,13,2,0,0
517,Sales,Junior,29,1.68,98.3,1.33,7,1,1,0
518,Finance,Senior,16,3.81,11.9,4.98,55,0,0,0
519,Marketing,Mid,25,1.8,74.8,5.28,78,0,0,0
520,Engineering,Senior,52,2.78,38.0,6.82,72,0,1,1
521,Support,Senior,13,1.45,87.2,8.01,12,0,1,0
522,Support,Senior,28,1.03,49.7,9.94,34,1,1,0
523,Marketing,Mid,6,2.86,33.6,5.36,74,2,1,1
524,HR,Mid,10,4.65,93.0,3.27,23,1,1,0
525,Sales,Senior,33,3.76,96.4,5.71,33,2,0,1
526,Engineering,Junior,19,4.46,67.4,9.74,47,0,0,1
527,Engineering,Mid,12,4.36,69.5,7.53,53,1,1,0
528,Finance,Junior,21,4.79,18.0,6.4,39,0,1,1
529,Engineering,Senior,12,3.58,6.2,1.79,39,1,0,0
530,Support,Mid,2,1.65,63.3,8.79,39,0,0,0
531,Sales,Mid,45,3.49,41.7,4.46,7,1,0,1
532,Sales,Senior,15,4.46,50.0,1.7,15,2,0,0
533,Support,Mid,12,1.24,82.6,2.73,36,1,1,0
534,Support,Senior,7,2.93,46.8,1.91,28,2,1,0
535,Engineering,Junior,50,1.07,86.0,6.5,3,0,1,0
536,Marketing,Junior,37,3.75,39.3,9.55,53,1,0,0
537,Finance,Senior,11,2.18,91.1,2.67,1,2,0,0
538,Sales,Senior,59,2.42,50.7,2.25,9,1,1,0
539,Support,Senior,18,1.48,26.7,4.53,15,1,1,0
540,Support,Junior,7,4.83,20.4,5.46,35,3,1,1
541,Finance,Mid,52,4.38,8.0,1.68,12,1,0,0
542,Finance,Senior,59,2.23,70.4,7.42,56,2,0,0
543,Finance,Junior,14,3.61,32.1,6.19,59,0,1,1
544,HR,Mid,5,2.73,34.3,1.66,11,2,0,0
545,Sales,Mid,2,1.7,65.6,8.5,62,3,0,0
546,Marketing,Mid,10,2.12,98.6,1.61,53,1,1,0
547,Sales,Senior,32,2.72,42.0,5.27,36,2,0,0
548,Engineering,Senior,15,4.65,32.9,4.91,50,1,0,0
549,Sales,Junior,22,1.38,52.1,5.55,34,1,0,0
550,Engineering,Mid,10,2.92,17.7,6.84,68,0,1,0
551,Support,Mid,58,3.31,51.9,8.67,53,1,0,1
552,Finance,Mid,21,2.71,85.4,9.9,31,1,0,1
553,Support,Senior,21,1.48,10.8,8.17,35,2,0,0
554,HR,Mid,5,2.86,21.1,4.3,78,1,1,1
555,Sales,Senior,10,2.1,35.8,8.45,77,1,1,0
556,Finance,Mid,15,4.58,34.3,5.3,9,1,0,0
557,Engineering,Mid,43,3.67,34.5,3.39,3,3,1,1
558,HR,Junior,21,3.09,25.9,4.2,21,1,0,0
559,Marketing,Junior,39,3.29,94.0,5.53,2,2,0,1
560,HR,Junior,10,1.19,7.1,2.07,21,2,0,0
561,HR,Senior,56,3.33,53.8,3.07,45,0,0,0
562,Finance,Mid,9,1.34,38.6,6.08,29,1,0,0
563,Sales,Mid,35,4.77,78.0,6.56,25,2,0,0
564,Marketing,Mid,48,4.06,48.2,3.21,7,3,1,1
565,Marketing,Mid,25,2.26,67.0,6.06,27,0,0,0
566,Sales,Mid,32,4.12,71.7,2.25,6,1,0,0
567,Support,Senior,59,2.24,14.7,1.31,58,0,0,0
568,Finance,Junior,36,3.47,92.9,3.15,15,0,0,1
569,Sales,Junior,47,4.71,67.2,5.5,28,0,1,1
570,Marketing,Senior,35,4.67,29.1,3.7,48,0,1,1
571,Sales,Senior,24,1.73,19.8,6.3,66,1,1,0
572,Engineering,Junior,26,4.96,26.5,9.33,7,1,0,1
573,HR,Junior,32,1.92,37.7,7.59,4,1,0,0
574,Engineering,Junior,41,4.47,92.9,6.95,59,1,0,1
575,HR,Mid,33,1.47,29.9,3.39,13,0,0,0
576,Support,Senior,8,4.64,93.0,2.17,14,0,1,1
577,Support,Mid,18,3.46,45.7,1.14,51,1,1,1
578,Support,Mid,1,4.94,55.7,9.91,76,2,0,1
579,HR,Junior,59,1.53,15.4,4.62,64,1,0,0
580,Marketing,Junior,36,4.11,96.0,2.33,65,0,1,1
581,Sales,Mid,5,1.39,4.2,2.98,46,1,1,0
582,Finance,Junior,56,2.48,71.4,6.09,3,6,0,1
583,Sales,Junior,51,1.87,73.8,7.97,58,2,1,1
584,Finance,Senior,51,1.39,16.8,3.92,48,3,0,0
585,Sales,Mid,31,1.02,93.1,9.37,37,2,0,1
586,Marketing,Junior,56,1.43,48.0,5.44,63,2,1,0
587,HR,Junior,54,3.28,4.9,9.97,45,2,1,1
588,Marketing,Mid,36,1.03,25.4,8.97,17,2,0,0
589,Support,Senior,13,3.26,98.5,3.74,45,0,0,0
590,HR,Senior,41,4.98,18.4,2.24,38,0,0,0
591,Marketing,Junior,1,4.43,2.2,8.07,3,0,1,1
592,Marketing,Mid,56,3.73,42.3,7.47,65,1,0,0
593,Engineering,Mid,10,1.89,95.2,3.07,20,1,0,0
594,Engineering,Senior,41,3.48,23.1,9.62,33,1,0,1
595,Support,Mid,35,3.42,97.9,4.04,75,1,0,0
596,Finance,Junior,33,3.4,87.4,4.8,48,0,0,0
597,Engineering,Senior,21,1.67,86.1,3.21,50,5,1,1
598,Finance,Senior,19,1.98,58.5,2.4,44,0,0,0
599,Marketing,Junior,29,1.59,28.0,5.13,30,2,0,0
600,Finance,Senior,9,3.87,59.7,7.76,66,0,1,1
601,Finance,Senior,39,2.22,88.6,9.59,31,0,0,1
602,Marketing,Mid,9,3.55,35.7,6.25,7,0,1,0
603,Engineering,Mid,49,2.23,40.4,2.74,24,0,1,0
604,Finance,Mid,5,2.85,36.7,2.25,11,0,1,0
605,Support,Senior,20,3.96,6.5,4.75,25,1,0,0
606,Engineering,Mid,3,3.53,77.8,6.75,33,0,0,0
607,HR,Senior,58,2.59,15.6,6.22,8,1,1,0
608,HR,Mid,25,1.9,47.8,1.21,44,0,0,0
609,Sales,Senior,43,3.19,73.7,4.68,72,0,0,1
610,Engineering,Senior,45,4.03,74.5,1.85,51,0,0,0
611,Engineering,Junior,57,2.1,87.3,8.81,47,2,0,1
612,HR,Junior,5,3.95,68.7,1.08,44,1,0,0
613,Finance,Mid,13,1.89,84.0,8.59,39,0,0,0
614,HR,Junior,40,2.85,12.0,9.36,67,2,1,1
615,Engineering,Senior,10,1.24,33.2,1.1,54,1,0,0
616,Support,Mid,56,4.45,14.1,8.94,27,1,0,0
617,Sales,Senior,5,2.57,31.1,6.43,4,0,0,0
618,HR,Junior,57,2.23,2.3,9.78,6,1,0,0
619,Support,Senior,27,2.72,33.1,6.0,18,1,1,0
620,HR,Senior,13,3.44,80.1,2.56,30,3,0,1
621,Sales,Junior,39,3.76,59.2,7.08,77,1,0,1
622,Support,Senior,59,1.96,20.6,2.0,44,1,1,0
623,Marketing,Mid,23,2.98,64.3,9.63,7,4,0,1
624,Finance,Mid,49,3.19,64.6,6.67,54,0,0,1
625,Finance,Junior,26,3.66,50.6,4.28,58,4,0,0
626,Support,Senior,45,2.02,55.2,1.27,28,0,1,0
627,Sales,Senior,8,3.06,1.3,4.47,0,0,1,0
628,Sales,Junior,52,1.75,69.0,2.93,8,2,0,0
629,Marketing,Junior,39,1.46,91.2,2.44,44,0,0,0
630,Finance,Senior,23,4.58,39.9,2.85,58,2,0,0
631,Sales,Mid,28,3.41,63.4,3.69,56,0,0,1
632,Support,Senior,16,2.35,97.1,7.43,66,0,1,1
633,Marketing,Senior,47,2.32,84.5,1.27,68,2,0,0
634,Sales,Senior,26,4.01,14.9,2.84,36,1,1,0
635,Sales,Junior,25,4.45,10.5,4.7,69,1,0,0
636,Support,Senior,21,1.93,19.3,6.96,48,2,1,0
637,Engineering,Senior,38,3.61,74.5,2.55,71,2,1,1
638,Marketing,Junior,20,2.57,92.6,5.43,23,1,1,0
639,Marketing,Senior,9,4.88,34.7,4.01,6,0,1,0
640,Engineering,Mid,42,1.77,57.8,9.24,78,2,1,1
641,HR,Junior,59,3.34,42.6,7.74,27,2,0,1
642,Support,Junior,54,3.46,95.0,8.02,38,2,0,1
643,Sales,Senior,56,4.54,60.8,3.05,0,0,1,1
644,Marketing,Senior,14,4.78,50.7,5.88,8,0,1,1
645,Marketing,Mid,6,3.69,26.2,6.65,45,1,0,0
646,Engineering,Senior,53,4.0,71.3,3.12,27,0,0,0
647,Finance,Mid,41,4.95,69.1,6.55,63,0,1,1
648,HR,Senior,52,2.77,0.8,6.84,16,1,0,0
649,Finance,Mid,37,4.83,58.7,5.54,18,1,0,1
650,Marketing,Junior,31,3.1,83.0,8.06,70,0,1,0
651,Finance,Mid,59,3.21,79.5,3.02,79,0,0,1
652,Finance,Senior,55,2.19,26.9,6.44,22,0,0,1
653,Engineering,Junior,36,3.47,97.2,5.24,39,0,1,0
654,Marketing,Junior,39,2.6,47.9,5.44,71,2,1,0
655,Support,Mid,24,1.19,70.2,6.44,66,1,0,0
656,Marketing,Junior,5,4.72,68.1,5.97,42,0,0,1
657,Sales,Mid,3,2.04,35.0,3.83,30,0,0,0
658,Marketing,Senior,20,1.05,30.1,4.01,21,1,1,0
659,HR,Senior,18,3.84,97.2,6.39,73,3,0,1
660,Finance,Mid,19,3.62,77.7,4.3,76,1,0,1
661,Support,Junior,52,1.02,42.6,9.94,67,0,0,0
662,Engineering,Senior,11,1.35,28.6,2.67,60,2,1,0
663,HR,Senior,13,3.36,92.3,7.85,66,0,0,0
664,Engineering,Mid,55,4.28,41.6,8.63,76,0,0,1
665,HR,Senior,55,1.18,7.1,5.81,72,1,1,0
666,HR,Senior,34,2.73,57.4,8.33,36,0,0,1
667,Engineering,Senior,12,4.02,68.7,3.37,24,2,0,0
668,Engineering,Senior,21,2.11,22.0,7.95,16,0,1,1
669,Marketing,Junior,20,2.97,6.4,8.18,42,1,1,0
670,Engineering,Mid,20,4.62,5.5,4.16,47,0,0,0
671,Finance,Mid,39,2.11,87.2,8.96,1,0,1,0
672,Support,Mid,20,2.04,56.6,5.19,0,3,0,0
673,Finance,Junior,57,2.05,13.2,4.77,49,1,0,0
674,Support,Mid,45,2.67,57.3,9.82,63,1,1,0
675,Marketing,Senior,51,4.58,64.6,9.09,18,1,0,0
676,Marketing,Senior,39,2.86,92.6,8.77,60,1,0,1
677,Marketing,Junior,31,1.97,27.6,5.12,6,0,0,0
678,Engineering,Junior,51,2.01,93.1,3.75,36,1,1,0
679,Engineering,Junior,3,4.1,90.0,6.18,77,1,0,0
680,Marketing,Senior,23,4.64,52.0,2.6,5,0,0,0
681,HR,Mid,47,4.79,97.8,3.0,19,1,1,1
682,HR,Senior,17,1.56,38.2,1.1,24,1,1,0
683,Support,Mid,7,1.08,36.9,6.84,61,3,1,0
684,Marketing,Junior,20,4.07,45.2,2.52,70,2,1,0
685,Finance,Junior,46,4.61,61.7,7.85,31,3,0,1
686,Marketing,Senior,32,1.29,12.7,3.29,40,1,1,0
687,HR,Junior,36,3.27,82.2,9.26,44,0,0,0
688,Finance,Junior,35,4.73,65.7,7.98,65,1,0,1
689,Engineering,Mid,49,3.14,28.8,6.56,35,2,0,1
690,Support,Senior,18,2.74,19.9,3.47,22,3,1,0
691,HR,Senior,14,4.91,35.2,2.46,56,1,0,1
692,Engineering,Senior,59,1.75,65.8,1.93,59,1,0,0
693,Marketing,Mid,18,1.2,75.6,6.96,59,1,1,1
694,Sales,Mid,32,4.22,59.7,6.44,59,2,0,1
695,Marketing,Mid,12,4.25,21.9,2.35,2,2,1,0
696,HR,Mid,8,3.57,60.9,7.08,4,1,1,0
697,Marketing,Senior,40,3.35,11.7,8.61,42,2,1,1
698,Engineering,Junior,16,4.09,85.6,9.36,48,3,0,1
699,Marketing,Mid,41,1.02,20.8,9.14,27,0,1,0
700,Sales,Junior,30,1.63,19.0,9.99,23,0,1,0
701,Support,Junior,16,1.06,69.5,1.54,79,0,1,0
702,Support,Senior,18,3.39,80.5,9.25,69,1,0,1
703,HR,Mid,5,4.15,51.1,6.63,40,0,1,1
704,Finance,Senior,32,4.3,80.2,2.72,21,1,0,0
705,Finance,Senior,53,3.58,11.3,1.32,69,0,0,0
706,Engineering,Junior,15,4.37,69.0,4.03,69,3,0,1
707,Support,Junior,35,4.71,50.7,2.05,57,0,0,0
708,Finance,Senior,55,1.05,95.4,10.0,0,0,0,0
709,Marketing,Mid,52,4.16,32.5,6.99,20,1,0,0
710,HR,Senior,22,2.06,65.3,9.51,44,1,0,0
711,Support,Junior,12,3.26,61.2,3.99,26,0,1,0
712,Finance,Junior,1,1.24,73.2,2.94,68,0,0,0
713,Sales,Senior,55,2.83,91.5,3.22,65,1,0,0
714,HR,Junior,8,3.27,7.1,5.9,30,0,1,1
715,Engineering,Senior,21,3.63,91.3,3.78,40,0,1,1
716,Support,Junior,22,4.21,78.9,2.47,1,0,1,1
717,Sales,Mid,14,1.41,55.3,5.36,2,1,0,0
718,Sales,Mid,9,3.62,33.3,5.27,0,1,0,0
719,Finance,Junior,20,2.73,26.5,8.37,57,0,1,1
720,Support,Junior,16,2.67,56.9,6.24,1,0,0,0
721,HR,Mid,52,3.7,98.0,1.99,35,2,1,1
722,Marketing,Mid,18,4.5,3.6,5.58,31,2,1,0
723,Finance,Junior,18,1.18,24.2,9.02,26,2,1,1
724,HR,Mid,39,4.32,35.4,6.51,69,2,0,0
725,Engineering,Junior,39,3.95,78.7,2.48,31,0,0,0
726,Finance,Mid,24,4.54,59.1,8.11,51,1,0,1
727,HR,Senior,22,2.51,76.4,3.44,40,2,0,0
728,Engineering,Senior,47,2.02,16.5,3.86,21,0,0,0
729,Sales,Mid,6,2.73,77.7,3.1,23,0,0,0
730,Finance,Junior,48,2.28,93.6,8.38,56,0,1,1
731,Support,Mid,38,3.93,34.0,7.83,4,3,0,0
732,HR,Mid,51,1.39,12.4,6.36,22,1,0,0
733,Marketing,Senior,36,4.39,3.2,2.55,57,2,0,0
734,Engineering,Senior,1,4.78,91.9,5.56,38,2,1,1
735,Marketing,Mid,44,4.33,11.4,8.13,55,1,0,1
736,HR,Junior,13,4.33,94.1,9.83,17,0,1,1
737,Engineering,Mid,4,3.64,36.4,8.91,22,2,1,1
738,Support,Junior,30,3.59,55.4,5.6,18,0,1,0
739,Sales,Mid,23,1.95,23.3,7.47,63,2,1,1
740,Engineering,Junior,46,1.7,68.6,2.67,39,2,0,0
741,Sales,Mid,13,3.05,76.1,8.03,0,1,0,0
742,Sales,Senior,15,3.94,71.4,5.77,50,1,0,1
743,HR,Junior,59,3.76,70.9,9.96,71,1,1,1
744,HR,Junior,26,2.83,32.2,6.0,41,2,0,0
745,Finance,Junior,1,4.63,82.8,9.63,69,0,0,1
746,Sales,Senior,40,3.52,60.1,6.23,43,4,1,1
747,Sales,Junior,58,4.58,84.8,3.42,65,1,0,1
748,Marketing,Junior,11,2.31,94.8,6.1,57,1,1,1
749,Support,Senior,51,2.45,62.0,7.39,13,1,0,0
750,Sales,Senior,46,3.76,5.7,1.25,47,0,1,0
751,HR,Senior,9,1.96,16.8,8.57,34,0,0,0
752,Sales,Mid,4,4.25,99.3,7.28,35,1,0,1
753,Sales,Mid,19,2.75,40.2,3.55,24,0,0,0
754,Sales,Mid,45,1.94,79.2,4.39,24,1,1,0
755,Support,Junior,5,2.72,26.9,8.3,75,1,0,0
756,Sales,Mid,30,3.39,18.2,6.27,21,0,1,0
757,Marketing,Senior,48,4.15,78.4,1.4,15,0,1,1
758,HR,Mid,42,2.29,60.1,3.33,23,2,1,0
759,Support,Junior,2,3.46,5.3,7.1,79,0,0,1
760,Engineering,Senior,1,4.06,75.8,7.88,11,1,0,0
761,Sales,Mid,54,3.96,84.3,1.12,20,0,0,0
762,Engineering,Mid,12,1.45,15.3,6.06,35,1,0,0
763,Engineering,Mid,51,2.8,76.6,4.5,54,1,1,0
764,Marketing,Senior,19,2.22,57.4,1.57,17,1,0,0
765,Sales,Senior,2,4.75,2.9,9.42,39,0,0,0
766,Finance,Junior,30,4.48,50.9,2.97,38,0,0,1
767,Finance,Mid,57,2.36,41.3,2.44,64,3,0,0
768,Finance,Senior,6,4.43,44.3,1.35,67,0,0,0
769,Support,Senior,7,4.01,69.2,8.66,76,0,1,1
770,Finance,Junior,15,1.36,5.1,3.47,28,1,1,0
771,Sales,Senior,15,1.96,14.3,4.92,75,1,0,0
772,HR,Senior,54,1.71,29.4,2.89,52,5,0,1
773,Engineering,Mid,50,1.11,54.3,5.31,26,0,0,0
774,Engineering,Mid,34,3.48,28.7,8.22,2,0,0,0
775,Sales,Mid,12,2.91,56.7,7.21,34,0,0,0
776,Support,Junior,44,2.71,91.0,9.31,2,0,0,1
777,Engineering,Mid,19,1.18,5.8,6.66,42,1,1,0
778,Sales,Senior,12,4.65,85.1,6.51,29,0,0,1
779,Engineering,Mid,48,2.69,36.0,1.19,36,0,0,0
780,HR,Senior,17,3.08,90.5,8.69,4,0,1,0
781,HR,Junior,7,1.74,1.7,4.66,30,1,0,0
782,Support,Mid,18,3.25,35.2,9.97,20,1,0,0
783,HR,Junior,8,2.73,57.2,8.16,64,1,1,0
784,Support,Junior,55,4.98,55.1,9.37,32,0,1,1
785,Finance,Mid,46,3.16,1.8,2.46,49,3,0,0
786,Support,Junior,57,1.8,2.4,8.75,70,2,0,0
787,Sales,Senior,9,1.47,19.8,1.79,23,2,0,0
788,Engineering,Mid,15,2.13,58.9,1.52,2,2,0,0
789,Sales,Junior,49,2.44,83.1,1.5,57,1,1,0
790,Finance,Senior,24,4.34,22.1,1.2,20,5,1,1
791,Marketing,Senior,21,2.84,82.0,5.13,22,0,0,1
792,Marketing,Junior,56,1.95,83.0,7.18,51,0,0,0
793,Engineering,Junior,1,2.19,90.2,8.9,19,1,0,0
794,HR,Senior,4,4.95,38.0,2.02,59,2,1,1
795,Finance,Senior,36,4.95,9.7,6.05,4,1,0,0
796,Support,Junior,17,1.08,83.2,3.74,53,1,1,0
797,Support,Senior,14,3.45,8.0,4.82,25,0,1,0
798,Support,Junior,53,3.16,62.0,9.88,69,5,0,1
799,Finance,Senior,4,4.31,58.6,5.13,9,1,0,0
800,HR,Senior,59,3.37,72.1,7.16,61,2,0,0
801,Support,Senior,39,1.19,90.2,8.87,46,0,0,0
802,Marketing,Mid,52,2.68,77.7,6.27,70,1,0,0
803,Finance,Mid,5,4.92,42.9,5.74,45,0,1,1
804,HR,Junior,55,4.46,49.0,4.02,25,0,0,0
805,Sales,Senior,29,2.96,8.1,8.05,77,0,0,0
806,Engineering,Junior,25,2.83,27.1,4.6,19,0,0,0
807,Engineering,Senior,22,1.11,54.6,9.32,40,3,0,1
808,Engineering,Senior,6,2.85,81.5,1.94,38,0,1,0
809,Engineering,Junior,42,1.49,6.8,3.97,35,0,0,0
810,Marketing,Senior,26,2.7,68.2,3.8,46,2,0,0
811,Support,Senior,54,2.35,68.7,7.8,31,2,0,1
812,HR,Mid,44,3.04,28.3,8.78,44,1,1,0
813,HR,Mid,8,4.16,19.0,3.31,64,2,1,1
814,Sales,Mid,39,4.52,29.3,2.26,36,0,0,0
815,Engineering,Mid,59,2.3,70.1,1.82,22,1,0,0
816,Support,Senior,43,1.98,78.7,9.2,7,0,0,0
817,Sales,Junior,45,4.01,40.2,3.04,30,0,1,0
818,Engineering,Senior,57,3.0,52.4,1.62,65,3,1,1
819,Sales,Senior,50,1.57,65.7,5.88,59,1,0,0
820,Support,Junior,40,1.93,59.4,9.93,33,0,0,1
821,Support,Senior,28,2.59,29.8,1.8,5,0,1,0
822,Sales,Junior,16,2.21,32.7,5.81,41,0,0,0
823,Engineering,Junior,30,4.72,16.0,5.74,41,2,0,1
824,Finance,Senior,43,2.59,2.4,1.75,57,0,0,0
825,Marketing,Senior,41,1.29,81.7,1.29,69,0,1,0
826,Finance,Mid,45,3.38,19.8,3.24,63,0,1,1
827,Finance,Junior,47,1.35,60.4,3.49,72,1,0,0
828,Engineering,Junior,34,4.85,57.4,5.65,9,1,0,0
829,Marketing,Mid,25,2.28,16.4,9.25,79,0,0,0
830,Finance,Senior,51,2.66,26.7,3.74,24,0,1,0
831,Marketing,Mid,21,4.33,48.6,8.72,74,3,0,1
832,Sales,Senior,22,1.51,3.6,1.36,68,0,0,0
833,Support,Junior,26,2.27,64.3,3.17,45,1,0,0
834,Engineering,Junior,25,1.59,2.7,2.08,38,1,0,0
835,Support,Junior,29,4.75,39.1,3.69,65,1,0,0
836,Marketing,Junior,57,1.8,52.5,4.48,44,1,0,0
837,HR,Mid,40,3.12,40.2,2.53,39,3,1,0
838,HR,Senior,1,1.28,0.2,8.39,38,0,1,0
839,Sales,Senior,13,2.03,86.1,7.29,37,0,1,1
840,Marketing,Mid,49,1.27,62.8,3.49,16,1,0,0
841,Engineering,Mid,49,3.3,99.5,8.18,75,0,0,1
842,Support,Senior,52,4.57,86.1,3.23,38,1,0,1
843,Finance,Senior,52,3.35,82.8,1.84,1,0,1,0
844,Engineering,Mid,2,2.07,47.7,8.05,38,0,1,0
845,Sales,Junior,33,3.25,70.6,2.53,77,0,0,0
846,HR,Mid,39,2.4,55.9,2.89,29,1,1,0
847,Finance,Junior,22,1.1,90.5,8.26,9,0,0,0
848,Support,Senior,57,2.98,98.8,7.17,62,0,1,0
849,Engineering,Senior,11,1.11,96.6,8.15,34,1,1,0
850,Sales,Junior,30,1.91,80.8,2.77,60,0,0,0
851,Finance,Senior,45,1.64,82.0,8.2,54,0,0,1
852,Support,Senior,19,4.29,27.6,4.59,16,3,1,0
853,Support,Junior,34,1.73,3.2,6.25,55,1,1,0
854,Engineering,Mid,9,2.03,75.0,2.41,33,4,0,0
855,Engineering,Mid,37,2.42,36.7,5.3,59,3,0,1
856,Support,Junior,15,2.52,90.9,4.51,51,1,0,1
857,Sales,Mid,2,2.31,76.6,4.96,28,0,0,0
858,Marketing,Senior,20,1.95,20.4,5.19,44,0,0,0
859,Sales,Mid,26,1.68,89.3,3.79,65,2,0,0
860,Sales,Senior,13,3.7,99.0,4.59,12,3,0,0
861,Finance,Mid,13,1.45,72.2,8.78,10,1,1,0
862,Engineering,Junior,31,3.49,23.9,8.83,59,2,0,0
863,Sales,Senior,9,2.73,73.4,9.97,75,2,0,1
864,Support,Senior,52,3.57,61.9,9.68,65,0,1,1
865,Sales,Senior,5,1.44,65.1,7.01,0,3,1,0
866,HR,Junior,55,4.13,99.0,7.38,77,0,0,0
867,Marketing,Junior,40,1.44,3.2,4.3,37,1,0,0
868,Marketing,Mid,15,3.92,43.6,4.94,71,0,1,1
869,Support,Senior,17,4.26,90.1,1.58,61,0,0,0
870,Engineering,Mid,32,3.29,0.5,4.75,2,1,1,0
871,Sales,Senior,21,1.98,85.1,6.94,61,0,1,0
872,Engineering,Mid,47,2.28,23.6,9.25,79,0,1,0
873,Engineering,Mid,57,1.06,28.9,6.72,76,1,0,0
874,Engineering,Junior,57,3.11,83.3,6.76,74,2,1,0
875,HR,Senior,15,2.82,52.3,8.75,17,1,0,0
876,HR,Junior,50,1.1,46.7,5.2,36,1,0,0
877,HR,Junior,30,4.27,75.7,7.6,72,3,1,1
878,Support,Senior,31,2.73,24.3,7.04,48,2,0,0
879,Engineering,Junior,50,4.16,41.5,3.42,8,1,1,1
880,Finance,Senior,50,2.5,30.8,2.99,53,1,0,0
881,Engineering,Mid,18,4.7,7.7,1.42,64,3,0,0
882,HR,Senior,33,3.42,42.6,6.67,59,0,0,0
883,Engineering,Junior,26,3.86,80.7,7.3,79,0,0,0
884,Support,Junior,44,4.61,67.3,4.68,23,0,0,0
885,Support,Mid,41,4.64,80.8,1.14,22,4,0,0
886,Engineering,Senior,38,2.75,79.7,7.87,43,1,0,1
887,Sales,Mid,31,1.26,45.1,3.28,7,2,0,0
888,Marketing,Senior,50,2.63,72.8,2.29,79,2,1,0
889,Marketing,Senior,27,2.96,64.8,3.39,76,1,0,0
890,Finance,Senior,8,1.19,65.6,7.97,49,0,0,0
891,Finance,Mid,41,1.45,26.5,9.28,16,0,1,1
892,Sales,Junior,50,4.93,33.3,2.32,63,0,1,1
893,Finance,Junior,44,4.42,72.7,1.18,7,1,0,0
894,Sales,Senior,11,1.65,77.3,7.58,12,2,0,0
895,Support,Mid,48,3.55,59.0,8.38,15,1,0,1
896,Engineering,Mid,32,3.76,31.8,6.1,52,1,0,0
897,Sales,Junior,51,2.76,74.9,9.17,52,2,1,1
898,Marketing,Senior,10,4.27,9.2,4.95,26,0,1,0
899,Support,Junior,14,3.46,30.9,2.19,75,1,0,0
900,HR,Junior,3,2.11,49.4,4.91,14,0,0,0
901,Engineering,Junior,51,2.21,22.0,6.01,78,1,0,0
902,Engineering,Senior,13,1.03,89.6,8.24,0,4,0,0
903,Marketing,Mid,22,4.62,3.8,9.93,2,0,1,1
904,Marketing,Mid,19,3.28,74.9,6.87,59,1,1,1
905,Sales,Senior,33,1.38,91.6,8.39,45,1,0,1
906,Sales,Mid,13,2.71,35.1,5.9,55,0,1,1
907,Marketing,Junior,10,2.02,44.8,1.01,28,3,1,0
908,Engineering,Mid,59,2.18,73.9,1.64,42,1,1,0
909,Engineering,Senior,50,1.05,23.7,2.08,41,1,1,0
910,Sales,Senior,10,4.92,46.7,9.3,25,1,0,0
911,Sales,Mid,14,1.5,86.3,1.13,49,0,1,0
912,Finance,Junior,22,1.13,7.4,5.46,3,2,0,0
913,Engineering,Mid,26,2.8,47.3,4.81,4,1,1,0
914,Support,Senior,13,4.45,8.8,8.19,63,2,1,1
915,Support,Junior,44,2.11,64.5,7.31,42,1,1,0
916,Sales,Senior,7,2.3,59.7,1.3,24,1,1,0
917,HR,Senior,38,4.16,52.7,5.04,43,0,0,0
918,Support,Mid,50,4.23,62.6,7.47,51,1,0,1
919,HR,Senior,23,2.66,45.3,5.05,50,1,1,0
920,Marketing,Mid,32,1.27,8.7,3.34,40,4,0,0
921,Marketing,Senior,16,4.73,72.6,4.65,8,1,0,0
922,Support,Mid,28,3.79,76.5,4.57,5,0,0,0
923,Engineering,Junior,22,3.78,81.5,6.3,32,1,0,0
924,Engineering,Junior,26,1.48,15.4,7.03,45,0,1,0
925,HR,Mid,44,1.51,50.9,3.84,76,0,1,0
926,Engineering,Junior,23,2.7,78.8,1.32,58,0,1,0
927,Marketing,Mid,29,2.55,56.7,7.49,32,3,0,1
928,HR,Mid,49,1.63,42.6,1.64,27,2,1,0
929,Sales,Senior,24,2.5,81.8,7.0,79,1,1,1
930,Support,Junior,57,2.9,69.6,9.59,44,3,0,0
931,HR,Junior,58,2.87,47.2,4.74,0,0,1,0
932,Support,Mid,59,1.08,1.4,9.68,66,2,0,1
933,Support,Senior,48,4.98,88.8,9.42,5,1,0,1
934,Support,Mid,58,1.67,7.6,9.1,74,1,1,0
935,Sales,Junior,6,2.47,88.5,7.83,52,3,0,1
936,Support,Junior,54,4.67,45.6,6.91,24,2,0,1
937,Sales,Mid,29,4.81,38.8,6.19,53,0,0,0
938,Support,Senior,15,2.38,7.8,6.45,69,3,1,0
939,Marketing,Senior,40,1.96,70.8,9.64,25,3,1,1
940,Marketing,Junior,59,2.47,73.5,2.54,9,0,1,0
941,Support,Junior,26,1.97,93.4,5.09,35,1,1,0
942,Marketing,Senior,37,4.44,27.0,5.7,51,0,1,1
943,Engineering,Senior,4,1.33,24.7,8.77,73,2,0,0
944,Finance,Mid,43,4.05,37.8,1.2,67,2,1,0
945,Engineering,Junior,10,3.0,31.9,9.56,49,0,0,1
946,Engineering,Mid,41,4.7,60.2,5.22,6,1,1,0
947,Engineering,Senior,38,4.02,6.5,3.25,39,2,0,0
948,Sales,Senior,39,2.79,2.0,6.07,72,2,0,1
949,Sales,Senior,41,1.04,58.1,4.39,10,0,1,0
950,Support,Mid,30,4.77,16.1,7.92,33,0,1,1
951,Engineering,Senior,55,3.93,49.5,4.0,44,1,0,0
952,Sales,Mid,59,2.79,78.9,8.26,46,0,0,1
953,HR,Junior,25,1.5,53.0,2.85,28,2,0,0
954,Support,Mid,41,2.83,92.8,4.71,44,0,0,0
955,Sales,Senior,20,3.55,24.0,8.77,67,0,1,0
956,Support,Junior,56,1.57,70.0,6.57,55,4,0,1
957,Support,Senior,51,2.75,19.9,6.38,75,0,0,0
958,Engineering,Mid,29,2.12,12.0,5.34,22,3,0,0
959,HR,Junior,33,2.26,44.7,8.39,36,1,1,0
960,Finance,Junior,25,2.81,33.9,5.48,67,1,1,0
961,Sales,Senior,22,3.62,47.5,8.42,38,1,0,1
962,Marketing,Junior,32,3.92,81.3,6.5,60,1,0,1
963,Engineering,Junior,15,4.32,71.8,9.43,11,1,0,0
964,HR,Junior,2,3.19,40.1,5.83,16,0,1,0
965,Engineering,Mid,50,4.09,26.4,1.96,16,0,0,0
966,Sales,Mid,54,4.27,34.4,7.92,11,1,0,0
967,Engineering,Mid,13,3.33,15.8,8.12,49,0,0,0
968,Finance,Senior,37,4.6,84.1,9.59,71,0,1,1
969,Finance,Senior,34,4.6,66.2,8.29,57,4,0,1
970,Engineering,Junior,39,3.72,25.3,4.56,34,0,0,0
971,Marketing,Mid,16,4.18,78.8,5.0,62,0,1,0
972,Support,Senior,30,2.46,45.4,9.17,66,0,0,1
973,Finance,Junior,26,3.12,70.5,6.29,53,1,0,0
974,Finance,Junior,21,2.63,8.9,6.12,28,1,1,0
975,HR,Mid,52,2.88,24.8,3.0,24,0,1,0
976,HR,Mid,10,3.93,33.6,1.7,20,0,1,0
977,Finance,Mid,58,1.88,20.2,1.92,33,1,1,0
978,Sales,Senior,46,2.35,48.3,9.51,10,1,1,1
979,Marketing,Junior,27,1.24,33.6,3.86,0,1,1,0
980,Sales,Senior,30,3.34,70.6,5.97,52,0,1,1
981,Finance,Senior,5,4.63,72.4,5.97,31,1,0,0
982,Marketing,Mid,21,2.87,86.9,7.98,74,1,0,0
983,Support,Junior,47,4.18,4.6,8.71,41,1,0,1
984,Engineering,Junior,1,2.63,13.3,4.85,39,2,1,0
985,Marketing,Junior,40,4.81,95.3,8.08,58,1,1,0
986,Engineering,Mid,32,3.64,95.6,1.16,52,2,1,1
987,HR,Junior,15,3.26,1.8,2.44,57,0,0,0
988,Finance,Mid,11,3.03,98.6,9.85,5,2,0,1
989,Support,Senior,53,3.37,62.8,5.36,21,1,0,0
990,Marketing,Mid,25,4.12,22.4,3.47,33,0,0,0
991,Sales,Senior,28,4.78,49.8,9.52,74,0,0,0
992,HR,Junior,28,2.53,74.2,3.41,61,1,1,0
993,Engineering,Senior,58,1.81,63.7,7.72,27,0,1,0
994,Marketing,Junior,11,4.04,41.4,7.93,15,1,0,0
995,Finance,Senior,41,1.07,89.3,3.91,48,1,1,0
996,Support,Senior,47,1.37,66.4,2.51,12,3,1,0
997,Sales,Senior,56,4.28,1.3,1.85,14,0,0,0
998,HR,Junior,45,1.76,2.0,6.9,51,1,1,0
999,HR,Mid,44,1.7,19.4,5.35,24,3,1,0
1000,Sales,Mid,49,3.9,67.4,9.13,54,0,0,1
1001,Marketing,Mid,8,1.28,65.9,3.89,1,0,1,0
1002,Sales,Junior,54,3.01,32.7,9.47,56,0,0,1
1003,Marketing,Junior,39,1.54,67.3,1.44,31,0,0,0
1004,Marketing,Senior,11,2.06,5.1,5.18,79,2,0,0
1005,HR,Senior,8,4.19,26.5,9.71,43,2,1,0
1006,Finance,Junior,37,1.12,14.4,1.39,23,0,0,0
1007,Sales,Junior,56,2.33,62.1,1.72,68,1,0,0
1008,Engineering,Senior,8,4.12,54.9,6.45,72,0,1,0
1009,Finance,Mid,21,4.58,60.4,3.56,70,2,1,1
1010,HR,Mid,19,1.08,3.7,6.1,60,0,0,0
1011,HR,Senior,48,4.21,47.2,9.96,28,0,1,1
1012,Engineering,Senior,58,3.72,79.2,7.54,76,2,0,1
1013,Support,Mid,22,4.18,56.2,8.72,9,0,0,0
1014,Finance,Senior,11,2.72,71.8,5.63,67,0,0,0
1015,Finance,Mid,1,1.75,29.3,3.29,48,2,0,0
1016,Engineering,Senior,15,1.15,80.4,6.78,30,0,0,0
1017,Support,Junior,1,2.12,51.1,3.41,55,0,1,0
1018,HR,Senior,52,4.32,41.4,9.4,55,1,1,1
1019,Marketing,Senior,53,3.97,62.8,9.62,54,1,1,1
1020,Sales,Senior,9,4.45,25.9,9.6,6,2,0,0
1021,Finance,Senior,51,1.8,25.0,7.29,0,2,1,1
1022,Support,Senior,30,1.63,14.1,2.56,45,0,0,0
1023,Sales,Senior,24,3.56,62.7,9.51,49,1,1,1
1024,Sales,Senior,22,1.95,25.8,1.89,65,0,1,0
1025,HR,Mid,3,4.16,60.5,4.7,0,1,0,0
1026,Sales,Senior,29,2.35,26.5,4.12,10,1,1,0
1027,Finance,Senior,29,3.32,83.0,3.42,41,2,0,0
1028,Sales,Mid,19,4.64,8.5,1.4,57,2,1,1
1029,HR,Junior,32,3.35,18.5,4.32,14,2,1,0
1030,Engineering,Junior,30,4.15,91.8,2.08,48,1,1,1
1031,Marketing,Senior,19,1.64,70.2,1.44,77,0,1,0
1032,Support,Junior,7,2.06,90.1,8.96,68,1,0,1
1033,Support,Senior,8,3.58,11.0,6.41,6,1,0,0
1034,Sales,Junior,25,1.95,7.3,5.24,67,0,0,0
1035,Finance,Mid,12,1.22,10.0,4.54,11,2,0,0
1036,Finance,Junior,39,3.22,84.3,3.92,24,0,0,0
1037,Marketing,Senior,46,3.61,96.1,4.61,45,0,0,0
1038,Finance,Mid,53,3.37,30.3,8.2,47,2,0,0
1039,Finance,Junior,20,3.0,53.4,9.34,63,0,1,1
1040,Engineering,Senior,2,1.01,76.0,8.31,5,2,0,1
1041,Marketing,Mid,34,2.89,3.0,1.02,76,1,0,0
1042,Marketing,Senior,17,4.02,19.9,6.3,44,1,0,0
1043,Support,Senior,56,4.81,25.3,6.59,9,1,1,0
1044,Marketing,Senior,23,1.0,67.9,1.41,37,1,0,0
1045,Marketing,Senior,44,4.49,72.5,7.49,32,3,1,1
1046,Finance,Junior,5,3.4,42.3,2.86,19,0,0,0
1047,Marketing,Senior,11,4.69,66.0,1.9,63,1,0,0
1048,Finance,Mid,47,3.05,65.6,7.65,36,2,0,1
1049,Marketing,Mid,27,2.92,10.3,3.58,4,1,0,0
1050,Sales,Mid,42,4.96,57.9,3.14,15,6,0,1
1051,Finance,Mid,55,3.92,77.3,7.09,4,0,1,1
1052,Finance,Junior,5,3.52,13.1,8.27,57,1,0,0
1053,Finance,Junior,28,1.41,86.9,1.79,71,1,1,0
1054,Support,Mid,8,2.11,65.7,3.65,66,1,1,0
1055,Engineering,Senior,40,1.4,24.5,6.47,72,0,0,1
1056,Marketing,Mid,16,2.97,64.9,3.97,61,0,1,0
1057,Marketing,Mid,48,1.75,66.2,1.62,15,0,1,0
1058,Engineering,Senior,39,1.56,29.6,8.84,45,3,1,1
1059,Engineering,Senior,52,1.61,74.5,2.94,37,0,0,0
1060,Finance,Senior,47,2.56,75.1,6.25,48,0,0,0
1061,Support,Junior,27,2.89,95.0,9.49,8,0,1,1
1062,Engineering,Junior,52,2.69,76.5,5.6,21,1,1,0
1063,Finance,Mid,22,1.92,52.8,3.25,66,0,1,0
1064,Engineering,Junior,59,2.14,49.1,3.69,58,2,0,0
1065,Support,Mid,41,3.98,24.6,9.16,38,0,1,1
1066,HR,Senior,51,2.36,67.7,2.05,74,0,1,0
1067,HR,Senior,15,3.25,16.5,8.33,66,1,0,0
1068,HR,Mid,40,3.03,34.7,3.48,32,2,1,0
1069,Finance,Junior,12,3.59,15.4,1.01,56,1,0,0
1070,Engineering,Senior,5,3.45,59.7,4.53,4,1,0,0
1071,Marketing,Senior,43,1.79,14.6,1.94,6,0,0,0
1072,Support,Junior,33,1.49,81.8,1.37,78,1,0,0
1073,Support,Junior,43,3.46,83.8,7.78,9,1,0,0
1074,Engineering,Mid,30,3.08,86.5,9.5,48,1,0,0
1075,Marketing,Junior,15,3.12,82.9,6.05,30,1,0,0
1076,Engineering,Senior,26,3.15,31.0,4.87,43,0,1,0
1077,Support,Mid,29,1.48,90.2,4.31,29,1,0,0
1078,HR,Junior,50,4.32,74.8,2.93,76,1,0,1
1079,Marketing,Mid,7,4.8,73.1,1.95,46,0,0,0
1080,Engineering,Senior,20,3.67,66.5,7.75,39,0,0,0
1081,Engineering,Senior,2,4.1,20.7,7.39,3,0,1,1
1082,HR,Senior,58,3.1,41.6,6.58,12,0,1,0
1083,Engineering,Senior,44,3.07,37.9,6.72,77,1,1,1
1084,HR,Senior,27,2.24,30.6,1.12,42,1,1,0
1085,Marketing,Mid,42,4.27,95.1,9.47,36,0,1,1
1086,Finance,Senior,35,1.05,39.6,3.66,1,0,0,0
1087,Marketing,Senior,38,3.13,74.9,4.64,60,0,0,0
1088,Engineering,Mid,42,4.5,29.3,2.01,4,0,1,0
1089,Finance,Junior,38,4.73,66.6,6.48,72,1,1,1
1090,HR,Mid,19,3.67,39.0,1.22,71,1,1,0
1091,Sales,Junior,6,3.34,70.4,4.8,68,2,1,1
1092,Marketing,Junior,35,4.98,8.8,1.17,36,0,1,0
1093,Support,Junior,9,1.26,38.7,4.49,36,2,0,0
1094,Support,Senior,26,2.0,26.9,1.64,18,0,0,0
1095,Engineering,Senior,26,2.81,12.4,4.07,19,2,0,0
1096,HR,Junior,51,2.78,64.1,9.76,1,1,1,0
1097,Sales,Senior,26,4.41,40.7,5.4,46,1,0,1
1098,Marketing,Senior,15,3.61,64.1,4.26,52,2,0,1
1099,HR,Junior,48,1.67,91.5,9.11,22,2,0,1
1100,Finance,Senior,36,3.37,77.0,2.39,7,1,1,0
1101,HR,Junior,22,4.33,16.6,5.93,40,3,0,1
1102,Support,Junior,18,1.2,76.7,6.89,34,2,1,0
1103,Sales,Junior,7,1.3,89.6,5.1,61,0,1,0
1104,Marketing,Junior,35,3.2,84.5,7.74,74,2,0,1
1105,Support,Mid,44,2.97,86.4,1.69,18,0,1,0
1106,Marketing,Junior,38,4.53,93.5,1.17,30,1,0,0
1107,Sales,Mid,1,1.29,10.0,9.53,53,1,0,0
1108,HR,Mid,48,1.64,72.1,1.55,56,1,1,0
1109,Support,Junior,5,1.16,19.2,6.68,75,1,1,1
1110,HR,Junior,18,2.65,63.8,6.99,43,1,0,0
1111,HR,Senior,42,4.99,86.1,3.66,36,0,0,0
1112,Support,Mid,17,1.24,5.8,5.1,58,0,0,0
1113,Engineering,Mid,29,2.43,73.2,9.39,28,2,0,1
1114,Finance,Mid,32,1.15,47.1,8.78,40,2,0,0
1115,Finance,Senior,31,2.35,27.2,1.88,46,1,0,0
1116,Support,Junior,28,3.92,97.1,8.02,69,1,0,1
1117,Finance,Mid,51,1.51,31.4,6.12,67,2,0,0
1118,HR,Junior,40,1.42,27.9,4.21,10,2,1,0
1119,Sales,Mid,17,1.28,77.2,2.58,0,2,0,0
1120,HR,Mid,48,4.69,38.5,5.24,28,1,0,1
1121,Engineering,Senior,23,2.17,77.9,4.7,25,4,1,1
1122,Sales,Junior,24,4.9,48.0,4.95,17,2,1,1
1123,Engineering,Junior,54,2.33,35.6,2.71,65,1,1,1
1124,Finance,Junior,38,1.19,4.7,7.63,30,1,0,0
1125,HR,Mid,10,4.89,44.1,4.6,73,2,0,1
1126,Marketing,Mid,14,4.5,13.9,4.31,79,1,0,1
1127,HR,Senior,57,2.62,78.2,1.21,52,0,1,0
1128,Support,Senior,48,3.1,88.5,1.29,16,0,1,0
1129,Engineering,Junior,20,1.73,72.9,5.15,57,1,0,0
1130,Marketing,Mid,26,1.01,5.4,5.16,44,2,1,0
1131,Marketing,Mid,15,3.28,50.0,7.16,58,2,0,1
1132,Engineering,Senior,23,4.99,46.2,2.21,59,1,0,0
1133,HR,Mid,41,2.97,14.4,9.4,77,1,0,1
1134,Sales,Mid,7,1.43,69.2,2.36,4,1,0,0
1135,Support,Junior,49,4.38,94.7,8.7,19,1,0,1
1136,Finance,Mid,50,1.08,30.6,2.03,36,0,1,0
1137,Support,Mid,30,2.46,57.0,3.67,55,2,0,0
1138,HR,Junior,27,1.43,3.8,1.02,6,1,0,0
1139,Sales,Mid,17,4.21,6.1,9.42,20,0,0,0
1140,Marketing,Junior,18,2.06,3.7,1.09,63,2,1,0
1141,Sales,Junior,53,2.25,93.1,3.67,2,1,0,0
1142,Finance,Mid,36,1.74,43.6,8.44,23,3,0,0
1143,HR,Junior,17,3.87,32.9,6.52,35,0,1,0
1144,HR,Mid,40,1.44,28.1,5.54,70,2,1,0
1145,Marketing,Senior,30,4.39,17.6,4.58,4,1,0,0
1146,Sales,Senior,51,3.22,12.5,6.72,41,0,1,1
1147,Sales,Junior,19,1.61,52.6,2.41,41,1,0,0
1148,Marketing,Junior,44,3.93,17.0,5.63,20,0,0,0
1149,Sales,Junior,30,1.69,45.5,8.89,1,1,1,1
1150,Engineering,Mid,41,1.83,2.7,8.76,35,0,1,0
1151,Engineering,Mid,52,3.2,93.6,5.39,8,1,0,0
1152,Finance,Junior,9,4.6,75.7,5.87,77,3,1,1
1153,Finance,Senior,22,4.34,57.9,5.4,55,3,0,0
1154,Engineering,Junior,55,3.79,62.5,5.84,22,0,0,0
1155,Engineering,Junior,16,1.16,97.7,6.55,17,3,1,0
1156,Engineering,Senior,1,3.0,48.5,1.78,10,2,0,0
1157,Sales,Mid,17,3.43,73.0,2.6,42,1,0,0
1158,HR,Senior,59,4.85,91.5,2.59,7,3,0,1
1159,Marketing,Junior,48,1.52,9.4,8.43,18,1,0,0
1160,Marketing,Senior,7,3.34,45.1,3.07,78,0,0,0
1161,Sales,Junior,20,4.88,94.3,3.62,29,0,0,0
1162,Engineering,Mid,48,3.12,77.6,2.04,19,1,1,0
1163,Marketing,Junior,38,2.98,53.4,7.04,29,0,0,0
1164,Marketing,Mid,18,2.01,48.3,9.39,51,0,0,0
1165,Engineering,Senior,5,3.19,48.7,7.02,63,0,1,1
1166,Engineering,Junior,8,3.57,35.5,5.2,62,0,0,0
1167,HR,Senior,48,4.28,70.4,4.14,56,0,0,1
1168,Engineering,Mid,2,3.14,36.3,8.58,27,1,0,0
1169,Marketing,Mid,29,1.44,76.6,8.33,52,1,0,1
1170,Sales,Mid,17,3.56,55.4,2.1,2,0,0,0
1171,Finance,Senior,48,2.13,5.8,9.1,21,3,1,0
1172,Sales,Mid,59,4.74,74.0,5.91,77,1,1,1
1173,Engineering,Mid,42,1.84,22.4,6.22,42,2,1,1
1174,Engineering,Junior,54,4.49,94.2,8.14,3,2,0,1
1175,HR,Junior,28,3.11,53.2,4.35,1,1,0,0
1176,Sales,Mid,27,1.87,34.5,2.49,67,2,1,0
1177,Marketing,Mid,11,3.61,41.1,2.2,71,0,1,0
1178,HR,Junior,4,4.31,4.2,7.75,23,3,0,0
1179,Sales,Senior,53,1.62,28.9,6.94,3,1,0,0
1180,Finance,Junior,29,1.5,7.1,6.54,5,0,0,0
1181,Sales,Mid,14,4.42,38.2,6.63,35,1,0,1
1182,Sales,Senior,27,1.42,59.2,1.21,33,3,1,0
1183,Finance,Junior,41,4.25,31.5,7.59,28,0,1,1
1184,Sales,Senior,6,4.7,38.2,3.24,25,2,1,0
1185,HR,Junior,12,2.85,99.7,5.18,37,1,0,0
1186,HR,Senior,15,3.66,43.4,2.13,48,0,0,0
1187,Support,Senior,57,1.63,77.1,7.65,78,1,0,0
1188,Marketing,Junior,44,2.7,55.0,5.01,24,0,0,0
1189,Sales,Senior,40,1.46,55.6,8.45,22,3,0,0
1190,Marketing,Junior,19,2.43,34.2,1.81,75,2,1,0
1191,HR,Junior,53,4.95,1.3,6.61,30,2,0,0
1192,Sales,Junior,37,2.88,32.4,1.41,50,2,0,0
1193,Engineering,Senior,19,3.07,92.5,1.15,59,0,1,0
1194,Marketing,Mid,17,3.73,46.1,7.01,75,2,0,0
1195,HR,Senior,35,2.72,56.7,6.28,56,1,1,1
1196,Engineering,Mid,31,3.79,9.5,9.56,6,2,1,1
1197,Finance,Senior,56,2.45,81.2,7.7,68,0,0,0
1198,Sales,Senior,47,1.83,60.6,3.72,45,0,0,0
1199,Finance,Mid,18,2.5,70.3,7.92,42,3,0,0
1200,Engineering,Mid,23,1.41,82.7,7.91,76,1,1,1
1201,Engineering,Mid,18,2.19,20.1,5.22,26,1,0,0
1202,Marketing,Junior,11,1.66,23.2,1.08,4,2,1,0
1203,Sales,Junior,29,1.18,90.7,1.7,55,2,0,0
1204,Sales,Mid,17,4.41,37.0,8.87,34,0,1,1
1205,Support,Mid,46,2.5,47.1,2.57,79,1,0,0
1206,Sales,Senior,57,4.6,6.9,7.68,65,1,0,1
1207,HR,Junior,52,3.28,4.9,1.9,52,3,0,0
1208,HR,Senior,56,3.36,25.3,4.84,67,2,0,0
1209,Engineering,Mid,47,3.14,19.2,1.24,20,1,1,0
1210,HR,Junior,42,4.3,27.7,5.53,31,1,1,0
1211,Support,Mid,37,2.34,85.8,9.53,18,1,1,0
1212,Finance,Mid,33,4.35,52.8,1.24,68,2,0,1
1213,Marketing,Mid,28,3.61,29.8,6.9,56,0,1,0
1214,Finance,Senior,32,3.51,9.6,4.51,75,1,1,1
1215,HR,Junior,27,2.44,38.9,8.74,2,1,1,0
1216,Engineering,Mid,32,4.02,23.8,3.54,37,2,0,0
1217,Sales,Senior,15,4.05,90.8,9.05,58,3,0,0
1218,Support,Senior,21,1.94,42.0,7.64,33,1,1,0
1219,Marketing,Senior,24,4.9,97.2,5.9,56,2,0,0
1220,Marketing,Junior,15,1.53,99.1,4.45,66,0,1,0
1221,Sales,Junior,20,2.54,68.8,5.88,29,0,0,0
1222,Sales,Mid,46,1.61,91.6,1.76,28,3,0,0
1223,Sales,Junior,42,3.03,82.6,4.44,20,3,1,0
1224,Sales,Senior,27,1.42,84.0,3.78,50,1,0,0
1225,Support,Senior,28,1.36,28.1,8.66,10,2,0,0
1226,Sales,Junior,27,3.82,0.8,4.62,71,2,1,0
1227,Engineering,Mid,42,3.82,80.3,6.76,7,0,0,1
1228,Finance,Junior,45,4.68,99.5,3.54,10,0,0,0
1229,Engineering,Junior,56,1.55,83.5,9.82,58,2,0,0
1230,Engineering,Junior,18,2.27,1.9,5.94,79,1,0,0
1231,Marketing,Mid,25,1.09,86.6,8.9,64,1,0,0
1232,Finance,Mid,28,2.67,80.9,7.51,34,0,0,0
1233,Engineering,Mid,48,2.96,49.9,1.2,79,1,0,0
1234,Finance,Mid,32,2.81,65.8,6.12,69,2,0,1
1235,Engineering,Junior,2,3.0,88.5,1.49,37,1,1,0
1236,Sales,Mid,8,2.19,34.2,9.94,11,1,0,1
1237,Marketing,Senior,1,1.57,62.2,1.67,9,0,0,0
1238,Sales,Senior,16,1.46,37.7,8.62,35,1,0,1
1239,Finance,Senior,1,2.13,38.8,8.07,13,3,0,0
1240,Marketing,Junior,45,3.25,82.8,1.49,45,0,0,0
1241,Finance,Mid,3,4.2,42.8,2.29,58,0,0,0
1242,Marketing,Senior,48,3.59,47.6,9.68,54,3,1,1
1243,Sales,Junior,17,1.44,5.7,6.48,46,1,0,0
1244,Marketing,Senior,47,3.31,92.2,2.12,74,1,0,1
1245,Finance,Junior,56,1.68,34.9,2.34,78,1,1,0
1246,Sales,Mid,58,1.7,20.8,1.3,37,0,1,0
1247,Marketing,Mid,21,3.95,30.9,8.4,15,1,1,1
1248,Engineering,Mid,22,1.92,88.7,6.93,68,2,0,0
1249,Marketing,Mid,28,1.24,55.4,6.57,24,2,0,0
1250,Engineering,Junior,53,2.7,38.8,1.57,23,1,1,0
1251,Engineering,Senior,31,2.41,23.6,1.81,23,2,1,0
1252,Engineering,Mid,9,3.5,7.0,3.76,48,2,0,0
1253,Engineering,Mid,12,2.25,1.0,6.42,48,0,0,0
1254,Finance,Junior,22,4.18,3.0,6.35,30,0,1,1
1255,HR,Mid,54,4.34,71.1,2.8,73,3,1,1
1256,Finance,Senior,19,2.65,35.4,5.82,0,1,0,0
1257,Finance,Junior,58,3.57,9.7,7.45,79,0,1,1
1258,Marketing,Junior,38,3.5,88.9,8.28,22,3,1,1
1259,Finance,Mid,11,4.82,58.0,5.11,48,1,0,0
1260,Marketing,Junior,9,3.87,26.5,5.55,30,0,0,1
1261,Finance,Mid,52,1.42,1.6,7.15,73,2,0,0
1262,Sales,Mid,31,2.73,9.5,9.15,30,1,0,0
1263,HR,Junior,18,3.34,48.2,6.88,72,1,0,0
1264,Engineering,Mid,16,3.94,13.9,5.18,75,1,0,0
1265,Engineering,Mid,52,4.14,13.8,9.23,6,1,0,0
1266,Support,Mid,40,3.18,58.0,2.35,14,0,1,0
1267,Support,Junior,20,2.11,11.8,5.36,34,2,0,0
1268,Marketing,Junior,35,3.93,23.5,3.51,11,2,1,0
1269,Marketing,Senior,47,2.29,60.1,9.9,27,1,0,1
1270,HR,Junior,57,2.67,3.7,4.0,44,0,0,0
1271,Marketing,Senior,55,1.84,45.7,1.08,5,0,0,0
1272,Sales,Mid,46,4.51,23.4,4.47,61,2,0,1
1273,Sales,Mid,34,1.55,62.0,1.91,77,1,0,0
1274,Sales,Junior,43,2.03,73.9,4.85,4,1,0,1
1275,Marketing,Junior,37,3.8,17.5,2.43,68,1,1,0
1276,Support,Mid,23,3.35,86.4,2.64,72,0,1,0
1277,HR,Junior,2,2.57,90.5,2.0,78,4,1,1
1278,Finance,Senior,4,3.4,90.3,5.5,4,1,0,0
1279,HR,Senior,27,3.93,37.7,5.94,61,1,0,0
1280,HR,Senior,2,3.33,85.5,8.44,37,1,0,0
1281,Engineering,Junior,37,1.03,33.7,6.49,67,0,0,0
1282,HR,Senior,57,3.04,39.9,8.98,6,0,0,0
1283,Engineering,Mid,38,1.41,32.2,4.12,18,1,0,0
1284,Finance,Junior,27,3.92,79.3,4.23,2,3,0,1
1285,Engineering,Junior,18,1.02,67.7,2.81,26,3,1,0
1286,Marketing,Senior,38,1.87,55.9,4.97,5,0,0,0
1287,Engineering,Junior,25,3.54,76.5,3.49,30,1,0,0
1288,Marketing,Mid,47,4.39,30.0,1.15,61,1,1,1
1289,Engineering,Mid,49,1.12,87.8,3.61,13,1,0,1
1290,Engineering,Senior,38,2.08,43.2,1.97,61,2,0,0
1291,Marketing,Senior,31,3.3,57.9,6.41,61,2,0,1
1292,HR,Senior,7,3.23,40.3,5.64,73,0,0,0
1293,Support,Senior,27,4.2,22.4,1.32,68,0,0,1
1294,Support,Junior,20,2.66,47.6,4.22,28,1,1,1
1295,Sales,Mid,48,4.44,49.9,3.58,45,3,0,0
1296,Finance,Mid,28,2.54,53.5,8.63,23,2,0,0
1297,Sales,Junior,14,3.17,79.8,3.61,0,0,1,0
1298,Support,Senior,12,2.79,28.0,7.4,21,0,0,0
1299,Sales,Mid,28,3.13,54.6,8.44,64,0,0,0
1300,Finance,Mid,1,1.56,77.7,3.97,78,0,1,0
1301,Support,Mid,47,4.06,91.2,8.75,56,1,0,1
1302,Engineering,Senior,39,1.56,78.5,8.65,67,1,0,0
1303,Marketing,Junior,11,2.79,24.3,1.38,52,2,0,0
1304,Support,Senior,39,3.55,77.1,8.76,52,1,0,1
1305,Sales,Junior,48,1.88,12.4,1.19,34,1,0,0
1306,Engineering,Junior,46,4.95,14.5,9.75,56,3,1,1
1307,Support,Senior,4,3.74,65.4,3.82,65,0,1,1
1308,Engineering,Senior,17,1.51,45.7,7.8,59,0,0,0
1309,Marketing,Junior,9,4.95,71.1,5.36,5,2,1,0
1310,Engineering,Junior,41,2.37,66.3,9.37,20,3,0,1
1311,Sales,Junior,46,4.4,3.8,1.88,40,2,0,0
1312,Finance,Mid,39,2.35,91.3,8.11,0,0,0,1
1313,Support,Mid,21,3.39,9.1,4.76,11,1,0,0
1314,Support,Senior,31,3.91,80.7,1.72,50,0,0,0
1315,Sales,Junior,13,2.6,97.6,4.0,30,0,1,0
1316,HR,Senior,44,4.94,51.0,1.27,11,3,1,1
1317,Support,Mid,55,4.55,55.6,7.58,75,2,1,1
1318,Sales,Mid,38,1.96,30.6,4.16,31,1,0,0
1319,Marketing,Junior,49,3.71,11.2,5.91,35,1,0,0
1320,HR,Junior,18,2.73,94.9,4.64,34,0,0,0
1321,Marketing,Senior,35,4.57,95.2,2.37,13,1,1,1
1322,Marketing,Junior,16,1.62,72.8,5.4,13,0,1,0
1323,Engineering,Junior,23,4.0,15.2,7.47,46,3,1,1
1324,Marketing,Mid,36,2.55,63.3,3.95,3,2,1,0
1325,HR,Senior,20,3.04,3.7,1.5,19,0,0,0
1326,Support,Senior,32,3.77,71.0,8.43,71,3,1,1
1327,Marketing,Senior,47,1.83,77.9,4.73,19,1,1,1
1328,Engineering,Senior,26,1.4,31.5,4.35,71,3,0,0
1329,HR,Mid,35,2.05,34.9,6.72,10,1,1,0
1330,Marketing,Senior,47,2.64,66.6,8.81,31,1,1,0
1331,Sales,Mid,49,2.19,85.4,6.57,12,2,1,0
1332,HR,Mid,50,1.87,79.4,1.62,26,0,1,0
1333,Sales,Mid,48,3.83,28.7,3.84,12,1,0,0
1334,Engineering,Senior,15,4.04,19.7,4.42,77,0,1,0
1335,Marketing,Senior,17,4.59,36.8,7.35,61,2,0,1
1336,Marketing,Senior,42,2.17,95.8,4.36,4,0,0,0
1337,Engineering,Mid,10,3.89,40.7,8.83,39,0,0,0
1338,HR,Senior,30,1.32,3.5,4.34,30,1,1,0
1339,Marketing,Mid,23,1.83,68.5,4.54,66,0,0,0
1340,Finance,Junior,19,1.55,29.8,6.48,13,1,0,0
1341,Support,Mid,42,1.94,87.5,7.14,20,1,1,0
1342,Finance,Junior,17,3.82,10.1,8.76,25,1,1,1
1343,Support,Senior,40,1.71,62.7,1.84,54,1,0,0
1344,Engineering,Senior,51,3.98,98.2,2.55,28,2,0,1
1345,Support,Mid,30,2.91,88.0,6.3,16,0,0,0
1346,Marketing,Senior,10,3.93,61.8,3.1,58,2,1,1
1347,Marketing,Mid,28,3.06,15.2,1.14,29,0,0,0
1348,Engineering,Senior,28,2.61,89.4,4.35,13,2,1,0
1349,Finance,Mid,41,4.8,17.6,5.05,68,2,0,0
1350,Finance,Senior,41,3.95,6.7,5.49,18,0,1,0
1351,Engineering,Senior,45,4.26,27.1,4.9,49,0,0,0
1352,Support,Junior,35,3.0,22.8,3.75,76,1,1,1
1353,Sales,Senior,58,1.21,71.2,4.35,5,1,0,0
1354,Support,Mid,22,3.27,78.0,4.62,40,1,1,1
1355,Marketing,Junior,47,3.25,43.0,1.85,14,2,0,0
1356,HR,Senior,51,4.48,70.9,9.07,71,2,0,1
1357,Engineering,Senior,12,3.68,47.9,8.07,50,2,1,1
1358,Marketing,Mid,31,1.07,57.1,4.66,29,0,0,0
1359,Sales,Junior,2,2.07,84.8,2.86,25,1,1,1
1360,Engineering,Senior,55,4.03,11.3,6.57,10,0,0,1
1361,Finance,Senior,17,3.03,80.4,1.62,50,2,0,0
1362,Finance,Mid,17,3.84,69.4,6.16,74,4,1,1
1363,Engineering,Senior,16,3.15,27.1,2.17,69,2,1,0
1364,Finance,Mid,58,2.56,86.3,3.32,48,0,0,1
1365,Engineering,Mid,9,4.42,50.3,2.25,65,1,0,0
1366,Marketing,Junior,28,1.93,85.9,1.56,50,0,1,0
1367,Support,Junior,13,1.05,17.4,4.6,6,2,1,0
1368,HR,Mid,25,1.27,86.8,5.19,49,0,1,0
1369,Sales,Junior,26,1.41,87.9,2.88,34,1,0,0
1370,Support,Senior,49,3.23,48.4,9.94,2,0,0,0
1371,Finance,Senior,3,2.85,70.5,9.1,65,1,0,0
1372,HR,Junior,51,1.99,54.7,7.29,17,1,1,0
1373,Support,Mid,44,1.25,73.0,7.99,36,0,0,0
1374,Engineering,Junior,29,3.78,19.0,2.09,73,1,0,1
1375,Sales,Junior,3,4.22,44.3,7.82,7,0,0,0
1376,Engineering,Junior,24,3.91,94.6,8.81,56,0,0,1
1377,Marketing,Junior,1,3.44,76.1,8.91,37,1,1,1
1378,Engineering,Junior,51,4.35,4.5,6.53,15,1,0,0
1379,Support,Mid,31,2.38,14.9,3.58,70,1,1,0
1380,HR,Mid,26,1.69,48.2,2.86,2,1,0,0
1381,Sales,Junior,19,4.26,76.5,2.29,63,0,0,1
1382,Support,Mid,6,3.26,17.3,9.48,74,0,1,0
1383,Engineering,Mid,25,2.1,6.3,8.61,66,0,0,0
1384,Sales,Senior,32,4.65,7.4,5.87,43,1,1,1
1385,Marketing,Senior,55,2.39,21.4,9.49,40,1,0,0
1386,Finance,Junior,30,4.87,87.9,1.24,54,1,0,0
1387,Marketing,Senior,19,3.99,72.8,3.81,10,0,0,0
1388,Sales,Senior,55,2.29,42.8,5.66,23,0,1,0
1389,Marketing,Senior,41,4.83,17.1,6.73,29,0,1,1
1390,HR,Senior,15,1.03,15.5,3.52,62,0,1,0
1391,Engineering,Senior,38,2.24,54.5,1.72,45,0,0,0
1392,Support,Mid,15,4.44,62.6,7.11,24,0,0,0
1393,Support,Mid,36,1.97,68.0,4.4,26,1,0,0
1394,Marketing,Senior,35,3.82,12.6,2.17,6,0,1,0
1395,Marketing,Mid,42,4.02,60.6,3.81,14,0,1,0
1396,HR,Junior,59,2.5,8.9,4.71,50,0,1,0
1397,Marketing,Mid,18,1.85,39.3,7.91,29,2,0,0
1398,Sales,Junior,8,2.59,46.2,8.67,38,1,0,0
1399,Finance,Mid,56,1.49,66.0,2.67,18,2,1,0
1400,HR,Junior,51,3.07,61.1,7.34,34,2,1,1
1401,Engineering,Senior,52,4.81,87.3,8.97,43,3,0,1
1402,Finance,Junior,24,4.54,20.6,9.05,2,1,0,1
1403,Marketing,Senior,2,3.39,76.1,1.77,70,1,0,0
1404,Engineering,Mid,46,3.57,52.5,4.23,3,1,1,1
1405,Marketing,Mid,18,3.34,94.8,2.84,77,2,0,0
1406,Finance,Senior,43,3.87,1.5,3.04,31,1,1,0
1407,Marketing,Senior,23,1.87,81.8,3.15,23,2,0,0
1408,HR,Senior,12,2.14,86.8,2.98,2,0,1,0
1409,Finance,Senior,38,1.49,68.9,9.8,8,1,0,0
1410,HR,Junior,33,2.88,92.3,4.27,13,0,1,0
1411,Marketing,Senior,42,1.57,50.5,6.56,78,3,0,0
1412,Engineering,Senior,20,2.73,16.4,9.78,4,1,0,0
1413,Engineering,Mid,10,3.66,20.4,2.56,44,4,0,0
1414,Marketing,Senior,36,2.84,51.0,2.42,72,1,0,0
1415,Support,Senior,22,4.57,89.2,2.73,70,2,0,0
1416,Marketing,Senior,9,1.54,92.5,9.89,44,1,0,0
1417,Marketing,Mid,36,2.6,95.7,7.35,70,0,1,1
1418,HR,Mid,32,4.9,30.5,4.13,54,1,0,1
1419,Support,Senior,46,1.55,88.6,6.55,71,0,1,1
1420,Support,Senior,43,3.26,19.2,7.44,48,1,1,0
1421,Finance,Senior,17,3.18,84.3,3.39,25,0,0,0
1422,Sales,Junior,28,4.69,100.0,4.43,41,1,0,1
1423,Finance,Mid,12,4.47,7.6,1.95,41,1,1,0
1424,Sales,Senior,5,3.46,8.4,2.09,14,2,1,0
1425,Engineering,Junior,27,4.96,93.0,2.39,28,0,0,0
1426,Support,Junior,20,1.48,55.2,9.54,47,0,0,0
1427,Engineering,Senior,46,3.8,39.2,8.51,13,1,0,1
1428,Engineering,Senior,54,3.94,9.1,9.61,39,3,0,1
1429,Support,Junior,32,2.66,57.9,5.87,72,2,1,0
1430,Engineering,Junior,16,4.6,58.4,2.92,15,1,0,0
1431,Finance,Senior,46,1.78,75.3,1.27,71,1,0,0
1432,HR,Senior,35,1.05,29.0,3.95,73,0,0,0
1433,Support,Senior,7,1.07,49.2,7.71,57,2,0,1
1434,Support,Junior,53,2.22,87.9,5.64,57,0,0,0
1435,Finance,Senior,14,4.25,51.7,2.85,74,0,1,1
1436,Marketing,Mid,5,4.19,35.2,9.06,74,1,1,1
1437,Finance,Mid,35,3.12,79.1,6.05,44,0,0,0
1438,Marketing,Junior,58,2.54,0.4,9.2,18,2,1,1
1439,Sales,Junior,45,4.54,56.5,2.9,29,4,0,1
1440,HR,Senior,59,4.71,98.0,1.35,11,1,0,0
1441,Engineering,Junior,59,3.5,57.6,7.15,70,1,0,1
1442,Sales,Senior,13,4.72,88.7,9.97,40,0,0,0
1443,Sales,Junior,1,2.79,37.9,4.23,44,1,0,0
1444,Finance,Senior,1,3.51,85.4,1.25,58,2,0,0
1445,Finance,Senior,55,2.45,36.3,9.34,45,1,1,1
1446,Finance,Junior,39,3.65,67.9,1.79,7,2,0,0
1447,HR,Junior,56,4.6,2.4,3.37,19,1,0,0
1448,Engineering,Junior,59,3.16,45.7,3.65,15,2,0,0
1449,Engineering,Junior,46,2.79,58.5,1.46,52,2,1,0
1450,HR,Junior,6,3.87,1.7,1.08,68,1,1,0
1451,Finance,Junior,30,2.13,87.9,1.34,64,0,1,0
1452,Sales,Senior,55,3.32,71.5,2.67,67,0,1,1
1453,Sales,Junior,57,3.28,69.1,2.56,3,3,0,0
1454,Support,Mid,42,2.03,1.3,6.11,9,3,0,0
1455,Sales,Senior,55,1.33,27.0,4.23,38,0,0,0
1456,Support,Senior,53,1.97,88.4,4.4,19,0,0,0
1457,Marketing,Junior,31,1.19,77.7,7.93,29,2,1,1
1458,Support,Senior,40,1.53,1.2,7.93,42,1,1,0
1459,Support,Senior,39,3.42,93.8,6.43,74,1,0,0
1460,Finance,Junior,5,1.26,10.3,8.6,1,1,0,0
1461,HR,Senior,34,4.28,74.3,7.3,78,1,0,1
1462,Finance,Junior,7,1.51,13.8,8.79,10,0,0,0
1463,Marketing,Junior,21,1.33,98.8,7.32,24,0,1,0
1464,Finance,Junior,46,1.12,59.7,8.67,52,2,0,1
1465,Sales,Mid,9,2.21,53.4,5.21,52,1,0,0
1466,Finance,Mid,22,3.29,24.8,9.98,2,0,0,0
1467,Engineering,Senior,35,2.85,44.7,7.35,34,1,0,0
1468,Marketing,Junior,10,3.88,43.1,8.98,41,1,0,0
1469,Sales,Senior,17,4.68,6.9,5.37,74,0,0,0
1470,Sales,Senior,46,3.91,49.0,1.4,75,1,1,1
1471,Support,Junior,14,2.07,12.1,2.34,74,1,0,0
1472,HR,Mid,11,1.15,19.0,3.99,56,1,1,0
1473,Sales,Junior,42,3.67,47.4,3.94,36,0,0,0
1474,Engineering,Senior,57,1.29,32.6,7.64,50,0,0,0
1475,Sales,Junior,38,3.13,23.7,2.54,37,1,0,0
1476,Support,Mid,43,2.45,52.2,4.52,45,0,0,0
1477,HR,Mid,11,3.51,46.7,5.62,70,3,0,1
1478,Engineering,Senior,57,4.3,20.7,1.57,30,6,0,0
1479,Engineering,Junior,40,3.12,45.8,5.82,6,0,0,0
1480,Marketing,Junior,40,3.44,14.5,3.71,64,0,0,0
1481,HR,Mid,20,4.15,3.3,9.86,60,2,0,1
1482,Sales,Junior,3,2.31,58.7,1.4,60,2,0,0
1483,Engineering,Mid,59,3.53,6.3,5.91,1,0,0,0
1484,Sales,Mid,52,1.28,17.3,9.88,78,0,1,1
1485,Engineering,Senior,54,2.26,72.4,9.38,9,0,0,1
1486,Engineering,Mid,52,2.91,28.3,1.22,45,1,1,1
1487,Support,Senior,21,4.84,41.9,4.19,45,2,0,1
1488,Support,Mid,36,1.67,62.6,4.59,56,0,0,0
1489,Support,Junior,34,3.99,20.7,2.91,26,2,0,1
1490,Finance,Senior,21,4.08,5.8,4.75,65,0,0,0
1491,Finance,Junior,10,2.89,71.0,3.64,19,1,1,0
1492,HR,Mid,39,1.59,14.6,2.15,57,1,0,0
1493,Finance,Junior,32,1.76,72.6,9.06,58,1,1,0
1494,Marketing,Senior,2,2.21,95.5,5.83,5,1,1,0
1495,Support,Junior,58,3.47,42.2,4.72,12,2,0,0
1496,Engineering,Mid,13,1.0,56.4,8.84,74,3,0,1
1497,HR,Mid,30,4.14,55.1,4.17,27,1,0,0
1498,Sales,Mid,54,1.96,35.1,8.33,66,3,0,0
1499,Engineering,Mid,50,3.57,40.5,5.62,3,3,0,1
1500,Sales,Senior,33,4.09,33.1,2.37,75,0,1,0
1501,Marketing,Mid,17,1.64,98.7,7.14,27,4,0,0
1502,Sales,Junior,3,4.48,99.8,4.66,79,1,0,0
1503,Marketing,Mid,21,3.21,62.3,3.7,64,1,0,0
1504,Sales,Junior,35,4.87,15.2,6.87,4,2,1,1
1505,Finance,Mid,51,4.94,72.7,7.52,67,1,0,1
1506,Engineering,Mid,33,3.53,41.7,1.17,4,0,0,0
1507,Finance,Junior,37,1.9,70.4,5.12,20,1,0,0
1508,HR,Mid,26,4.99,72.8,9.06,37,0,1,1
1509,HR,Junior,49,4.24,98.6,9.98,8,0,0,1
1510,Sales,Junior,25,4.91,4.3,6.04,23,1,0,1
1511,Support,Senior,41,3.52,50.0,6.27,26,0,1,1
1512,HR,Senior,56,3.06,69.5,2.74,51,0,0,0
1513,Sales,Mid,25,4.77,34.1,5.16,34,2,0,1
1514,HR,Senior,4,3.93,8.3,8.45,77,3,1,1
1515,Marketing,Senior,39,1.85,40.8,1.8,74,1,0,0
1516,Engineering,Junior,27,3.52,55.0,4.49,6,4,0,0
1517,Support,Junior,30,3.35,88.5,9.12,41,0,0,0
1518,HR,Junior,33,4.29,62.6,8.41,46,1,0,1
1519,Support,Mid,39,1.65,34.3,3.11,49,3,0,0
1520,HR,Mid,30,4.43,61.2,9.02,16,0,0,1
1521,Support,Junior,14,4.42,60.4,8.33,9,2,1,1
1522,Engineering,Senior,3,1.47,47.0,6.97,75,0,0,0
1523,Finance,Senior,19,1.47,86.4,3.63,54,0,0,0
1524,HR,Mid,48,2.65,63.1,9.59,76,0,1,1
1525,Finance,Junior,34,2.32,87.5,7.07,60,0,1,0
1526,Engineering,Mid,26,4.01,17.2,8.26,78,0,0,0
1527,Support,Mid,56,1.26,10.0,4.33,17,0,1,0
1528,Engineering,Junior,46,3.14,70.5,8.59,74,1,1,1
1529,Marketing,Junior,13,2.01,11.7,4.96,74,0,0,0
1530,Marketing,Mid,50,4.36,21.2,1.62,70,0,1,1
1531,Support,Senior,26,2.98,1.0,1.04,17,2,1,0
1532,HR,Junior,27,3.38,71.7,7.58,49,0,1,1
1533,Marketing,Senior,44,1.2,53.3,8.94,27,4,1,1
1534,Engineering,Junior,42,4.64,16.3,5.2,48,2,0,1
1535,HR,Junior,39,2.62,53.9,7.74,16,3,0,0
1536,Engineering,Senior,5,3.87,21.5,5.16,56,0,1,1
1537,Sales,Junior,33,1.86,58.9,2.12,36,0,0,0
1538,Marketing,Junior,17,3.01,81.6,1.38,34,1,1,0
1539,Marketing,Junior,25,4.2,23.6,9.86,44,1,0,1
1540,Marketing,Junior,33,2.32,43.5,1.18,34,2,0,0
1541,HR,Senior,19,2.28,63.6,7.16,73,0,0,1
1542,Support,Senior,27,3.61,21.2,8.87,6,0,0,0
1543,Marketing,Junior,56,1.78,86.9,8.29,61,1,1,1
1544,Sales,Senior,50,3.39,49.7,7.09,67,5,0,0
1545,Engineering,Junior,2,3.25,63.7,5.35,78,1,0,0
1546,Support,Mid,38,4.55,96.1,8.95,47,0,1,1
1547,Marketing,Senior,14,2.19,37.5,7.47,76,1,1,1
1548,Sales,Junior,1,1.7,15.7,8.27,31,3,0,0
1549,HR,Junior,45,2.74,76.5,4.36,5,2,0,0
1550,Marketing,Mid,53,3.27,18.8,5.9,75,1,1,1
1551,Finance,Senior,1,1.52,24.7,2.08,18,0,0,0
1552,HR,Junior,21,2.58,98.6,5.32,33,0,1,1
1553,Support,Junior,6,2.17,78.3,8.62,49,2,0,0
1554,Engineering,Mid,57,2.46,6.6,6.05,38,1,1,0
1555,Support,Junior,58,2.49,69.4,4.22,0,3,0,0
1556,Sales,Senior,39,2.06,91.6,3.64,16,1,0,0
1557,Finance,Mid,13,2.41,43.8,1.62,60,0,0,0
1558,HR,Senior,25,4.3,78.5,4.79,76,0,0,0
1559,Marketing,Senior,33,3.68,58.1,7.61,64,1,1,1
1560,Engineering,Junior,20,3.27,77.0,1.51,20,0,0,0
1561,Sales,Senior,22,3.24,64.4,5.18,62,0,0,0
1562,Support,Senior,2,3.16,90.6,1.9,36,2,0,0
1563,Sales,Mid,30,3.48,37.3,1.93,11,2,0,0
1564,Engineering,Senior,52,2.76,20.5,7.43,13,1,0,1
1565,HR,Senior,50,2.1,86.1,9.81,34,1,0,0
1566,Sales,Senior,57,2.6,3.2,2.52,78,1,0,0
1567,Finance,Junior,31,4.63,24.0,7.05,27,1,1,0
1568,Support,Junior,14,2.48,38.1,7.14,42,0,1,0
1569,Marketing,Senior,32,1.44,83.3,2.53,45,1,1,0
1570,Marketing,Mid,36,3.86,64.6,5.15,22,2,1,1
1571,Support,Senior,24,4.67,84.4,1.7,67,5,0,1
1572,HR,Junior,52,1.51,85.1,9.19,11,0,0,0
1573,Support,Junior,49,3.35,97.0,7.95,27,1,1,0
1574,HR,Junior,44,1.37,50.3,8.64,29,0,0,0
1575,Support,Mid,34,1.61,60.1,4.96,26,0,1,0
1576,Sales,Junior,35,2.96,61.9,3.66,14,1,0,1
1577,Support,Mid,52,2.35,98.0,4.16,23,0,1,0
1578,Support,Mid,45,2.27,60.5,3.51,11,0,1,0
1579,Engineering,Junior,45,2.34,60.5,2.34,43,1,1,0
1580,Finance,Mid,22,1.7,19.6,1.45,76,2,0,0
1581,Sales,Mid,24,1.96,15.9,4.52,31,0,0,0
1582,Support,Junior,21,1.64,82.7,6.0,21,0,0,0
1583,Finance,Junior,7,2.37,39.2,5.15,67,1,1,0
1584,Sales,Senior,45,1.02,67.7,4.61,26,0,1,0
1585,Sales,Mid,46,3.42,62.5,1.31,52,1,0,0
1586,Engineering,Mid,40,4.58,98.7,4.36,70,1,1,1
1587,HR,Junior,5,3.93,38.2,2.03,24,0,0,0
1588,Sales,Mid,19,3.47,25.2,7.24,59,0,0,0
1589,Finance,Mid,17,4.11,92.6,3.78,77,0,0,1
1590,Engineering,Senior,24,2.23,86.9,5.55,14,0,1,0
1591,Engineering,Senior,14,1.75,97.7,4.17,52,0,1,0
1592,Sales,Junior,41,1.23,7.4,5.69,54,2,1,0
1593,Finance,Mid,14,2.34,53.3,2.73,16,1,0,0
1594,Finance,Mid,4,2.88,9.9,1.73,49,0,0,0
1595,Marketing,Mid,29,2.97,41.4,3.19,28,0,1,0
1596,Marketing,Senior,51,1.18,43.1,3.22,54,1,0,0
1597,Marketing,Junior,43,3.0,95.7,3.15,13,0,0,0
1598,Sales,Junior,32,2.36,9.5,4.08,67,0,0,0
1599,Support,Mid,19,1.14,55.1,9.24,48,0,0,1
1600,Marketing,Senior,57,1.7,6.2,4.97,44,0,0,0
1601,Marketing,Junior,10,1.63,73.6,1.53,17,2,1,0
1602,Finance,Junior,9,1.17,94.4,7.81,27,1,1,0
1603,Marketing,Junior,37,1.69,82.8,9.79,27,0,0,1
1604,Engineering,Junior,7,3.78,40.6,3.27,15,1,1,1
1605,HR,Mid,38,4.29,66.4,1.09,66,0,1,0
1606,Sales,Mid,9,4.84,47.7,5.56,72,3,0,1
1607,Sales,Senior,28,4.41,9.7,8.54,6,2,1,1
1608,Marketing,Junior,13,4.43,34.8,9.5,69,0,0,1
1609,Engineering,Senior,30,1.76,12.5,6.83,62,0,1,0
1610,Sales,Junior,48,4.42,1.8,2.3,16,1,0,0
1611,Support,Junior,32,2.03,78.1,5.92,71,2,1,0
1612,HR,Junior,46,3.63,78.7,1.25,77,0,1,0
1613,Sales,Junior,28,2.28,97.0,1.56,5,2,0,0
1614,Support,Junior,6,4.19,33.9,3.39,28,1,1,0
1615,Engineering,Junior,6,4.26,10.7,5.81,23,0,1,0
1616,Engineering,Mid,8,4.51,30.8,1.56,22,0,1,0
1617,Marketing,Mid,29,3.83,24.1,9.93,17,3,0,0
1618,Support,Junior,56,4.17,10.6,6.3,20,0,1,1
1619,Finance,Senior,27,4.69,14.1,2.66,26,0,0,0
1620,Engineering,Senior,11,2.98,53.2,1.58,75,0,0,0
1621,Support,Mid,6,3.95,52.2,4.12,5,1,1,0
1622,Support,Junior,53,2.81,29.3,7.89,38,2,0,0
1623,Engineering,Junior,32,3.4,80.3,7.09,62,1,0,1
1624,Sales,Senior,50,2.65,81.5,1.53,54,2,0,1
1625,HR,Mid,35,3.11,36.8,2.6,1,0,0,0
1626,Sales,Senior,17,3.84,31.2,9.84,69,0,1,1
1627,Engineering,Junior,56,4.05,58.6,7.9,49,2,1,1
1628,Engineering,Senior,19,3.75,93.5,4.46,79,0,0,0
1629,Marketing,Junior,39,3.93,83.9,7.08,58,1,1,1
1630,Sales,Mid,3,4.93,30.8,5.82,67,1,0,1
1631,Sales,Mid,28,3.78,4.3,1.7,12,2,1,0
1632,Engineering,Mid,14,4.42,14.2,6.48,78,1,1,0
1633,Marketing,Mid,36,2.36,47.9,5.23,65,4,0,0
1634,Support,Mid,1,3.94,71.6,6.59,25,1,0,0
1635,Finance,Junior,1,3.45,11.9,9.47,66,1,0,1
1636,HR,Senior,9,4.8,44.0,1.31,66,2,0,0
1637,Marketing,Junior,26,1.25,15.4,2.78,36,0,0,0
1638,Marketing,Senior,51,4.19,71.2,2.68,43,0,0,0
1639,Support,Junior,44,2.91,12.0,9.56,67,2,0,1
1640,Sales,Senior,50,4.48,45.6,8.9,76,1,0,0
1641,HR,Mid,46,4.69,60.1,6.56,49,0,1,0
1642,Finance,Mid,21,4.5,76.4,6.76,56,3,1,1
1643,Marketing,Mid,44,1.26,17.2,3.66,79,1,0,0
1644,Engineering,Mid,40,4.97,31.1,7.34,28,3,0,1
1645,HR,Junior,58,3.74,30.3,8.05,25,0,0,0
1646,Marketing,Junior,39,2.32,39.0,4.82,4,1,0,0
1647,HR,Senior,20,4.07,33.6,1.56,10,0,1,0
1648,Marketing,Mid,7,1.25,99.8,5.32,28,2,1,0
1649,HR,Junior,3,1.46,51.1,9.05,42,2,1,0
1650,Marketing,Senior,48,4.02,37.3,8.48,14,1,1,1
1651,Marketing,Senior,4,2.03,68.1,7.62,14,3,1,0
1652,HR,Mid,48,3.88,64.5,2.28,52,1,1,1
1653,HR,Junior,53,3.6,47.5,7.26,13,2,0,0
1654,Finance,Mid,55,4.67,64.6,3.77,0,1,1,1
1655,Sales,Senior,15,3.35,99.6,5.5,47,1,0,0
1656,Support,Senior,18,3.0,23.3,1.71,47,0,0,0
1657,HR,Junior,10,3.38,92.8,2.38,39,3,0,1
1658,Sales,Junior,57,4.61,5.1,1.19,18,0,0,0
1659,Finance,Junior,33,4.8,74.9,3.19,68,2,0,1
1660,Finance,Senior,59,1.94,60.8,4.85,50,0,1,1
1661,Finance,Mid,47,4.37,88.2,1.49,66,0,1,1
1662,Support,Mid,41,3.39,21.8,8.96,79,1,0,1
1663,Finance,Mid,6,4.08,86.7,2.57,8,0,0,0
1664,Engineering,Junior,20,2.82,37.4,6.87,52,3,1,1
1665,HR,Junior,5,1.04,36.0,4.47,69,0,1,0
1666,Finance,Junior,47,1.63,51.7,6.59,75,1,0,1
1667,Engineering,Junior,47,1.64,22.8,1.23,44,0,0,0
1668,Support,Junior,45,4.46,77.0,1.9,32,0,0,0
1669,Support,Mid,56,2.02,32.1,7.67,24,1,1,0
1670,Engineering,Mid,35,4.01,49.4,2.02,11,0,0,0
1671,Support,Mid,38,2.29,93.6,4.99,28,2,0,1
1672,Support,Senior,42,4.24,14.2,5.02,9,0,0,0
1673,Engineering,Mid,10,4.53,16.4,8.24,67,1,0,0
1674,HR,Junior,15,1.35,75.3,2.07,54,0,0,0
1675,Marketing,Mid,23,1.52,53.4,5.02,58,2,0,0
1676,Support,Senior,3,4.75,39.7,1.66,78,0,1,1
1677,Sales,Mid,58,3.75,81.0,2.54,2,1,0,0
1678,Finance,Junior,13,3.29,58.4,6.67,32,1,1,1
1679,Support,Junior,4,1.71,24.5,7.58,67,0,0,0
1680,Sales,Junior,42,1.82,70.9,8.63,39,0,0,0
1681,Sales,Junior,31,1.03,60.2,3.11,76,0,0,0
1682,Finance,Junior,49,4.93,7.5,1.27,67,1,1,0
1683,Marketing,Junior,50,2.04,23.9,5.67,26,1,0,0
1684,Sales,Junior,25,4.19,88.3,8.35,67,0,0,0
1685,Sales,Junior,54,1.19,90.1,5.29,22,1,1,1
1686,Marketing,Mid,36,3.44,81.6,1.14,48,1,1,0
1687,Marketing,Senior,51,2.93,19.5,7.65,26,0,0,0
1688,HR,Junior,38,3.51,92.3,8.49,24,2,0,0
1689,HR,Senior,19,4.54,78.5,6.23,19,1,0,1
1690,Engineering,Junior,18,3.45,51.9,2.53,55,1,1,0
1691,Support,Senior,42,3.03,95.1,7.76,49,2,1,1
1692,Support,Senior,55,3.11,8.7,2.26,26,3,1,0
1693,Support,Junior,45,2.32,94.8,4.8,32,0,1,1
1694,Marketing,Mid,5,1.78,44.2,2.51,46,0,0,0
1695,HR,Mid,49,3.15,90.3,5.17,31,2,1,1
1696,Finance,Senior,25,3.22,7.1,5.2,35,0,0,0
1697,Support,Mid,53,4.41,72.8,2.08,56,1,0,0
1698,Finance,Senior,56,2.99,17.7,4.15,52,1,0,0
1699,Sales,Mid,36,3.12,20.8,7.13,12,0,1,0
1700,Engineering,Junior,27,2.62,27.1,5.51,33,0,1,1
1701,Marketing,Mid,29,3.84,6.4,9.82,43,0,1,0
1702,Engineering,Junior,35,3.6,86.3,2.26,21,3,0,1
1703,Sales,Junior,24,3.35,99.7,8.79,45,2,1,1
1704,Support,Junior,4,1.78,31.8,8.05,54,0,0,0
1705,Sales,Mid,41,4.09,86.2,9.33,8,1,0,1
1706,Finance,Mid,15,3.34,83.6,7.99,22,3,0,0
1707,Finance,Junior,40,4.35,65.0,7.34,5,2,0,1
1708,Sales,Junior,19,3.2,18.8,8.41,35,1,1,1
1709,Support,Junior,58,3.08,31.8,8.59,69,0,0,0
1710,Sales,Junior,43,1.07,55.8,3.62,17,2,1,0
1711,Support,Senior,6,3.64,25.0,6.08,69,0,1,0
1712,Support,Senior,11,4.51,97.6,6.06,21,1,1,1
1713,Support,Junior,22,4.93,93.7,3.56,53,1,1,0
1714,HR,Mid,48,3.8,83.3,1.9,4,1,1,0
1715,Engineering,Mid,1,2.14,88.0,9.65,7,0,0,0
1716,Support,Senior,46,3.79,69.4,2.7,16,2,0,1
1717,Support,Mid,59,4.43,15.4,9.15,62,3,0,1
1718,Finance,Junior,6,2.31,94.1,1.06,75,1,0,0
1719,Engineering,Mid,7,3.31,87.3,3.58,17,1,0,1
1720,HR,Junior,57,2.83,52.1,4.36,22,1,1,1
1721,Marketing,Senior,11,1.36,81.9,6.18,42,1,1,1
1722,Engineering,Mid,24,2.82,80.2,4.72,24,1,0,0
1723,Engineering,Mid,17,3.75,24.3,2.12,23,1,0,0
1724,Support,Mid,36,4.35,99.8,5.56,68,2,1,1
1725,Engineering,Junior,12,1.57,94.7,8.0,16,0,1,0
1726,Finance,Junior,32,4.7,44.6,4.59,47,0,0,0
1727,Engineering,Junior,11,4.05,89.6,2.29,16,1,1,0
1728,Sales,Junior,50,2.79,69.9,6.76,51,0,0,0
1729,Engineering,Senior,48,1.69,36.8,5.76,36,1,1,0
1730,HR,Mid,55,2.39,34.3,3.95,7,0,1,0
1731,Marketing,Junior,26,2.8,2.6,9.66,74,0,0,1
1732,Support,Junior,48,2.97,35.6,2.39,55,0,0,0
1733,Finance,Senior,38,2.52,9.6,8.23,46,0,1,0
1734,Finance,Junior,57,4.95,36.7,6.34,44,0,1,1
1735,HR,Junior,32,1.93,26.0,6.52,39,1,0,0
1736,HR,Senior,27,1.74,25.2,3.72,4,1,1,0
1737,HR,Senior,48,4.5,62.8,5.15,70,0,0,0
1738,Sales,Mid,21,3.86,40.9,4.05,29,3,0,1
1739,HR,Mid,16,1.93,86.1,1.57,40,1,1,1
1740,Sales,Senior,57,3.01,95.5,8.35,43,2,1,1
1741,HR,Junior,55,1.97,22.6,9.15,62,1,0,0
1742,Sales,Senior,37,1.45,22.4,5.31,10,0,1,0
1743,Finance,Senior,7,2.11,47.9,3.09,52,0,1,0
1744,Finance,Senior,23,3.66,12.6,4.43,5,1,1,0
1745,Engineering,Junior,19,3.28,97.4,3.8,5,1,0,0
1746,Marketing,Junior,25,2.13,2.9,7.41,29,1,0,0
1747,Engineering,Senior,29,2.28,78.4,8.81,43,1,0,1
1748,Marketing,Junior,59,4.12,46.3,5.97,18,1,0,0
1749,Marketing,Senior,34,2.91,40.5,9.89,50,0,0,1
1750,Support,Junior,37,4.06,5.5,4.12,23,0,1,0
1751,Support,Senior,39,2.73,72.8,3.36,51,0,1,0
1752,HR,Senior,7,4.2,92.5,7.81,12,0,1,1
1753,Sales,Senior,14,1.52,25.2,3.94,15,1,0,0
1754,Finance,Junior,6,2.13,5.3,4.12,28,1,1,0
1755,Marketing,Senior,19,1.2,77.3,1.43,28,2,1,0
1756,Sales,Mid,24,4.32,69.7,6.01,61,1,1,1
1757,Marketing,Junior,53,2.98,17.3,8.27,20,4,1,0
1758,Finance,Junior,19,3.77,19.9,4.99,29,1,0,1
1759,Support,Junior,15,4.76,77.2,6.04,65,1,0,1
1760,Engineering,Senior,6,2.01,34.8,7.47,58,0,1,0
1761,Support,Senior,32,2.34,28.0,6.72,35,0,1,1
1762,Sales,Senior,57,4.23,6.9,2.67,12,0,0,1
1763,Marketing,Junior,39,2.94,69.9,1.09,8,2,0,1
1764,Sales,Mid,4,3.95,78.6,3.36,46,1,0,0
1765,Engineering,Mid,40,2.11,64.5,6.69,8,3,1,1
1766,Sales,Senior,42,1.18,44.6,7.18,41,2,1,0
1767,HR,Senior,28,2.72,62.1,8.76,18,1,0,0
1768,Marketing,Senior,30,3.85,19.0,7.86,39,2,0,0
1769,Sales,Senior,49,2.92,24.5,2.92,38,3,0,0
1770,Sales,Mid,59,2.69,25.1,6.22,50,1,0,0
1771,Support,Junior,42,3.98,70.2,7.52,40,0,1,1
1772,Marketing,Senior,34,1.14,31.7,8.04,22,1,0,0
1773,Sales,Mid,57,4.91,83.4,4.38,57,1,0,1
1774,Engineering,Junior,12,4.13,11.8,1.39,58,3,0,0
1775,Engineering,Junior,42,1.55,0.6,6.68,28,0,1,0
1776,HR,Senior,43,2.56,43.8,8.25,47,2,0,1
1777,Sales,Mid,28,4.21,90.9,7.37,38,1,1,1
1778,Support,Senior,29,3.67,8.1,7.6,65,2,0,1
1779,Support,Senior,15,1.75,10.5,8.6,7,2,0,0
1780,Sales,Senior,56,3.71,71.7,8.4,64,2,0,1
1781,Support,Senior,32,2.25,81.9,5.2,43,4,0,0
1782,Engineering,Mid,59,1.97,28.8,4.39,77,2,0,0
1783,Marketing,Junior,17,1.82,37.8,4.95,21,3,1,0
1784,Support,Mid,59,3.09,92.5,5.0,30,1,0,0
1785,Support,Junior,1,2.66,4.1,7.64,18,2,0,0
1786,HR,Senior,28,2.65,94.5,8.04,42,1,0,0
1787,HR,Junior,2,4.34,31.0,7.26,10,2,0,0
1788,Finance,Senior,25,1.29,64.2,7.52,35,1,1,0
1789,Engineering,Senior,46,1.09,70.6,2.34,36,2,0,0
1790,Engineering,Junior,13,4.99,0.2,1.94,58,0,0,0
1791,Marketing,Junior,4,3.73,55.8,5.35,64,1,1,1
1792,Support,Junior,18,2.95,69.1,2.65,14,2,1,0
1793,Marketing,Senior,40,1.45,1.1,6.13,35,0,0,0
1794,Engineering,Mid,44,1.62,58.0,9.44,79,0,1,1
1795,Engineering,Senior,44,1.68,14.3,2.12,12,0,0,0
1796,Marketing,Senior,54,1.43,12.3,1.96,57,2,0,0
1797,Marketing,Junior,28,2.03,92.8,5.53,29,1,1,1
1798,Support,Junior,52,1.97,43.8,5.73,32,2,0,0
1799,Marketing,Mid,50,4.94,31.7,2.8,46,0,1,0
1800,Finance,Senior,3,2.78,24.0,2.84,13,1,1,0
1801,Marketing,Mid,58,2.2,17.9,9.81,17,0,1,0
1802,Support,Junior,20,2.89,5.4,1.62,18,1,0,0
1803,HR,Senior,8,3.09,70.3,1.44,20,3,1,1
1804,Marketing,Senior,10,4.28,3.6,8.75,56,1,0,1
1805,HR,Mid,31,2.25,27.1,8.76,29,0,1,1
1806,Marketing,Senior,15,3.29,47.7,9.3,67,0,1,1
1807,Support,Junior,2,1.21,28.7,5.56,64,0,0,0
1808,Marketing,Senior,12,4.24,25.2,9.87,57,0,1,1
1809,Sales,Junior,30,2.68,10.2,9.96,53,1,1,1
1810,Sales,Senior,10,4.16,94.7,5.6,27,3,1,1
1811,HR,Senior,30,1.61,29.8,6.64,2,0,1,0
1812,Finance,Junior,39,1.72,7.9,6.29,63,1,0,0
1813,Finance,Mid,32,2.64,40.4,4.84,19,0,0,0
1814,Marketing,Mid,31,2.38,46.1,6.36,20,1,0,0
1815,Engineering,Senior,8,2.3,75.5,8.95,64,0,0,0
1816,Sales,Mid,34,2.46,55.2,2.99,68,1,0,0
1817,Sales,Junior,59,4.4,69.6,4.77,45,1,0,1
1818,Support,Mid,52,2.51,26.5,9.01,18,0,0,0
1819,Sales,Mid,48,3.28,90.0,3.68,7,0,1,0
1820,Engineering,Mid,33,3.95,64.7,3.09,74,2,1,1
1821,Sales,Senior,17,3.53,85.8,2.71,45,3,1,0
1822,HR,Junior,53,4.17,59.3,8.17,48,2,1,1
1823,Marketing,Junior,19,1.95,17.4,2.3,56,0,0,0
1824,Finance,Junior,19,2.8,64.1,1.15,75,2,1,0
1825,Finance,Junior,2,4.31,39.6,2.03,0,0,1,0
1826,HR,Senior,3,4.29,17.1,1.63,9,0,1,0
1827,HR,Mid,52,2.41,69.8,3.03,22,1,0,0
1828,Finance,Junior,31,2.57,30.2,8.38,57,1,0,1
1829,Engineering,Mid,57,2.08,70.1,3.48,32,3,1,0
1830,Sales,Mid,10,1.14,35.6,7.09,18,1,0,0
1831,HR,Mid,29,2.58,38.3,8.99,34,0,0,0
1832,Support,Mid,42,3.2,88.9,8.16,22,1,1,1
1833,HR,Senior,24,2.65,91.2,7.73,7,2,0,1
1834,Sales,Mid,57,1.37,88.2,9.67,68,1,1,1
1835,Sales,Junior,56,1.3,56.6,7.67,35,0,0,0
1836,Support,Junior,20,4.76,57.9,1.67,28,2,0,0
1837,Finance,Junior,34,4.32,57.6,3.96,19,0,1,0
1838,Engineering,Mid,52,3.64,80.3,9.76,23,2,0,1
1839,Support,Mid,26,1.83,73.1,4.34,69,1,0,1
1840,Support,Mid,11,4.18,78.1,9.98,73,1,0,1
1841,Engineering,Junior,58,2.25,31.8,7.33,58,1,0,1
1842,HR,Junior,39,2.34,56.0,2.2,75,2,1,1
1843,Finance,Junior,14,3.47,65.9,8.2,31,0,0,0
1844,Finance,Mid,54,1.9,97.4,2.89,6,1,1,0
1845,HR,Mid,22,1.47,31.8,3.98,40,0,1,0
1846,Sales,Mid,59,2.31,55.9,4.43,58,1,0,0
1847,Support,Mid,16,2.21,2.2,7.67,19,0,0,0
1848,HR,Senior,17,1.57,43.8,1.83,69,0,0,0
1849,Finance,Senior,58,3.99,88.0,6.89,9,1,0,0
1850,Engineering,Mid,39,2.16,15.2,8.67,50,2,1,1
1851,HR,Junior,50,4.73,39.4,3.46,52,2,0,1
1852,Sales,Senior,21,3.49,72.8,8.57,56,0,0,1
1853,HR,Senior,56,1.99,60.0,8.07,46,2,0,0
1854,Finance,Mid,20,2.07,5.8,3.46,9,3,0,0
1855,HR,Mid,6,2.3,22.0,3.16,2,2,1,0
1856,HR,Junior,30,2.56,56.1,2.2,47,0,0,0
1857,Support,Senior,45,1.6,53.4,4.18,22,1,1,0
1858,Sales,Mid,48,3.87,39.7,5.36,73,1,0,0
1859,Sales,Senior,5,4.54,54.6,7.89,26,0,0,1
1860,Finance,Mid,27,4.91,42.8,8.14,55,1,1,1
1861,Engineering,Senior,28,2.57,54.0,1.46,53,1,0,0
1862,Support,Junior,49,1.55,90.4,8.05,4,0,0,1
1863,Engineering,Mid,59,4.9,27.0,6.82,3,2,0,1
1864,Finance,Mid,48,2.85,86.6,6.21,37,1,1,1
1865,Support,Mid,59,1.08,99.6,9.85,53,0,1,0
1866,HR,Junior,53,2.02,46.5,4.89,26,1,0,0
1867,Marketing,Mid,10,1.51,41.8,1.28,7,0,0,0
1868,Sales,Mid,23,2.6,84.5,4.16,53,0,0,0
1869,Marketing,Mid,28,2.78,7.7,8.24,51,0,1,1
1870,Marketing,Junior,44,4.49,90.1,6.48,56,0,0,1
1871,HR,Mid,37,1.18,75.8,3.61,33,0,1,0
1872,Finance,Mid,46,4.38,71.5,3.01,55,1,0,0
1873,HR,Junior,49,4.01,90.2,1.79,0,0,1,0
1874,Engineering,Senior,24,4.39,65.0,9.82,14,2,1,1
1875,Support,Junior,56,2.76,43.8,9.95,53,2,1,1
1876,Support,Senior,4,4.71,69.8,3.63,24,1,1,1
1877,Marketing,Senior,35,3.48,71.8,1.96,0,1,0,0
1878,Finance,Mid,15,3.33,59.9,8.41,69,1,1,1
1879,Sales,Mid,57,4.54,97.5,3.58,20,2,1,1
1880,Support,Junior,58,3.83,5.5,6.67,23,1,0,0
1881,Support,Junior,27,4.64,48.6,1.37,41,3,1,1
1882,Marketing,Mid,19,1.72,37.4,4.05,58,0,0,0
1883,Engineering,Mid,47,2.65,33.0,1.82,20,3,1,0
1884,Engineering,Junior,19,1.63,4.4,1.11,29,0,0,0
1885,HR,Senior,32,1.89,14.7,7.96,19,0,1,0
1886,Support,Senior,59,2.96,77.0,2.17,34,2,1,0
1887,Marketing,Mid,58,2.43,34.7,1.05,68,2,0,0
1888,Engineering,Junior,16,3.64,19.7,8.85,36,0,1,0
1889,Marketing,Mid,24,1.57,63.0,1.07,45,1,0,0
1890,Finance,Senior,25,1.05,4.6,3.75,33,0,1,0
1891,Sales,Mid,14,1.69,69.3,4.6,14,1,0,0
1892,Engineering,Mid,42,4.83,86.2,9.41,30,0,1,1
1893,Engineering,Senior,24,4.84,63.8,9.74,3,0,1,1
1894,Sales,Junior,34,1.17,24.5,9.54,18,1,1,0
1895,Marketing,Mid,46,1.54,89.2,8.24,69,2,1,1
1896,Marketing,Mid,38,2.88,57.4,7.53,12,0,0,0
1897,Engineering,Mid,12,1.17,64.1,9.94,4,2,0,1
1898,Engineering,Junior,38,2.62,70.7,4.39,18,0,0,0
1899,Marketing,Mid,40,4.1,11.0,1.78,55,0,0,0
1900,Support,Mid,35,2.21,8.0,4.49,22,2,1,0
1901,Engineering,Senior,3,1.43,28.4,1.07,29,2,1,0
1902,Marketing,Mid,44,4.82,54.6,4.1,3,0,1,0
1903,Support,Mid,15,4.08,20.6,4.71,27,0,0,0
1904,Sales,Senior,6,4.9,69.3,3.75,45,0,0,1
1905,Support,Senior,33,4.01,68.7,6.4,77,1,1,1
1906,Marketing,Junior,37,2.8,15.4,5.45,63,4,1,0
1907,HR,Senior,30,2.49,80.7,6.74,40,2,0,0
1908,Engineering,Junior,51,1.6,23.4,4.47,48,4,0,1
1909,Engineering,Senior,43,2.12,10.4,8.5,58,2,0,0
1910,Marketing,Junior,47,4.07,35.5,4.76,59,0,1,1
1911,Finance,Mid,56,2.62,2.7,1.31,53,1,1,0
1912,Support,Senior,58,3.21,27.1,2.88,27,1,0,0
1913,Engineering,Senior,58,1.98,24.1,5.76,77,2,1,0
1914,Sales,Mid,28,2.03,23.1,7.06,59,0,1,0
1915,Support,Junior,37,4.53,32.1,6.69,24,0,0,1
1916,Engineering,Senior,10,3.74,38.8,5.03,34,0,0,0
1917,Marketing,Senior,42,3.46,19.6,8.92,55,4,0,1
1918,Sales,Senior,59,2.69,79.7,3.22,60,1,0,0
1919,Sales,Senior,47,2.04,94.6,4.69,56,1,0,1
1920,Finance,Mid,19,2.04,1.7,3.11,39,0,0,0
1921,HR,Mid,19,2.33,6.3,7.93,8,0,0,0
1922,Sales,Mid,29,4.02,40.0,6.92,55,0,1,0
1923,Marketing,Senior,44,4.76,35.5,4.81,24,1,1,1
1924,Finance,Mid,37,1.91,73.8,3.42,77,1,0,0
1925,Engineering,Senior,32,4.31,34.6,7.35,25,1,0,0
1926,HR,Mid,55,3.44,99.4,9.57,30,0,1,1
1927,Sales,Mid,49,1.12,38.7,8.9,31,0,0,0
1928,Engineering,Senior,58,4.64,27.7,3.55,13,2,0,1
1929,Finance,Junior,41,4.38,57.7,2.18,16,0,0,1
1930,Finance,Mid,18,2.28,43.9,1.12,73,1,0,0
1931,Sales,Senior,39,3.42,28.7,4.05,8,0,1,1
1932,Support,Senior,37,1.33,19.2,9.16,45,0,1,1
1933,Engineering,Junior,1,4.14,89.5,9.28,70,0,1,1
1934,Marketing,Junior,3,2.98,94.2,8.94,67,1,0,1
1935,Marketing,Mid,57,1.68,46.0,2.43,73,0,0,0
1936,Support,Mid,58,1.22,75.1,3.85,62,3,0,0
1937,Support,Mid,36,1.85,79.9,1.96,40,1,1,0
1938,Sales,Senior,8,4.13,64.9,9.33,57,0,0,0
1939,Sales,Junior,19,4.13,29.3,7.28,23,0,0,0
1940,Finance,Senior,56,1.93,71.8,6.15,1,1,1,0
1941,Marketing,Junior,35,4.03,93.0,7.05,31,1,0,1
1942,Marketing,Junior,9,4.75,66.7,1.97,52,1,1,0
1943,Support,Mid,26,4.35,48.7,1.72,63,2,1,0
1944,HR,Senior,47,2.65,30.1,7.11,45,1,1,1
1945,Marketing,Senior,57,2.37,38.4,2.2,58,2,1,0
1946,HR,Senior,3,2.57,60.4,3.42,70,1,0,0
1947,Marketing,Junior,59,4.71,3.8,4.98,56,1,0,1
1948,Finance,Junior,22,4.31,35.5,7.14,24,2,1,1
1949,Support,Senior,21,2.44,24.7,7.27,11,1,0,0
1950,Support,Junior,11,3.09,72.0,3.16,54,2,0,0
1951,Marketing,Junior,29,4.96,2.7,8.8,36,1,0,1
1952,Support,Mid,54,3.54,54.0,5.08,16,1,0,0
1953,Finance,Senior,9,3.79,48.4,4.65,20,3,0,0
1954,HR,Mid,11,1.91,78.6,3.14,62,2,0,0
1955,Marketing,Junior,8,4.93,0.1,3.98,70,0,0,0
1956,HR,Senior,20,2.17,80.8,5.72,74,2,1,1
1957,HR,Mid,58,1.53,84.0,2.9,12,1,0,0
1958,Marketing,Junior,24,2.35,45.3,6.6,32,1,1,0
1959,Marketing,Mid,4,1.36,44.7,4.89,60,0,0,0
1960,Support,Mid,48,3.0,60.7,7.08,32,2,0,0
1961,Engineering,Junior,19,2.7,88.4,9.8,7,3,0,1
1962,Engineering,Senior,11,4.71,30.8,8.7,57,2,0,1
1963,Support,Senior,39,1.77,44.7,6.64,20,2,0,0
1964,HR,Junior,29,2.1,3.3,9.85,64,1,0,0
1965,Engineering,Senior,43,4.78,68.8,1.96,68,2,0,0
1966,Engineering,Mid,30,3.33,16.4,1.78,37,1,1,0
1967,Sales,Junior,37,1.47,86.7,7.09,60,0,1,0
1968,Finance,Mid,4,3.81,92.1,6.32,13,1,1,1
1969,HR,Senior,6,4.5,67.2,3.29,5,0,0,0
1970,Sales,Mid,40,2.43,5.2,9.35,9,0,0,0
1971,Engineering,Junior,6,3.35,26.3,3.1,48,0,0,0
1972,Engineering,Mid,41,4.67,68.6,7.31,51,3,1,1
1973,Support,Junior,17,3.05,26.4,6.44,13,0,0,0
1974,Sales,Mid,11,4.01,55.9,1.72,19,0,0,0
1975,Finance,Junior,49,3.63,31.8,7.74,5,3,0,0
1976,Marketing,Senior,25,4.19,11.7,7.48,38,2,0,1
1977,Sales,Junior,54,2.08,33.2,2.99,44,1,1,0
1978,Sales,Mid,19,2.48,78.1,2.8,45,1,0,0
1979,Sales,Senior,28,4.51,94.6,5.41,64,1,0,0
1980,Finance,Junior,42,2.57,31.4,3.84,50,2,1,0
1981,Engineering,Mid,39,1.9,98.4,6.8,2,2,1,0
1982,Marketing,Junior,46,2.59,67.0,1.2,34,2,1,0
1983,Support,Junior,21,4.42,22.8,1.73,16,0,0,0
1984,Engineering,Mid,1,4.94,83.5,1.76,49,0,1,1
1985,Support,Mid,44,3.95,49.0,3.48,51,0,0,0
1986,Marketing,Mid,2,2.47,9.6,6.17,64,2,1,0
1987,HR,Junior,40,3.81,0.2,9.86,77,1,0,1
1988,Support,Senior,34,4.13,4.2,2.2,37,0,0,0
1989,Sales,Mid,53,2.33,21.8,7.89,48,0,0,0
1990,HR,Mid,49,3.2,75.0,2.12,1,2,1,0
1991,Marketing,Mid,29,2.24,26.3,8.13,20,1,0,0
1992,Engineering,Senior,51,4.2,33.3,2.5,16,2,1,0
1993,Sales,Mid,27,1.01,77.3,1.98,45,1,0,0
1994,Marketing,Mid,35,1.14,5.2,1.64,8,3,0,0
1995,Sales,Senior,20,4.64,46.5,6.22,72,0,0,0
1996,Finance,Junior,16,2.36,7.7,4.51,66,0,0,0
1997,HR,Senior,4,3.02,44.6,3.13,2,1,0,0
1998,Marketing,Senior,21,1.72,30.1,8.1,42,0,1,1
1999,Support,Senior,33,1.88,7.4,4.68,0,1,0,0
2000,Marketing,Mid,50,1.93,79.5,4.18,43,1,1,1
2001,Engineering,Senior,6,3.98,73.5,6.26,12,2,0,0
2002,HR,Junior,43,4.73,38.0,8.83,44,3,1,1
2003,Engineering,Junior,6,4.75,82.8,2.89,51,0,0,0
2004,Marketing,Mid,44,4.74,43.9,7.26,79,0,0,1
2005,Engineering,Junior,27,2.5,13.4,5.54,58,0,1,0
2006,Finance,Senior,2,3.09,84.0,5.16,9,0,0,1
2007,Sales,Junior,23,2.8,0.9,8.93,42,2,1,1
2008,Sales,Senior,20,3.22,46.2,5.75,41,0,0,0
2009,Finance,Junior,41,1.78,9.2,3.25,12,0,0,0
2010,Engineering,Mid,58,2.47,20.6,1.33,30,2,0,0
2011,Sales,Senior,9,1.16,84.5,7.18,31,0,0,0
2012,Finance,Junior,7,2.09,9.2,3.44,19,0,0,0
2013,HR,Mid,15,3.78,71.8,6.19,20,0,0,0
2014,Support,Junior,49,3.36,84.3,4.28,25,2,0,0
2015,Marketing,Junior,15,1.25,68.0,3.36,8,1,0,0
2016,Engineering,Senior,41,4.34,9.0,2.13,11,1,0,0
2017,Marketing,Senior,47,2.06,78.9,4.53,2,0,1,0
2018,Engineering,Mid,38,1.44,77.9,6.79,70,1,1,0
2019,Sales,Mid,27,2.23,91.4,9.89,46,2,0,1
2020,Finance,Senior,4,3.92,43.5,5.43,44,5,0,0
2021,Support,Junior,21,4.75,49.7,9.09,65,1,0,0
2022,Support,Junior,29,3.76,68.7,4.31,55,1,1,1
2023,Support,Mid,9,1.88,23.3,7.66,8,0,1,0
2024,Sales,Mid,9,3.03,10.5,3.9,29,0,0,0
2025,HR,Senior,26,3.2,18.4,4.5,14,2,0,0
2026,Support,Senior,7,3.56,56.1,6.69,64,1,0,1
2027,HR,Junior,57,1.29,9.3,6.64,21,1,0,0
2028,Finance,Senior,34,3.31,18.7,8.34,69,1,1,1
2029,Sales,Senior,9,1.45,43.0,5.11,1,2,0,0
2030,Sales,Junior,8,2.11,84.2,2.3,75,0,0,0
2031,HR,Junior,20,1.37,69.3,6.02,4,0,0,0
2032,HR,Mid,37,1.15,45.9,3.95,63,0,1,0
2033,Sales,Senior,40,2.89,9.0,5.39,74,0,1,0
2034,Finance,Junior,50,2.11,22.1,5.19,40,0,0,0
2035,Engineering,Senior,30,2.77,88.1,7.34,58,3,1,0
2036,Engineering,Senior,49,3.33,89.4,1.4,10,1,0,0
2037,Marketing,Junior,41,1.62,23.4,4.63,54,0,0,0
2038,Support,Senior,51,1.86,15.6,4.09,65,0,1,0
2039,HR,Senior,30,3.99,85.4,7.42,61,1,0,1
2040,Support,Mid,1,3.05,68.6,9.54,18,1,0,0
2041,Support,Junior,9,1.6,4.6,6.52,60,1,0,0
2042,Engineering,Mid,31,4.45,71.8,5.24,21,1,0,0
2043,HR,Junior,9,4.04,60.2,8.06,58,0,1,1
2044,Finance,Senior,12,4.6,97.1,9.97,54,1,0,1
2045,HR,Junior,41,3.68,6.7,9.78,19,1,0,0
2046,Marketing,Senior,38,1.67,13.4,2.2,62,1,0,0
2047,Engineering,Mid,44,1.0,31.8,1.04,31,3,1,0
2048,Engineering,Mid,57,3.32,45.7,6.11,25,1,0,1
2049,Sales,Mid,26,2.66,94.2,4.98,27,0,0,0
2050,Support,Junior,14,3.77,25.0,5.53,21,4,0,1
2051,Support,Senior,37,1.15,3.5,7.73,11,3,0,0
2052,Finance,Mid,15,1.66,65.8,1.82,70,1,0,0
2053,Sales,Mid,55,1.14,54.7,2.21,43,1,0,0
2054,HR,Junior,19,1.12,7.2,7.37,48,1,1,0
2055,HR,Junior,53,3.92,64.7,9.85,9,1,0,1
2056,Sales,Junior,58,2.65,38.6,7.0,65,1,0,0
2057,HR,Senior,26,4.43,86.7,1.49,78,0,1,1
2058,Sales,Mid,16,2.34,24.3,2.61,1,0,0,0
2059,HR,Senior,48,3.87,38.6,9.83,30,0,0,0
2060,Sales,Mid,3,3.91,83.2,9.87,78,2,0,1
2061,Support,Mid,28,3.04,5.9,1.31,5,1,0,0
2062,Sales,Mid,9,4.68,24.8,1.24,66,0,0,0
2063,Support,Junior,4,1.51,69.1,4.23,30,1,0,0
2064,Sales,Senior,15,2.97,18.2,6.62,21,2,1,0
2065,Finance,Senior,1,4.33,82.3,8.7,74,0,0,1
2066,Support,Junior,14,2.6,65.9,3.79,4,1,0,0
2067,Marketing,Junior,49,3.91,48.1,9.64,46,0,1,1
2068,Engineering,Mid,35,2.67,96.2,6.98,6,1,0,0
2069,Support,Junior,8,1.12,1.5,2.45,68,0,1,0
2070,Sales,Mid,6,2.01,49.3,5.39,12,0,0,0
2071,Engineering,Senior,36,2.84,94.8,5.46,69,0,0,0
2072,Finance,Mid,14,3.98,42.7,2.52,60,1,1,1
2073,Finance,Senior,38,1.11,46.4,2.56,23,2,0,0
2074,Engineering,Junior,50,1.64,20.0,9.28,7,0,0,0
2075,Sales,Mid,2,2.21,64.1,1.63,59,1,0,0
2076,HR,Junior,35,3.49,12.7,4.3,33,3,0,0
2077,Marketing,Senior,45,2.78,28.0,3.76,0,0,0,0
2078,Sales,Junior,2,1.82,80.6,7.51,18,1,0,0
2079,Marketing,Mid,24,3.48,21.8,2.44,74,1,0,0
2080,Support,Junior,27,3.93,22.2,1.47,22,0,0,0
2081,Engineering,Senior,29,1.6,7.2,4.15,60,0,1,0
2082,Marketing,Mid,16,1.34,92.7,4.33,77,1,0,0
2083,Sales,Senior,52,4.83,50.4,5.27,67,0,1,1
2084,Support,Mid,58,4.2,36.2,6.97,32,0,0,1
2085,Support,Junior,4,3.21,1.9,7.65,54,0,1,0
2086,Marketing,Mid,46,3.21,27.2,4.32,35,0,1,1
2087,Sales,Mid,47,4.35,71.6,6.74,66,0,0,0
2088,Marketing,Junior,45,3.33,74.0,5.39,62,1,0,1
2089,Sales,Mid,2,4.86,28.2,1.09,28,0,0,0
2090,Support,Mid,40,4.0,41.8,8.94,64,2,0,1
2091,Engineering,Junior,26,4.58,93.6,6.16,23,0,0,1
2092,Marketing,Senior,35,2.9,87.4,4.93,25,2,1,0
2093,Engineering,Senior,22,2.47,28.4,4.98,3,1,0,0
2094,Support,Junior,20,3.14,13.7,5.15,74,3,1,1
2095,HR,Senior,13,4.48,71.4,6.04,47,1,1,0
2096,HR,Senior,24,4.87,77.1,3.32,26,0,0,1
2097,Finance,Senior,37,3.9,55.7,6.67,64,2,0,1
2098,Sales,Junior,56,1.69,2.3,7.74,36,0,0,0
2099,Sales,Junior,18,4.49,71.5,3.92,78,0,1,1
2100,HR,Mid,54,4.42,26.7,3.29,57,0,1,0
2101,Sales,Junior,42,3.89,46.6,6.42,10,1,1,0
2102,Finance,Senior,49,3.17,49.7,8.64,9,3,1,1
2103,Support,Senior,38,3.18,49.6,4.18,26,0,0,0
2104,Finance,Mid,41,4.04,88.3,9.82,60,0,0,1
2105,Marketing,Senior,53,3.2,93.9,6.18,18,1,0,0
2106,Sales,Senior,31,2.45,88.1,3.53,77,2,0,0
2107,Engineering,Senior,14,4.58,97.1,3.88,26,1,0,1
2108,Engineering,Mid,3,1.1,18.1,5.56,58,2,1,0
2109,Marketing,Junior,25,3.09,54.2,4.63,61,1,1,1
2110,Marketing,Senior,34,2.95,90.3,6.03,39,2,1,0
2111,Sales,Senior,4,2.33,64.8,1.26,18,1,0,0
2112,Engineering,Mid,16,1.79,85.4,8.92,56,0,0,0
2113,HR,Senior,51,2.41,51.8,8.4,49,1,0,1
2114,Support,Mid,41,3.6,17.4,6.46,22,3,1,0
2115,Support,Junior,56,2.19,54.0,4.06,63,1,0,0
2116,Engineering,Mid,2,2.95,16.0,9.82,57,0,1,1
2117,Engineering,Junior,38,3.17,97.6,8.85,76,1,0,1
2118,Support,Junior,22,2.44,62.4,6.78,64,1,0,1
2119,Sales,Senior,47,2.75,72.5,5.41,76,1,1,1
2120,Support,Senior,1,3.46,65.0,3.76,1,2,0,0
2121,Finance,Senior,57,1.84,36.8,2.54,29,0,0,0
2122,Finance,Senior,14,2.95,48.7,3.5,54,1,1,1
2123,Sales,Senior,18,3.13,59.0,1.23,20,0,0,0
2124,Sales,Junior,35,4.31,85.2,9.53,75,0,0,1
2125,Engineering,Mid,4,2.11,1.0,7.77,10,0,1,0
2126,HR,Mid,45,4.21,65.0,4.06,30,0,0,1
2127,Marketing,Mid,3,3.75,90.5,4.75,18,2,0,0
2128,Sales,Senior,34,4.35,68.1,8.41,75,2,1,1
2129,Engineering,Junior,49,3.8,64.9,2.49,79,3,0,0
2130,Sales,Junior,42,1.89,15.8,5.93,69,0,0,0
2131,Finance,Mid,26,3.17,99.4,2.13,73,2,0,1
2132,Finance,Mid,18,4.25,28.0,5.35,48,2,0,0
2133,Finance,Junior,3,2.85,32.8,4.01,66,0,0,0
2134,Support,Senior,25,3.77,57.9,7.21,10,0,0,0
2135,Marketing,Junior,9,3.35,77.7,3.26,39,2,1,1
2136,Engineering,Senior,40,2.55,58.7,7.76,52,1,0,0
2137,Engineering,Junior,58,2.51,16.7,2.95,69,1,0,0
2138,Finance,Mid,47,2.14,48.5,6.85,65,0,0,0
2139,Marketing,Junior,5,1.06,43.9,7.53,43,0,0,1
2140,Sales,Mid,16,2.38,5.9,7.48,59,0,1,0
2141,Support,Junior,29,4.25,76.1,1.09,74,1,0,0
2142,Support,Senior,59,4.29,20.0,6.78,18,0,0,0
2143,Finance,Junior,5,2.39,65.5,2.46,55,1,1,0
2144,Engineering,Junior,45,3.11,57.8,3.89,56,1,0,1
2145,Finance,Junior,25,3.64,4.4,6.19,41,1,1,0
2146,Marketing,Junior,34,2.36,79.3,4.93,77,5,0,0
2147,Marketing,Mid,45,2.78,41.3,8.83,69,1,1,0
2148,Support,Senior,24,3.35,28.1,1.7,36,1,1,1
2149,Finance,Senior,9,2.15,56.7,4.13,46,1,0,0
2150,Marketing,Senior,56,2.64,10.0,5.19,23,1,0,0
2151,HR,Senior,3,1.37,25.9,3.77,40,2,0,0
2152,Support,Junior,59,4.51,83.1,9.33,60,1,0,1
2153,HR,Junior,15,3.79,0.9,3.8,76,3,0,0
2154,Engineering,Mid,27,2.78,24.8,9.38,67,0,0,0
2155,Marketing,Senior,16,1.76,87.5,3.72,40,1,0,0
2156,Finance,Senior,46,3.14,73.2,3.64,38,1,1,0
2157,Support,Junior,53,3.49,69.6,9.45,8,1,0,1
2158,Marketing,Senior,50,3.59,93.5,9.34,39,1,0,1
2159,HR,Senior,16,2.78,2.8,4.41,20,0,0,0
2160,HR,Senior,33,1.91,98.4,3.01,23,1,1,0
2161,Finance,Senior,47,1.48,65.0,4.39,3,0,0,0
2162,Sales,Mid,39,4.25,66.7,4.7,34,0,0,0
2163,HR,Junior,29,1.81,90.4,9.11,23,0,0,1
2164,Engineering,Senior,25,3.7,42.1,5.46,44,3,1,0
2165,Support,Senior,14,2.92,7.5,4.19,9,0,1,0
2166,Sales,Junior,7,4.64,3.3,6.3,5,1,0,0
2167,Marketing,Junior,17,2.55,77.6,7.46,49,1,0,0
2168,HR,Senior,18,3.97,49.2,1.89,29,0,0,1
2169,HR,Senior,5,3.88,74.5,8.69,19,0,0,0
2170,Engineering,Mid,24,4.44,98.0,2.57,38,0,0,0
2171,Support,Senior,42,4.31,9.8,5.43,24,0,0,0
2172,HR,Junior,29,1.39,25.1,9.41,66,2,0,1
2173,Support,Mid,52,4.99,31.5,2.18,57,2,0,0
2174,Support,Junior,35,2.12,8.9,6.2,67,2,1,1
2175,Marketing,Senior,3,4.48,1.1,9.59,77,0,1,1
2176,Support,Mid,15,1.3,68.9,4.49,77,0,0,0
2177,Finance,Junior,27,4.87,1.4,7.65,3,1,0,0
2178,Finance,Mid,46,2.77,78.8,3.0,23,0,1,0
2179,Sales,Mid,24,1.92,7.7,2.06,15,0,0,0
2180,Sales,Senior,40,1.58,15.2,1.85,23,2,1,1
2181,Engineering,Junior,20,4.4,80.9,2.8,16,0,0,1
2182,HR,Mid,45,1.05,90.6,7.14,38,1,1,0
2183,Finance,Junior,17,2.62,93.7,5.89,56,0,0,0
2184,Finance,Senior,47,4.11,94.7,7.83,41,1,1,1
2185,Sales,Junior,38,4.89,90.2,1.57,51,0,1,1
2186,HR,Senior,28,4.23,43.4,2.31,66,2,0,1
2187,Finance,Senior,40,1.36,66.0,2.11,13,1,0,0
2188,HR,Mid,23,2.49,79.1,6.59,14,0,0,0
2189,HR,Senior,55,2.39,67.0,3.85,0,1,1,0
2190,HR,Senior,58,2.45,15.8,3.25,39,1,1,0
2191,Engineering,Junior,25,4.46,13.7,3.76,79,1,0,0
2192,HR,Senior,46,1.57,4.2,6.02,63,1,0,0
2193,Engineering,Junior,19,4.45,18.2,3.59,10,0,0,0
2194,Finance,Mid,41,2.07,29.4,7.49,50,0,1,1
2195,HR,Senior,12,1.86,13.7,3.36,79,1,1,0
2196,Support,Senior,57,2.75,34.6,1.58,40,2,1,0
2197,HR,Senior,45,4.56,19.5,8.3,6,2,1,1
2198,Finance,Junior,27,4.99,57.4,1.89,49,0,1,1
2199,Engineering,Senior,50,3.01,22.4,1.85,35,1,0,0
2200,HR,Senior,41,2.55,81.0,2.46,20,0,0,0
2201,HR,Senior,17,4.08,90.9,2.86,15,0,1,0
2202,Engineering,Junior,1,3.07,47.2,7.71,25,2,0,1
2203,HR,Junior,18,3.65,7.3,8.64,31,3,1,0
2204,Finance,Mid,31,1.74,69.0,8.33,73,1,1,0
2205,Support,Senior,1,3.61,62.5,2.63,65,0,0,1
2206,Sales,Mid,4,2.07,19.9,6.27,75,2,1,0
2207,Sales,Mid,23,2.05,79.3,9.71,74,2,1,1
2208,Marketing,Junior,43,4.72,19.7,1.01,49,2,1,1
2209,HR,Mid,59,2.99,25.7,9.09,50,3,1,1
2210,Marketing,Mid,25,1.82,71.4,3.88,6,1,0,0
2211,Support,Junior,45,4.52,54.6,5.9,50,4,0,0
2212,Marketing,Senior,6,2.97,48.1,9.34,72,4,0,0
2213,Finance,Senior,43,1.06,84.5,6.03,26,2,0,1
2214,HR,Senior,11,2.69,92.9,3.49,10,1,0,1
2215,Finance,Senior,44,4.27,30.2,1.94,38,0,0,0
2216,Sales,Senior,5,1.65,70.7,3.7,33,1,1,0
2217,Marketing,Mid,3,2.61,62.7,4.15,24,1,1,0
2218,Engineering,Senior,30,3.79,81.3,5.2,72,1,0,0
2219,Finance,Junior,37,2.96,73.0,4.34,0,0,0,0
2220,Engineering,Mid,55,3.96,28.6,1.76,17,0,0,0
2221,Marketing,Mid,18,1.87,36.1,9.1,33,0,0,0
2222,Engineering,Senior,2,4.4,81.9,3.95,3,3,0,1
2223,Sales,Mid,16,2.47,10.6,6.25,49,1,1,0
2224,Support,Mid,58,2.27,30.7,5.92,6,0,0,0
2225,Support,Senior,42,2.61,26.5,2.05,73,1,0,0
2226,HR,Junior,15,2.7,93.8,7.3,56,2,1,1
2227,HR,Mid,43,4.67,9.5,3.58,74,3,1,1
2228,Finance,Mid,37,4.93,58.6,5.26,48,0,0,1
2229,Finance,Junior,5,2.18,73.5,4.17,10,1,0,0
2230,Marketing,Mid,59,1.86,42.9,8.0,34,1,1,1
2231,Finance,Junior,47,1.77,7.4,5.65,43,2,0,0
2232,Finance,Junior,7,3.54,88.7,7.17,76,1,0,1
2233,HR,Senior,33,4.83,98.0,2.37,43,2,0,1
2234,Finance,Junior,57,1.09,9.5,9.48,15,0,0,0
2235,HR,Senior,5,2.01,94.5,1.25,12,3,1,0
2236,Finance,Senior,20,4.54,21.3,3.16,57,1,0,1
2237,Sales,Senior,2,3.88,41.8,5.83,66,1,1,0
2238,Finance,Mid,30,1.94,78.6,7.91,48,0,0,0
2239,Finance,Senior,10,4.05,96.9,5.25,60,0,1,1
2240,HR,Senior,32,1.77,22.2,7.33,46,1,1,0
2241,Marketing,Junior,34,4.66,92.8,6.95,22,0,0,1
2242,HR,Junior,35,1.08,8.2,7.4,39,0,0,0
2243,HR,Junior,28,3.1,62.2,9.18,66,0,0,1
2244,Engineering,Senior,21,4.87,93.1,4.97,79,0,0,1
2245,Support,Senior,15,4.52,53.6,2.92,57,0,0,1
2246,HR,Junior,57,4.57,53.8,8.31,73,0,0,1
2247,Marketing,Junior,52,1.53,45.5,4.35,66,2,1,1
2248,Sales,Junior,59,4.6,52.0,3.13,33,0,0,0
2249,Finance,Mid,57,2.59,26.6,1.34,34,2,1,0
2250,Support,Mid,24,2.83,27.4,9.2,18,0,1,1
2251,Support,Senior,26,3.64,74.8,7.12,21,1,1,0
2252,Sales,Junior,44,4.34,25.8,4.6,76,1,1,0
2253,Support,Junior,12,4.36,20.8,2.85,7,0,0,1
2254,Engineering,Junior,10,3.99,55.0,9.4,69,1,0,0
2255,Sales,Mid,24,4.94,53.7,2.54,66,1,0,0
2256,Sales,Junior,4,1.43,4.2,5.69,46,0,1,0
2257,Finance,Senior,20,1.56,70.3,2.89,50,1,0,0
2258,Sales,Senior,28,4.78,12.7,7.93,49,1,1,1
2259,Sales,Junior,24,3.21,75.0,5.25,3,0,0,1
2260,Marketing,Junior,42,1.05,48.0,2.65,60,0,0,0
2261,Finance,Junior,1,3.47,24.9,2.28,42,2,1,0
2262,Support,Senior,14,2.85,34.3,1.03,39,0,1,0
2263,Finance,Junior,22,4.83,51.6,6.43,54,2,1,1
2264,Engineering,Mid,7,4.32,40.6,5.56,30,0,0,0
2265,Marketing,Senior,54,3.17,62.9,2.87,53,2,1,0
2266,Marketing,Junior,47,4.4,2.6,1.14,18,1,0,0
2267,Finance,Senior,22,2.9,43.7,8.42,69,2,0,1
2268,Finance,Senior,23,4.96,33.2,8.4,55,0,0,1
2269,Finance,Senior,18,4.43,73.7,5.94,66,0,0,0
2270,Sales,Junior,49,4.62,63.1,1.66,53,1,1,1
2271,Sales,Mid,59,1.18,10.8,1.93,42,0,0,0
2272,Support,Junior,6,3.71,8.9,2.28,54,2,1,0
2273,HR,Junior,4,4.29,58.6,7.41,61,1,0,0
2274,Marketing,Mid,3,2.55,93.3,9.94,48,4,1,1
2275,Engineering,Senior,10,2.69,67.9,1.97,9,2,1,0
2276,Marketing,Senior,57,4.36,66.6,4.72,60,1,0,0
2277,Sales,Junior,30,2.34,48.4,5.73,69,0,1,1
2278,Finance,Junior,12,1.66,22.2,8.56,58,0,1,0
2279,Sales,Senior,1,4.36,11.4,7.46,25,3,0,0
2280,HR,Senior,2,2.12,18.7,8.4,12,1,1,0
2281,Engineering,Junior,17,3.89,98.6,9.02,34,1,0,1
2282,Marketing,Senior,9,1.14,77.3,6.54,75,1,0,0
2283,Marketing,Senior,53,3.45,7.6,8.49,54,1,0,1
2284,HR,Junior,24,4.94,29.0,5.41,13,4,0,0
2285,Sales,Junior,54,4.93,73.5,1.48,14,1,1,1
2286,Support,Mid,54,2.6,29.5,2.96,16,1,0,0
2287,Engineering,Mid,25,2.88,17.1,9.62,45,1,0,0
2288,Engineering,Senior,1,2.36,92.0,4.53,1,0,0,0
2289,HR,Mid,53,3.26,58.2,5.54,2,0,0,0
2290,Engineering,Senior,52,3.41,1.4,9.72,77,4,0,1
2291,Finance,Junior,44,3.58,11.1,7.27,9,0,0,0
2292,Sales,Mid,45,4.91,42.1,4.69,63,2,0,1
2293,HR,Junior,5,4.66,67.8,7.18,78,1,1,1
2294,Sales,Senior,2,4.58,81.2,5.94,15,1,0,1
2295,Engineering,Junior,26,1.96,26.2,9.64,27,1,1,1
2296,Sales,Junior,36,3.24,82.7,1.1,50,0,1,0
2297,HR,Junior,10,1.89,19.2,5.39,50,0,1,0
2298,HR,Mid,49,3.3,14.9,7.24,33,0,1,0
2299,Sales,Senior,42,1.51,81.7,5.96,54,1,1,0
2300,Finance,Senior,48,3.16,26.2,3.83,34,0,0,0
2301,HR,Junior,5,4.0,57.6,6.33,68,0,0,1
2302,Marketing,Junior,7,4.06,74.5,1.23,62,1,0,0
2303,Support,Junior,47,1.32,21.4,7.78,46,0,0,0
2304,HR,Junior,51,2.97,51.9,6.99,21,1,0,1
2305,Marketing,Junior,43,2.34,99.7,4.1,25,2,0,0
2306,Engineering,Senior,56,1.27,1.6,9.01,47,1,1,0
2307,Marketing,Mid,9,2.65,21.3,7.58,60,1,1,1
2308,Engineering,Senior,5,4.74,91.1,3.11,10,0,1,0
2309,Engineering,Mid,59,1.29,68.2,4.25,11,0,0,0
2310,Sales,Mid,24,1.89,69.3,1.6,46,1,1,0
2311,Sales,Mid,18,3.43,40.1,7.34,55,1,1,0
2312,Engineering,Mid,4,3.07,23.7,2.89,51,1,1,0
2313,Marketing,Mid,48,2.2,14.3,5.0,49,1,0,0
2314,HR,Junior,51,3.33,31.3,5.15,46,2,1,1
2315,Support,Senior,12,4.06,62.9,4.05,14,1,1,0
2316,HR,Mid,58,3.14,98.0,7.1,75,1,1,1
2317,Sales,Senior,42,2.96,75.3,9.74,49,2,0,0
2318,Support,Mid,7,2.91,67.6,2.07,69,0,0,0
2319,Sales,Senior,19,1.45,2.8,6.0,35,0,0,0
2320,Support,Senior,4,1.87,95.9,2.34,68,0,1,0
2321,Support,Senior,27,3.74,75.0,3.0,13,1,0,0
2322,Finance,Junior,42,1.65,45.2,5.12,12,0,1,0
2323,Marketing,Senior,6,1.72,32.2,2.53,77,1,1,0
2324,Marketing,Mid,32,2.45,18.6,2.19,47,0,1,0
2325,Finance,Junior,34,4.36,74.0,6.67,29,2,0,1
2326,Marketing,Junior,27,4.02,10.9,7.35,10,0,1,1
2327,Engineering,Mid,2,2.72,57.6,8.94,59,0,1,1
2328,Sales,Senior,19,4.46,46.3,3.73,46,0,1,1
2329,HR,Senior,28,4.39,41.2,8.77,58,0,0,0
2330,HR,Junior,34,4.24,19.9,1.11,38,1,1,0
2331,Sales,Junior,40,3.39,62.1,4.08,60,3,0,0
2332,Marketing,Mid,18,1.77,96.6,3.23,45,0,1,0
2333,HR,Mid,43,3.51,40.5,4.05,45,0,1,0
2334,Marketing,Senior,36,1.23,81.1,7.57,6,1,1,1
2335,Sales,Junior,51,3.95,76.3,9.31,24,0,1,1
2336,Engineering,Senior,43,1.81,31.8,3.36,11,0,1,0
2337,HR,Junior,23,2.46,59.7,6.35,17,0,1,1
2338,Sales,Mid,32,4.68,49.1,8.03,19,2,0,1
2339,Finance,Senior,26,2.64,88.8,6.99,27,0,1,1
2340,Support,Senior,18,3.2,1.3,4.28,69,1,1,1
2341,Engineering,Mid,24,1.26,86.5,7.12,54,0,1,0
2342,Marketing,Junior,52,1.9,8.5,1.78,13,2,0,0
2343,Finance,Mid,5,4.85,39.2,5.99,18,0,0,0
2344,Support,Senior,8,4.15,86.1,9.62,36,0,0,1
2345,Finance,Senior,40,4.33,43.1,4.06,7,0,1,1
2346,Sales,Junior,22,1.3,53.5,4.41,52,2,0,0
2347,Finance,Senior,7,4.72,51.6,2.78,18,1,1,1
2348,Finance,Junior,53,4.98,24.6,4.27,54,0,0,0
2349,Support,Mid,54,2.65,65.6,1.86,13,2,1,0
2350,Engineering,Junior,50,2.02,20.1,2.32,79,2,0,0
2351,HR,Mid,19,1.78,38.3,6.87,64,0,1,0
2352,HR,Junior,23,3.18,35.1,4.7,37,7,0,0
2353,Sales,Mid,26,3.58,80.1,6.46,30,0,1,1
2354,Finance,Senior,21,4.15,86.3,9.52,34,0,1,1
2355,Engineering,Mid,50,2.68,11.1,4.96,1,0,0,0
2356,Sales,Senior,34,4.74,57.6,9.33,48,0,0,0
2357,Marketing,Senior,53,2.29,47.0,4.44,20,3,0,0
2358,Engineering,Senior,9,2.39,30.8,6.31,43,1,1,0
2359,Engineering,Junior,54,3.93,90.5,3.34,30,0,0,1
2360,Finance,Senior,52,1.72,59.3,6.28,39,4,1,1
2361,Sales,Mid,50,2.84,55.3,4.71,78,4,0,0
2362,HR,Junior,58,2.59,99.3,8.5,35,1,0,1
2363,HR,Mid,2,3.11,64.4,1.55,61,0,1,0
2364,Sales,Senior,37,3.62,93.2,5.05,9,1,0,1
2365,Sales,Junior,26,1.9,60.6,4.25,65,1,0,0
2366,HR,Senior,18,2.86,77.9,7.4,34,0,0,0
2367,HR,Senior,1,2.48,28.0,2.05,76,0,0,0
2368,Engineering,Junior,49,3.19,27.3,2.9,54,1,1,0
2369,Marketing,Junior,54,1.97,22.8,5.12,10,0,1,0
2370,Engineering,Mid,14,4.68,72.9,8.56,70,2,1,1
2371,Finance,Mid,59,4.16,53.6,9.83,61,2,0,1
2372,Marketing,Mid,55,4.09,94.6,7.24,61,2,1,1
2373,Finance,Mid,8,3.91,26.2,8.35,56,1,0,0
2374,Sales,Mid,58,2.3,80.9,7.49,70,1,1,1
2375,HR,Mid,31,1.4,90.8,1.86,1,0,0,0
2376,HR,Mid,48,1.67,72.1,7.62,12,1,0,0
2377,Support,Senior,58,1.57,11.5,7.91,41,3,0,1
2378,Marketing,Senior,4,1.95,6.8,5.27,3,1,0,0
2379,Engineering,Senior,5,4.3,26.7,8.21,30,0,1,1
2380,Sales,Junior,32,4.78,52.0,9.41,38,3,1,1
2381,Marketing,Mid,1,4.93,64.7,7.41,6,1,0,0
2382,Engineering,Junior,13,1.02,6.7,4.51,21,2,0,0
2383,Support,Junior,30,4.9,84.7,4.26,75,0,0,1
2384,Engineering,Senior,9,3.37,77.3,8.91,75,1,1,1
2385,HR,Senior,18,1.14,33.7,1.02,36,2,0,0
2386,Marketing,Junior,49,4.63,44.8,6.86,64,0,1,1
2387,Support,Mid,50,4.66,90.5,6.63,71,0,1,1
2388,Support,Senior,28,4.32,88.3,6.65,1,1,0,0
2389,HR,Junior,59,1.28,35.3,3.85,61,2,0,0
2390,Engineering,Senior,11,4.7,13.3,6.04,3,0,1,1
2391,Support,Senior,17,3.71,84.3,5.74,77,1,0,1
2392,Engineering,Mid,30,4.39,61.5,8.9,37,1,1,1
2393,HR,Mid,52,3.52,15.5,9.67,47,1,0,1
2394,Engineering,Senior,20,1.35,4.5,4.58,6,1,1,0
2395,HR,Junior,51,3.55,59.2,8.8,64,0,1,1
2396,HR,Mid,23,2.7,60.4,5.34,25,0,1,0
2397,Support,Junior,22,2.82,98.5,8.47,73,1,1,1
2398,Engineering,Junior,41,2.33,51.6,3.23,9,2,1,0
2399,Marketing,Senior,28,3.76,64.5,6.34,37,1,1,1
2400,HR,Senior,59,3.22,59.7,1.63,69,3,1,1
2401,Sales,Mid,59,2.38,69.5,2.45,72,0,1,1
2402,Engineering,Junior,52,1.08,80.3,6.94,41,1,0,1
2403,HR,Junior,23,3.5,85.1,2.04,49,2,0,1
2404,Sales,Junior,3,2.03,68.2,3.64,31,0,1,1
2405,Finance,Mid,15,4.82,25.5,1.21,41,1,1,0
2406,Marketing,Mid,11,3.1,13.9,3.01,20,3,0,0
2407,HR,Junior,51,1.87,82.7,5.3,46,1,1,0
2408,Sales,Junior,9,4.16,57.9,6.72,33,0,1,1
2409,Support,Senior,56,3.61,37.3,3.31,44,3,0,1
2410,Engineering,Junior,43,2.1,50.9,1.73,62,1,0,0
2411,Support,Senior,58,4.23,83.2,9.49,3,0,0,1
2412,Marketing,Junior,40,3.65,9.2,7.39,10,1,1,0
2413,Finance,Junior,42,4.08,98.8,6.66,16,1,0,1
2414,Sales,Mid,43,4.02,39.4,4.69,79,0,1,0
2415,Finance,Senior,25,2.82,60.0,2.91,3,1,0,0
2416,Support,Junior,20,2.8,82.8,3.45,66,1,0,0
2417,Support,Junior,29,4.4,1.8,4.96,8,2,1,0
2418,Support,Junior,44,1.4,4.2,9.06,64,3,1,1
2419,HR,Junior,20,4.04,71.0,8.0,2,1,0,1
2420,Support,Mid,6,3.39,12.9,9.08,27,0,0,0
2421,Engineering,Senior,46,4.16,10.2,1.68,13,2,1,0
2422,Marketing,Senior,7,3.69,26.7,9.03,17,1,0,0
2423,Sales,Mid,26,2.71,72.1,6.31,31,1,1,1
2424,Marketing,Junior,8,2.62,48.0,3.89,16,2,0,0
2425,Finance,Senior,22,4.87,17.6,2.85,64,1,0,1
2426,Engineering,Senior,56,2.36,92.9,8.91,64,1,0,0
2427,Sales,Junior,57,1.01,61.4,3.1,23,2,0,0
2428,Finance,Senior,22,1.91,45.7,3.58,61,1,0,0
2429,HR,Junior,43,2.26,48.9,7.75,49,0,0,1
2430,Engineering,Senior,39,2.58,72.6,4.53,1,2,0,0
2431,Engineering,Junior,47,4.78,68.1,2.32,49,0,0,0
2432,Support,Mid,29,2.43,11.8,6.86,16,0,0,0
2433,Support,Senior,35,3.18,70.3,1.78,10,1,0,0
2434,Marketing,Senior,15,1.22,50.2,8.21,73,2,0,0
2435,Finance,Junior,10,2.94,85.3,1.35,7,1,0,0
2436,Finance,Senior,40,3.6,47.3,3.82,58,3,0,1
2437,Finance,Junior,59,4.07,32.9,8.18,33,0,0,1
2438,Finance,Senior,2,3.1,55.2,5.6,26,1,0,0
2439,Sales,Junior,26,1.59,40.7,9.67,30,0,0,1
2440,HR,Senior,10,2.49,95.0,6.52,69,1,0,1
2441,Support,Mid,57,4.92,51.6,6.75,33,0,0,0
2442,Finance,Mid,3,2.97,19.4,8.69,18,0,0,0
2443,Engineering,Mid,52,5.0,86.0,9.43,32,2,1,1
2444,Finance,Senior,3,1.54,66.0,1.66,0,1,1,0
2445,Finance,Senior,32,3.39,93.2,8.93,4,0,0,1
2446,Marketing,Junior,42,4.64,7.9,7.89,62,0,1,0
2447,Marketing,Mid,8,2.02,89.9,8.63,28,2,0,0
2448,HR,Junior,7,4.78,79.9,7.95,72,1,1,1
2449,HR,Mid,22,2.74,40.3,8.36,7,1,0,0
2450,Engineering,Junior,8,4.28,96.1,1.65,67,3,1,1
2451,Marketing,Mid,44,2.07,16.3,7.72,65,0,1,0
2452,Marketing,Junior,50,4.64,8.5,2.96,10,0,0,0
2453,Engineering,Senior,37,4.1,12.5,8.39,44,1,1,1
2454,Sales,Mid,17,1.68,20.2,3.1,49,1,0,0
2455,Support,Mid,15,2.87,45.3,4.81,22,2,1,1
2456,Marketing,Junior,4,3.25,70.7,9.49,77,0,1,1
2457,Sales,Junior,47,1.91,67.1,6.27,0,0,0,0
2458,Sales,Senior,43,3.11,90.2,8.56,53,2,1,1
2459,Support,Senior,35,1.39,62.2,3.04,10,1,0,0
2460,Sales,Junior,25,4.19,15.8,6.43,31,1,0,0
2461,Finance,Mid,47,2.31,21.0,5.03,26,0,0,0
2462,Marketing,Senior,57,1.21,70.7,3.46,48,1,0,0
2463,Marketing,Senior,51,3.63,40.7,1.69,46,1,1,0
2464,Marketing,Mid,44,1.46,38.0,6.74,23,1,1,0
2465,Sales,Senior,31,4.68,69.3,8.94,28,2,1,0
2466,Finance,Mid,19,4.36,88.2,2.97,17,3,0,1
2467,Sales,Mid,44,2.55,71.9,1.36,1,0,1,0
2468,Marketing,Mid,25,4.24,66.8,1.51,0,0,0,0
2469,Marketing,Mid,49,4.69,85.5,5.87,20,0,0,1
2470,Marketing,Junior,40,4.83,69.8,1.56,11,3,0,1
2471,Engineering,Mid,57,2.29,7.6,7.21,16,0,1,0
2472,Engineering,Junior,52,1.67,54.1,6.09,52,0,0,0
2473,Marketing,Senior,51,1.03,50.5,4.33,44,0,1,0
2474,Marketing,Junior,41,2.54,54.1,4.02,42,2,0,0
2475,Engineering,Mid,5,1.52,94.9,8.46,47,1,0,0
2476,HR,Junior,42,3.33,72.6,7.09,17,0,1,1
2477,Sales,Junior,53,4.5,50.6,3.99,9,0,0,0
2478,Marketing,Mid,34,2.28,81.9,2.04,35,1,0,0
2479,Support,Junior,15,3.89,4.3,4.51,61,0,1,0
2480,Sales,Mid,31,3.1,75.1,4.59,17,3,0,1
2481,Sales,Mid,9,1.9,38.3,2.22,52,2,1,0
2482,Sales,Senior,17,1.04,81.4,3.71,67,1,1,0
2483,Engineering,Junior,12,4.24,6.5,4.11,18,3,0,0
2484,Engineering,Mid,18,3.5,93.5,4.88,58,1,1,1
2485,Support,Senior,13,4.38,80.8,7.3,44,1,1,0
2486,Sales,Mid,6,1.25,87.8,5.08,16,0,0,0
2487,Sales,Senior,17,2.3,67.2,6.13,56,0,0,1
2488,Engineering,Senior,9,1.98,89.9,3.33,74,0,0,0
2489,Finance,Mid,47,1.29,18.5,8.15,61,3,0,1
2490,Sales,Mid,17,1.85,42.4,6.51,25,1,0,0
2491,Marketing,Mid,49,2.6,48.8,7.08,1,2,1,0
2492,Engineering,Junior,33,2.52,11.8,5.03,77,1,0,0
2493,Marketing,Senior,12,3.33,69.0,1.65,73,0,0,0
2494,Sales,Junior,10,1.22,33.8,6.68,10,3,0,0
2495,Finance,Senior,57,2.89,74.9,6.08,67,0,0,1
2496,Sales,Junior,1,1.61,25.6,8.32,51,0,1,0
2497,Engineering,Junior,52,2.84,91.2,6.29,37,0,1,1
2498,Support,Junior,3,1.62,64.3,8.82,39,2,0,0
2499,HR,Junior,53,2.03,76.8,6.47,35,0,0,1
2500,HR,Mid,40,1.05,62.6,2.8,60,3,1,0
2501,Sales,Mid,41,3.68,5.6,9.69,62,0,0,1
2502,Finance,Mid,25,2.15,83.5,7.07,53,0,0,0
2503,Engineering,Senior,5,1.16,47.9,3.92,24,0,0,0
2504,HR,Junior,21,2.52,92.9,3.46,2,1,1,0
2505,Finance,Senior,54,2.61,52.6,9.51,33,1,0,1
2506,Finance,Mid,54,4.74,92.6,9.61,77,1,1,1
2507,Support,Junior,17,3.31,39.8,8.34,56,5,1,1
2508,Sales,Senior,17,1.29,61.0,4.05,51,0,0,0
2509,Sales,Mid,29,1.0,94.0,6.0,75,0,0,1
2510,Marketing,Senior,24,3.85,94.3,9.19,20,0,1,1
2511,Engineering,Senior,22,2.77,55.0,4.93,41,0,0,1
2512,Finance,Mid,58,4.93,25.2,7.72,59,1,1,1
2513,HR,Junior,54,4.22,74.1,3.79,63,0,0,1
2514,Marketing,Mid,28,2.0,39.3,2.24,57,3,1,0
2515,Engineering,Junior,12,3.96,35.4,5.66,77,1,1,0
2516,Engineering,Junior,11,3.46,42.9,7.29,61,1,0,0
2517,Engineering,Senior,55,3.52,1.6,5.02,54,1,0,0
2518,HR,Senior,34,4.37,36.1,2.85,67,3,0,1
2519,Engineering,Senior,23,2.81,84.3,1.25,63,1,0,0
2520,Marketing,Senior,15,1.06,39.9,9.45,39,1,0,0
2521,Support,Mid,58,3.11,43.6,6.08,69,0,0,1
2522,HR,Junior,49,3.63,33.6,3.34,75,0,1,0
2523,Finance,Junior,57,1.29,90.6,4.01,1,0,0,0
2524,HR,Junior,39,1.55,22.6,8.56,79,3,0,0
2525,Sales,Junior,38,4.63,53.3,8.52,78,1,0,1
2526,Sales,Junior,26,4.59,87.4,2.6,5,0,1,0
2527,Finance,Senior,22,1.67,64.7,7.07,63,1,1,0
2528,Finance,Mid,44,4.35,82.0,2.9,25,0,1,1
2529,Sales,Junior,38,4.61,11.2,4.91,21,3,1,1
2530,Engineering,Junior,44,1.49,14.3,5.27,14,1,1,0
2531,HR,Senior,7,4.59,50.5,4.99,62,1,1,1
2532,HR,Mid,30,4.51,94.3,4.81,23,1,1,1
2533,Support,Mid,40,3.91,3.4,9.3,28,1,1,1
2534,Engineering,Senior,26,3.02,43.6,4.82,50,0,0,0
2535,Sales,Mid,39,1.37,44.5,5.71,75,3,0,0
2536,Engineering,Mid,55,1.72,97.5,5.7,53,1,1,0
2537,Marketing,Mid,3,4.83,32.0,7.34,54,2,0,1
2538,Engineering,Senior,8,3.05,89.3,7.88,30,0,1,1
2539,Support,Mid,54,2.87,83.5,7.77,54,0,0,1
2540,Finance,Senior,8,4.91,39.7,4.54,3,0,0,0
2541,Support,Mid,37,3.05,99.1,5.13,46,0,0,0
2542,Finance,Senior,50,1.39,47.6,1.63,26,1,0,0
2543,Finance,Mid,44,2.4,41.9,7.61,44,3,1,0
2544,Sales,Mid,20,4.17,69.8,2.67,21,2,0,0
2545,Marketing,Senior,21,2.38,58.0,3.7,12,3,0,0
2546,Finance,Senior,44,2.88,95.4,1.14,79,0,0,0
2547,HR,Senior,50,3.92,90.4,8.52,23,0,1,1
2548,Marketing,Senior,5,3.67,57.0,1.12,62,0,1,0
2549,Engineering,Mid,31,1.85,0.1,7.44,66,1,0,0
2550,Marketing,Mid,38,2.74,27.1,3.62,36,2,1,0
2551,HR,Junior,21,2.23,42.5,9.5,24,2,0,0
2552,Finance,Senior,46,3.1,37.7,8.07,36,1,0,0
2553,Support,Mid,25,2.1,92.2,2.24,67,1,0,0
2554,Support,Mid,48,2.24,4.3,7.52,9,1,1,1
2555,Support,Mid,29,4.25,89.4,5.16,70,0,1,1
2556,Engineering,Mid,56,2.38,31.7,6.76,32,1,1,0
2557,Finance,Senior,9,3.62,46.1,4.59,10,2,1,0
2558,Sales,Junior,5,3.35,56.7,3.93,50,3,1,0
2559,Sales,Senior,8,3.86,99.4,9.42,44,0,0,1
2560,Support,Junior,29,4.79,52.9,5.05,77,5,0,1
2561,HR,Mid,25,3.89,78.3,3.74,38,0,0,0
2562,Support,Mid,28,1.74,87.2,1.48,41,2,0,0
2563,HR,Junior,13,4.16,96.7,2.52,44,1,1,1
2564,Engineering,Junior,11,3.57,23.6,6.94,5,0,0,0
2565,Sales,Senior,33,1.97,82.1,4.82,74,0,1,1
2566,Marketing,Senior,51,3.52,73.2,5.79,10,0,1,1
2567,Engineering,Mid,7,2.08,74.3,6.17,30,0,1,1
2568,HR,Senior,46,4.34,82.3,1.96,2,1,1,0
2569,Support,Mid,28,2.42,36.8,6.23,62,1,0,0
2570,Marketing,Junior,3,4.98,50.6,2.32,37,2,1,1
2571,Marketing,Junior,31,2.74,82.0,7.56,32,1,0,0
2572,Finance,Mid,32,3.56,0.3,5.6,38,1,0,0
2573,Finance,Mid,22,3.79,45.9,8.28,43,0,1,1
2574,Sales,Junior,42,3.02,6.8,2.32,36,0,0,0
2575,Marketing,Senior,43,3.05,50.9,5.01,43,2,0,0
2576,Finance,Senior,4,3.92,58.9,2.68,66,2,1,1
2577,Engineering,Mid,46,4.11,52.8,6.46,77,0,1,1
2578,Finance,Junior,19,4.04,73.8,1.64,45,0,0,0
2579,Support,Junior,52,1.75,42.7,4.66,30,2,0,0
2580,Finance,Senior,46,4.29,14.6,5.63,14,0,0,0
2581,Sales,Junior,17,3.45,56.1,9.98,63,0,1,1
2582,Engineering,Senior,24,2.25,90.6,4.43,79,1,0,0
2583,Support,Junior,12,2.54,71.2,5.71,3,0,1,1
2584,Marketing,Junior,54,4.67,46.8,2.37,24,1,0,0
2585,Finance,Junior,30,1.2,71.6,2.82,20,2,1,0
2586,Engineering,Senior,47,3.3,5.4,3.31,13,2,0,0
2587,Sales,Senior,13,1.99,39.8,9.41,19,0,0,0
2588,HR,Junior,23,2.08,35.2,9.61,2,0,0,0
2589,Marketing,Junior,17,2.4,0.5,7.55,0,0,0,0
2590,HR,Junior,46,4.09,53.0,9.46,50,1,1,1
2591,Sales,Junior,33,2.08,51.7,8.83,73,1,1,1
2592,Sales,Senior,27,4.37,26.1,8.97,49,0,1,1
2593,HR,Senior,30,4.51,7.8,1.35,46,0,1,0
2594,Support,Senior,15,2.2,96.3,4.78,58,0,1,0
2595,Support,Mid,11,3.68,60.3,4.61,44,1,0,1
2596,Marketing,Senior,58,2.64,49.0,8.81,10,1,0,0
2597,Marketing,Mid,36,4.33,51.3,5.1,38,2,0,1
2598,Marketing,Junior,50,1.58,54.7,9.66,34,0,0,0
2599,Engineering,Senior,34,5.0,60.8,3.71,37,0,0,1
2600,Engineering,Senior,22,2.53,42.9,5.96,27,0,1,0
2601,Engineering,Junior,22,4.72,27.5,6.67,29,0,0,1
2602,Support,Senior,42,4.76,78.6,6.01,8,2,0,1
2603,Support,Senior,21,2.11,85.7,3.96,64,1,0,0
2604,Marketing,Mid,47,4.81,72.4,1.14,25,2,1,1
2605,HR,Senior,9,1.65,7.0,5.49,76,0,0,0
2606,HR,Mid,14,2.41,99.8,9.83,72,1,0,1
2607,Support,Mid,49,3.09,35.3,1.56,64,0,0,0
2608,Finance,Mid,13,2.57,82.5,8.49,43,1,1,0
2609,Engineering,Senior,59,2.3,73.5,4.87,42,0,1,1
2610,Finance,Junior,34,4.64,69.4,9.06,48,0,0,1
2611,Support,Senior,15,3.07,43.8,5.56,52,1,1,1
2612,Support,Junior,13,1.34,55.0,9.07,72,1,1,1
2613,Engineering,Junior,22,3.66,56.9,6.66,56,2,1,1
2614,Finance,Junior,53,4.79,47.7,3.22,49,0,1,0
2615,Marketing,Mid,40,4.2,69.8,1.31,14,2,0,1
2616,Sales,Junior,12,1.79,47.7,7.03,2,1,1,0
2617,Finance,Junior,26,2.27,34.1,5.89,43,3,0,0
2618,HR,Senior,32,1.89,65.4,9.63,32,1,0,0
2619,Finance,Mid,36,1.88,67.4,2.09,28,2,0,0
2620,Engineering,Junior,20,1.22,17.0,3.0,19,0,1,0
2621,Marketing,Mid,49,3.95,20.5,3.56,54,1,1,0
2622,Engineering,Mid,4,4.33,26.5,6.69,61,1,1,1
2623,Sales,Mid,55,4.73,72.2,5.39,32,2,0,1
2624,Marketing,Junior,46,3.05,83.3,3.03,64,2,0,0
2625,HR,Mid,2,3.77,42.1,1.51,42,0,0,0
2626,Sales,Mid,12,2.02,8.5,3.2,63,0,1,0
2627,Support,Mid,22,1.45,81.6,6.38,53,1,0,0
2628,Support,Mid,27,2.3,67.3,7.86,44,3,0,0
2629,Support,Mid,27,3.9,74.2,7.82,42,1,1,1
2630,Marketing,Senior,2,1.75,99.5,2.53,25,0,1,0
2631,Engineering,Mid,26,2.1,79.0,3.15,5,0,0,0
2632,Support,Mid,54,1.51,58.0,3.82,19,0,0,0
2633,Sales,Senior,23,1.23,65.0,4.83,55,1,1,0
2634,Sales,Senior,15,3.93,11.5,2.83,2,2,1,1
2635,HR,Mid,39,3.93,13.1,9.05,61,1,1,1
2636,Engineering,Senior,12,1.37,67.1,6.76,79,0,1,0
2637,Marketing,Senior,55,1.93,41.5,7.51,45,2,1,1
2638,Engineering,Junior,19,2.75,69.4,2.25,17,0,0,0
2639,Finance,Senior,25,1.0,94.4,2.4,30,0,1,0
2640,Support,Mid,17,4.58,6.1,5.79,48,1,0,1
2641,Finance,Junior,25,2.98,14.6,6.27,44,1,1,0
2642,Marketing,Mid,33,3.92,91.8,7.95,34,0,1,1
2643,Engineering,Mid,41,3.88,80.7,2.03,38,0,0,0
2644,Sales,Senior,21,3.04,49.9,4.46,65,0,0,1
2645,Sales,Senior,43,2.18,51.6,7.31,3,3,0,0
2646,HR,Junior,47,3.16,27.5,8.86,3,0,0,0
2647,Engineering,Junior,2,4.17,0.2,6.33,44,4,0,0
2648,Sales,Senior,26,3.54,71.8,2.93,42,4,1,0
2649,HR,Senior,32,3.51,14.4,1.84,73,1,1,0
2650,Support,Mid,28,2.8,89.0,7.03,9,1,1,0
2651,Finance,Junior,44,2.67,23.1,4.54,30,1,0,1
2652,Support,Senior,9,1.46,52.6,4.29,70,3,0,0
2653,Finance,Junior,46,4.9,86.1,4.77,48,2,0,1
2654,Marketing,Mid,50,2.87,17.1,4.4,57,2,0,0
2655,Marketing,Mid,10,1.82,54.3,8.16,19,0,0,0
2656,Sales,Mid,18,4.34,25.0,1.5,22,1,1,0
2657,HR,Junior,29,4.69,74.6,7.54,30,1,0,0
2658,Support,Mid,50,3.67,8.7,3.03,47,1,1,0
2659,Marketing,Junior,9,2.45,97.2,9.1,45,2,0,1
2660,Support,Mid,25,3.15,41.1,2.09,8,1,0,0
2661,Sales,Senior,8,2.82,66.9,9.54,13,1,0,0
2662,HR,Mid,13,2.92,39.2,8.35,22,1,0,0
2663,Finance,Senior,40,3.01,98.7,2.66,69,1,1,1
2664,HR,Junior,35,3.56,73.3,1.53,42,0,0,0
2665,Engineering,Senior,58,4.38,86.9,9.91,1,0,0,0
2666,Marketing,Senior,45,3.75,75.9,9.88,5,2,0,1
2667,Marketing,Junior,49,3.68,86.5,2.65,79,0,0,0
2668,Support,Senior,34,3.58,31.8,6.1,53,4,0,1
2669,Sales,Senior,15,4.19,8.6,4.86,62,3,0,1
2670,Sales,Mid,17,2.45,3.4,3.15,41,2,0,0
2671,Sales,Senior,31,4.72,70.2,6.51,31,1,1,1
2672,Engineering,Junior,16,4.25,10.6,9.06,22,0,0,1
2673,HR,Senior,41,1.12,54.7,7.71,40,1,0,0
2674,Support,Senior,53,2.59,46.5,3.08,63,0,1,0
2675,Support,Junior,35,3.47,0.3,6.15,29,1,1,1
2676,Marketing,Mid,43,4.91,61.5,2.27,48,3,0,0
2677,Engineering,Mid,4,4.77,58.9,2.55,0,1,0,0
2678,Engineering,Junior,23,3.8,44.1,9.44,24,1,1,0
2679,Sales,Senior,26,1.23,67.2,1.91,17,0,1,0
2680,HR,Senior,20,2.66,11.2,1.01,18,0,1,0
2681,Engineering,Junior,32,2.6,77.5,2.76,51,2,0,0
2682,HR,Mid,35,1.74,72.7,3.98,11,1,0,0
2683,Support,Mid,21,2.2,89.7,4.88,28,2,0,0
2684,Support,Senior,9,2.55,39.3,7.81,37,0,0,1
2685,Support,Senior,36,4.04,74.1,7.18,0,0,0,1
2686,Finance,Senior,57,3.36,41.9,1.37,60,1,1,0
2687,Sales,Senior,22,4.08,1.4,3.92,2,0,0,0
2688,Engineering,Senior,32,1.24,52.1,5.47,47,1,1,0
2689,Sales,Senior,51,1.96,67.7,6.28,13,2,1,1
2690,Engineering,Mid,37,3.88,43.0,2.94,69,1,0,0
2691,Finance,Junior,22,3.34,33.6,5.27,14,0,0,0
2692,Finance,Junior,38,2.97,19.2,7.9,8,2,1,1
2693,Finance,Mid,6,2.67,91.8,7.8,60,2,1,1
2694,Marketing,Junior,3,4.53,30.3,1.89,39,0,1,0
2695,HR,Junior,34,1.92,33.4,4.17,59,1,0,0
2696,Marketing,Senior,11,3.81,0.2,7.17,45,1,0,1
2697,Finance,Junior,9,2.41,16.7,9.44,10,2,0,0
2698,Engineering,Junior,29,2.24,10.2,2.54,6,2,1,0
2699,Finance,Senior,26,2.97,63.2,4.35,34,1,0,0
2700,HR,Senior,59,3.65,69.2,2.66,50,2,1,0
2701,Marketing,Senior,45,1.12,46.4,7.79,29,2,0,0
2702,HR,Senior,12,1.29,99.2,9.35,20,1,0,0
2703,Finance,Senior,20,3.47,68.1,8.26,61,1,0,1
2704,Sales,Mid,9,3.53,40.7,3.49,46,1,1,0
2705,Marketing,Junior,32,3.18,94.1,7.1,37,0,1,1
2706,Marketing,Senior,52,4.82,69.6,1.34,9,0,0,0
2707,Sales,Senior,38,3.57,22.1,9.82,0,2,0,0
2708,Finance,Senior,41,4.52,94.3,2.87,73,3,1,0
2709,Marketing,Mid,22,3.51,89.2,7.92,41,1,1,1
2710,Marketing,Junior,47,2.29,7.6,6.86,57,2,0,0
2711,Marketing,Senior,51,4.43,78.1,3.29,76,0,0,1
2712,Engineering,Senior,22,3.39,96.0,6.42,62,1,1,1
2713,Support,Junior,30,1.72,16.2,7.15,64,1,0,1
2714,Finance,Mid,32,2.47,81.2,7.56,48,1,0,0
2715,Sales,Junior,27,1.48,40.1,3.54,22,2,1,0
2716,Support,Senior,26,2.0,76.4,9.27,70,0,1,0
2717,Sales,Junior,18,2.57,5.9,9.17,74,1,0,0
2718,Sales,Senior,15,3.39,91.4,3.73,79,1,0,1
2719,Finance,Junior,31,3.22,93.7,1.35,22,2,1,1
2720,Engineering,Senior,26,4.67,31.3,8.08,9,2,1,1
2721,Marketing,Mid,18,4.66,27.9,4.82,62,1,0,0
2722,Sales,Junior,32,1.48,14.4,9.49,17,2,0,0
2723,Engineering,Junior,13,1.28,47.3,3.94,57,2,1,0
2724,Support,Senior,7,2.82,38.6,2.2,37,1,0,0
2725,HR,Junior,14,4.45,71.4,4.07,64,1,1,1
2726,Support,Mid,41,3.38,25.7,1.47,64,2,1,1
2727,Sales,Senior,18,4.62,63.4,7.34,11,2,0,1
2728,Marketing,Mid,42,2.81,86.5,4.92,19,0,0,0
2729,Sales,Junior,38,2.6,32.3,1.79,17,1,0,0
2730,Marketing,Junior,48,2.25,57.1,2.81,79,0,0,0
2731,Engineering,Junior,47,2.01,66.3,4.68,53,0,0,0
2732,Marketing,Senior,58,4.52,40.7,1.6,41,0,0,0
2733,Finance,Senior,14,3.2,64.4,7.94,17,1,0,0
2734,Support,Mid,20,2.7,68.1,2.44,42,0,0,0
2735,Engineering,Senior,13,3.6,97.0,4.01,8,0,1,1
2736,Support,Mid,32,2.23,70.5,1.07,13,1,0,0
2737,Sales,Senior,35,1.91,78.5,1.95,62,2,0,0
2738,Sales,Senior,21,1.77,32.6,5.07,43,2,0,0
2739,HR,Junior,10,4.83,57.2,6.13,41,0,0,1
2740,Engineering,Senior,38,4.12,23.9,6.78,7,2,0,0
2741,Marketing,Mid,53,4.1,69.8,5.64,71,1,1,1
2742,Finance,Junior,11,4.9,57.1,1.03,31,2,0,1
2743,Marketing,Junior,14,1.78,18.4,7.34,17,1,1,0
2744,HR,Senior,1,1.99,84.5,6.65,47,0,0,0
2745,HR,Senior,26,1.82,79.2,2.88,17,2,0,0
2746,HR,Junior,4,4.45,16.9,4.44,76,0,1,0
2747,Finance,Mid,7,1.71,2.9,4.68,74,1,0,0
2748,Finance,Junior,15,4.82,7.9,1.14,15,0,1,0
2749,Finance,Mid,24,1.33,58.5,8.89,27,1,0,0
2750,HR,Mid,25,4.51,47.0,7.78,69,0,0,1
2751,Engineering,Mid,32,4.43,13.1,4.44,47,0,1,0
2752,HR,Mid,14,4.8,14.7,6.11,49,1,0,1
2753,Finance,Junior,17,3.91,59.5,6.59,4,0,1,0
2754,Sales,Senior,12,4.69,19.3,3.21,39,1,1,1
2755,Support,Senior,24,3.51,8.7,3.41,20,2,0,0
2756,Sales,Senior,56,3.33,45.7,2.68,0,1,0,0
2757,Sales,Senior,25,2.41,92.2,6.75,75,1,0,1
2758,HR,Junior,4,2.77,69.9,6.32,78,1,0,1
2759,Engineering,Junior,5,3.03,7.0,4.49,19,3,0,0
2760,Sales,Junior,43,4.56,62.1,2.8,42,0,0,1
2761,Support,Junior,51,4.91,80.4,1.14,20,1,0,1
2762,Sales,Senior,23,2.76,71.1,5.54,72,0,0,1
2763,Support,Junior,2,1.26,93.5,1.57,49,4,1,0
2764,Support,Mid,11,1.58,7.1,2.35,35,1,0,0
2765,Support,Junior,59,4.85,32.0,5.81,41,0,1,0
2766,Finance,Senior,37,2.09,39.2,8.7,23,1,1,1
2767,HR,Junior,8,1.08,65.5,5.67,11,0,0,0
2768,Finance,Junior,43,2.57,76.1,4.81,16,0,1,0
2769,Sales,Mid,9,1.07,14.7,3.46,47,0,0,0
2770,Sales,Senior,51,1.95,78.4,2.93,68,0,0,0
2771,Sales,Senior,20,4.91,93.5,5.31,38,0,0,1
2772,Marketing,Mid,10,1.07,21.5,9.14,30,0,1,0
2773,Marketing,Senior,41,2.51,86.1,4.73,47,1,0,1
2774,Support,Mid,3,1.79,50.0,3.39,13,0,1,0
2775,Support,Mid,4,4.08,75.8,4.21,28,0,0,0
2776,Engineering,Senior,38,4.92,60.5,9.96,71,0,0,1
2777,HR,Mid,49,2.4,84.6,4.56,3,0,1,0
2778,Support,Senior,10,2.73,29.9,5.87,65,1,0,0
2779,Support,Mid,38,4.06,29.8,8.83,41,1,0,0
2780,Sales,Mid,37,4.39,58.9,8.43,56,1,1,1
2781,Support,Junior,55,4.23,24.0,6.98,72,0,0,1
2782,Support,Senior,8,2.8,82.0,3.0,41,0,0,0
2783,Engineering,Junior,35,1.19,76.1,2.86,75,1,0,0
2784,Marketing,Mid,46,3.44,54.4,4.71,64,1,0,0
2785,Engineering,Junior,21,2.8,97.8,3.33,13,1,0,0
2786,Engineering,Mid,51,1.52,69.7,8.08,5,0,0,0
2787,Sales,Senior,37,4.39,19.4,2.2,75,1,1,1
2788,Support,Mid,21,4.95,63.2,8.45,6,0,0,0
2789,HR,Mid,32,4.05,2.4,5.94,45,2,1,1
2790,HR,Senior,45,3.53,7.2,4.41,24,0,0,0
2791,Sales,Mid,53,4.32,55.4,2.77,73,0,0,1
2792,Engineering,Junior,13,4.22,60.5,1.15,67,1,1,0
2793,Support,Senior,6,2.35,30.7,5.15,67,0,0,0
2794,Finance,Mid,21,3.79,8.8,5.35,34,1,0,0
2795,Engineering,Senior,18,1.46,0.4,1.19,27,1,1,0
2796,Marketing,Mid,19,2.59,87.5,8.33,22,0,1,1
2797,Marketing,Mid,27,4.15,84.2,3.69,22,3,0,1
2798,Support,Mid,1,1.11,75.6,9.04,13,1,1,0
2799,Engineering,Mid,41,2.79,13.9,1.14,18,0,0,0
2800,Engineering,Mid,1,2.5,18.8,1.16,15,1,0,0
2801,Finance,Mid,50,3.28,14.8,6.3,19,0,1,1
2802,Support,Senior,57,1.39,5.3,7.35,79,2,0,0
2803,Finance,Mid,5,4.2,74.2,8.3,67,0,0,1
2804,HR,Senior,44,2.64,95.8,5.14,70,3,1,1
2805,Support,Mid,15,4.11,22.3,2.67,59,1,1,0
2806,Marketing,Senior,52,2.75,26.2,6.35,56,0,1,1
2807,Marketing,Senior,51,4.25,49.9,3.3,55,2,1,0
2808,Engineering,Junior,4,3.16,92.5,4.73,44,0,0,0
2809,Finance,Senior,7,1.07,0.1,6.55,54,2,1,0
2810,HR,Senior,13,3.86,5.4,5.43,72,0,1,1
2811,Engineering,Mid,21,4.16,47.4,7.3,2,1,0,0
2812,Marketing,Junior,22,3.25,82.1,9.4,19,3,1,1
2813,Sales,Mid,32,2.41,4.5,9.35,3,1,0,0
2814,Marketing,Junior,31,2.6,15.2,9.42,11,1,1,0
2815,Support,Junior,34,2.24,67.2,3.71,55,2,0,0
2816,Marketing,Junior,43,2.28,38.9,8.5,38,2,1,1
2817,Sales,Mid,41,2.39,12.1,8.25,18,0,0,0
2818,HR,Junior,32,4.53,98.7,6.39,40,0,0,1
2819,HR,Senior,2,3.36,27.8,2.34,22,2,0,0
2820,Marketing,Senior,44,3.25,38.1,5.29,71,0,1,1
2821,Engineering,Senior,20,1.71,3.4,7.58,10,1,0,0
2822,HR,Junior,12,1.59,26.6,1.88,13,1,1,1
2823,Sales,Mid,30,4.36,3.3,1.76,63,1,1,0
2824,Marketing,Senior,31,2.57,31.4,2.68,9,1,0,0
2825,Marketing,Senior,3,4.85,5.5,4.52,59,0,1,0
2826,Engineering,Junior,53,1.41,76.8,4.46,6,0,1,1
2827,Engineering,Senior,7,2.82,69.6,3.84,6,2,0,0
2828,Finance,Junior,14,4.08,97.6,1.13,43,1,0,0
2829,Engineering,Mid,35,2.4,24.5,4.25,42,0,0,0
2830,Finance,Junior,32,3.4,74.6,9.45,31,0,0,1
2831,Marketing,Junior,39,3.26,93.6,8.63,75,1,0,1
2832,Finance,Senior,28,2.37,53.5,8.43,17,1,1,0
2833,Engineering,Junior,55,4.57,51.8,3.82,14,0,0,0
2834,Marketing,Senior,54,2.23,63.7,1.32,28,2,0,0
2835,Marketing,Mid,12,4.74,95.1,9.46,62,2,0,1
2836,Sales,Junior,8,4.13,62.3,9.39,24,1,1,1
2837,Support,Mid,27,2.9,34.8,6.42,20,1,1,1
2838,Marketing,Senior,55,4.83,95.9,6.02,32,0,1,1
2839,Support,Mid,5,2.47,8.2,3.95,35,3,0,0
2840,Sales,Senior,21,4.17,36.6,7.96,34,0,0,1
2841,Marketing,Mid,57,3.89,39.0,5.74,10,1,1,1
2842,Support,Senior,29,1.75,19.3,2.89,73,0,1,0
2843,Marketing,Junior,4,3.46,39.4,3.43,36,2,0,0
2844,Marketing,Junior,6,1.63,10.0,1.35,41,0,0,0
2845,HR,Mid,10,4.0,14.1,4.47,6,1,1,0
2846,Support,Mid,4,4.49,68.6,5.97,17,1,0,0
2847,Marketing,Senior,17,4.35,80.2,7.64,40,0,0,0
2848,HR,Senior,37,3.86,35.0,7.86,26,1,0,1
2849,HR,Junior,9,1.58,56.2,2.03,23,2,0,0
2850,HR,Mid,5,3.14,56.9,6.39,49,1,0,0
2851,Engineering,Senior,50,4.32,54.9,9.96,4,2,0,1
2852,Support,Junior,6,2.63,43.7,3.21,61,4,0,1
2853,HR,Senior,24,2.06,45.9,4.67,46,1,1,0
2854,Finance,Senior,38,1.06,51.6,8.51,43,0,0,0
2855,Support,Junior,32,1.47,48.9,2.94,0,0,0,0
2856,Marketing,Mid,23,4.03,67.3,8.13,25,1,1,0
2857,HR,Junior,3,4.44,31.1,5.82,21,1,1,1
2858,Sales,Senior,20,3.01,87.5,5.86,72,0,0,0
2859,HR,Junior,58,1.84,25.1,6.62,29,1,1,0
2860,Sales,Junior,9,4.43,42.3,9.9,52,1,1,1
2861,Engineering,Junior,16,2.44,43.9,8.43,60,1,1,1
2862,Sales,Junior,51,3.19,56.2,5.96,17,0,0,0
2863,Support,Senior,9,4.67,84.7,2.79,38,0,0,1
2864,Engineering,Mid,7,4.86,94.1,7.54,0,1,0,0
2865,Engineering,Senior,41,4.67,27.8,4.61,32,1,0,1
2866,Marketing,Junior,13,1.8,83.4,4.71,34,1,0,0
2867,Support,Junior,2,1.78,97.1,9.26,46,0,0,1
2868,Support,Junior,35,2.19,91.5,8.97,0,0,0,0
2869,HR,Junior,37,1.64,20.8,8.03,60,1,1,0
2870,HR,Junior,6,1.01,32.3,5.12,66,0,1,0
2871,Finance,Mid,46,3.83,23.2,6.55,3,3,1,1
2872,Sales,Mid,42,1.12,32.0,4.95,2,1,0,0
2873,Finance,Mid,31,1.27,14.0,5.39,67,1,1,1
2874,Sales,Senior,22,3.93,22.3,5.38,12,0,1,1
2875,Engineering,Senior,26,3.48,64.8,5.59,59,2,0,1
2876,Engineering,Mid,23,4.69,26.1,4.15,68,1,0,1
2877,Marketing,Senior,21,4.64,66.3,8.13,1,1,0,0
2878,HR,Mid,17,3.79,77.7,6.06,72,2,0,1
2879,HR,Senior,9,3.48,91.3,8.81,65,1,1,1
2880,Sales,Junior,48,2.14,26.4,9.72,57,2,1,1
2881,Support,Senior,14,1.32,29.9,6.01,14,0,1,0
2882,Finance,Mid,39,4.05,70.3,6.76,26,0,1,0
2883,HR,Senior,2,3.14,25.8,7.1,76,0,0,0
2884,Finance,Senior,56,3.73,75.3,8.81,36,1,0,1
2885,Finance,Mid,12,1.06,57.8,8.73,68,2,1,1
2886,HR,Mid,58,2.54,89.7,1.5,16,2,0,0
2887,Finance,Mid,59,3.94,27.8,6.67,76,1,0,0
2888,Support,Junior,42,3.39,84.0,1.92,55,1,1,1
2889,Engineering,Senior,44,3.26,23.4,5.07,52,1,0,0
2890,Engineering,Junior,44,3.99,82.9,5.92,9,3,1,1
2891,Engineering,Junior,9,4.47,16.8,4.0,70,2,1,1
2892,Marketing,Junior,54,1.63,32.9,8.88,72,1,1,1
2893,Marketing,Mid,2,1.74,90.1,7.32,38,1,0,1
2894,Engineering,Senior,53,2.72,41.9,8.49,63,1,0,1
2895,Support,Junior,44,1.18,47.5,1.39,37,1,0,0
2896,HR,Junior,50,4.18,75.1,8.34,37,1,0,1
2897,Finance,Senior,18,3.2,97.3,7.56,68,1,0,1
2898,Support,Mid,3,3.24,16.5,6.52,50,1,0,1
2899,Support,Mid,33,2.33,44.4,1.99,74,1,0,0
2900,HR,Junior,6,1.36,74.0,7.98,29,1,0,0
2901,HR,Senior,37,3.56,19.7,9.9,29,0,0,0
2902,Marketing,Senior,36,3.89,18.3,1.83,12,3,0,0
2903,Engineering,Junior,58,4.68,61.8,7.33,47,2,1,0
2904,Marketing,Junior,37,1.41,79.9,3.17,4,0,1,0
2905,Support,Senior,36,1.32,51.9,1.84,36,1,1,0
2906,Marketing,Junior,2,4.84,74.6,8.66,28,2,1,1
2907,Marketing,Senior,41,4.92,28.0,2.97,66,1,0,0
2908,HR,Junior,2,4.56,74.7,3.12,19,1,0,0
2909,Marketing,Junior,44,4.1,8.4,8.87,70,1,0,0
2910,Engineering,Mid,39,3.13,49.2,9.8,42,1,1,0
2911,Sales,Mid,49,1.82,58.7,7.45,70,1,1,0
2912,Engineering,Mid,47,2.1,98.4,5.09,55,2,0,0
2913,Finance,Senior,45,4.27,28.4,1.69,22,1,1,0
2914,Engineering,Senior,26,3.43,4.6,7.11,39,2,1,1
2915,Finance,Junior,47,2.06,6.5,8.33,49,0,0,0
2916,Finance,Senior,24,2.43,87.0,4.77,0,2,0,1
2917,Support,Senior,6,2.92,66.0,1.73,26,2,1,0
2918,Finance,Junior,37,4.91,59.4,4.93,62,2,0,0
2919,Sales,Senior,42,3.75,40.7,1.65,76,0,1,1
2920,HR,Senior,21,1.24,65.0,2.36,16,0,1,0
2921,Marketing,Mid,47,4.81,46.0,3.09,32,2,1,0
2922,HR,Senior,19,2.83,8.3,7.02,56,2,0,0
2923,Marketing,Junior,35,3.99,6.7,5.16,1,2,1,0
2924,Sales,Junior,36,4.25,21.3,7.61,39,1,1,0
2925,Sales,Junior,16,2.66,68.8,8.32,23,3,0,0
2926,Marketing,Mid,27,4.81,41.1,7.26,56,1,1,1
2927,Engineering,Junior,31,1.46,13.7,3.04,75,1,0,0
2928,Sales,Mid,22,3.28,97.6,5.06,2,3,0,1
2929,Marketing,Mid,15,1.78,77.8,8.59,47,2,0,1
2930,Finance,Junior,35,2.66,21.8,1.39,77,1,0,1
2931,Sales,Mid,2,1.61,29.9,6.6,62,2,1,0
2932,Marketing,Junior,4,1.9,90.6,1.8,50,2,0,0
2933,Marketing,Junior,55,4.49,74.0,8.19,27,2,0,1
2934,Support,Junior,21,1.38,84.6,1.35,68,1,1,0
2935,Marketing,Junior,41,1.09,85.8,7.3,33,1,1,0
2936,Sales,Senior,1,3.8,38.1,2.67,54,1,0,0
2937,HR,Mid,50,4.18,55.3,2.21,20,0,1,0
2938,Sales,Junior,13,2.25,11.4,6.45,61,0,1,0
2939,Engineering,Mid,47,1.61,29.8,6.91,4,0,1,0
2940,Sales,Mid,21,2.39,35.3,4.36,61,0,0,0
2941,Finance,Mid,13,4.47,90.3,2.13,64,1,1,1
2942,Finance,Mid,40,3.43,83.0,4.15,3,2,0,1
2943,Finance,Mid,18,2.57,59.4,5.99,8,4,1,1
2944,Sales,Mid,54,2.92,46.0,3.32,59,3,1,0
2945,Sales,Mid,47,1.76,81.6,2.79,79,1,0,0
2946,Support,Mid,41,3.36,30.0,4.44,22,0,0,0
2947,HR,Junior,26,4.56,16.9,5.06,71,2,1,1
2948,Engineering,Mid,42,3.08,76.2,9.11,44,0,1,0
2949,Marketing,Junior,54,2.51,70.9,8.7,2,0,0,0
2950,Engineering,Junior,8,1.94,90.0,2.07,12,0,1,0
2951,Marketing,Senior,56,4.72,87.8,5.86,53,2,1,1
2952,Sales,Senior,7,3.35,30.6,4.23,66,1,0,0
2953,Support,Senior,19,1.15,4.8,9.08,64,1,0,0
2954,Support,Senior,13,3.82,7.7,3.21,38,1,0,0
2955,Marketing,Mid,38,4.93,2.0,1.78,36,1,0,0
2956,Support,Junior,44,1.83,23.8,3.98,77,2,0,0
2957,Sales,Junior,32,3.25,73.5,8.63,22,1,0,1
2958,Engineering,Senior,24,3.15,90.9,2.35,37,0,0,0
2959,Support,Senior,32,3.6,9.1,1.37,59,2,0,0
2960,Marketing,Senior,54,2.54,31.6,9.86,22,1,0,0
2961,Support,Senior,27,2.94,93.5,8.78,46,1,0,1
2962,Sales,Senior,56,3.75,88.1,7.2,75,0,1,1
2963,Engineering,Junior,36,2.6,0.1,7.05,77,1,1,1
2964,HR,Junior,27,1.31,97.3,8.95,17,4,0,1
2965,Marketing,Junior,45,3.03,48.1,9.64,72,2,1,1
2966,HR,Junior,37,3.51,55.7,4.33,36,0,1,0
2967,Finance,Senior,18,2.86,87.5,6.09,37,0,0,0
2968,Engineering,Mid,34,1.85,45.6,5.95,34,2,1,0
2969,Support,Senior,36,1.58,30.8,6.12,57,0,1,0
2970,Marketing,Senior,14,1.12,44.1,8.53,37,0,1,1
2971,Sales,Junior,35,3.49,54.0,7.66,62,2,1,0
2972,Finance,Mid,7,2.22,46.7,3.41,59,1,0,0
2973,HR,Senior,34,2.96,53.5,6.1,5,1,1,1
2974,Engineering,Senior,19,1.32,64.7,1.35,19,0,1,0
2975,Sales,Senior,59,4.21,1.8,3.13,33,1,1,0
2976,Support,Mid,21,2.16,20.3,9.28,74,3,1,0
2977,Sales,Senior,37,4.01,17.1,3.99,61,2,0,0
2978,Support,Mid,46,1.42,73.2,6.08,54,1,1,1
2979,Finance,Mid,37,4.47,23.8,5.69,19,3,0,1
2980,HR,Mid,29,4.89,41.2,9.28,47,3,0,0
2981,Support,Mid,20,4.32,29.1,9.91,4,2,0,1
2982,Finance,Mid,1,3.12,63.8,3.62,0,0,1,0
2983,Sales,Senior,12,3.57,81.9,1.94,42,2,1,0
2984,HR,Junior,56,3.44,30.2,7.73,43,3,1,1
2985,Engineering,Mid,40,3.56,44.4,6.91,25,0,0,0
2986,Marketing,Junior,24,3.7,24.7,2.76,72,1,0,0
2987,Support,Junior,39,2.0,60.3,3.66,13,1,0,1
2988,Engineering,Senior,15,4.59,81.4,9.35,77,0,0,1
2989,Sales,Junior,43,2.23,47.5,8.55,68,0,1,0
2990,HR,Junior,18,1.64,61.2,1.74,19,1,1,0
2991,Sales,Mid,39,4.28,66.7,9.05,51,1,1,1
2992,HR,Junior,46,2.76,93.8,8.98,41,1,1,1
2993,Marketing,Mid,52,4.06,85.0,5.38,28,1,0,0
2994,Support,Senior,55,1.37,85.7,2.49,57,0,0,0
2995,Support,Mid,54,1.19,89.7,2.18,49,2,0,0
2996,Finance,Senior,37,1.79,89.5,1.7,20,1,0,0
2997,Support,Junior,46,2.64,38.3,5.81,53,1,1,0
2998,Engineering,Junior,37,4.68,30.5,9.82,56,0,0,1
2999,Marketing,Senior,57,2.28,76.9,3.36,44,2,0,0
3000,Sales,Junior,51,4.79,64.2,5.05,40,2,1,1
